[Message:   BepInEx] BepInEx 5.4.23.5 - Inscryption (16/06/2026 15:26:48)
[Info   :   BepInEx] Running under Unity v2019.4.24.6137584
[Info   :   BepInEx] CLR runtime version: 4.0.30319.17020
[Info   :   BepInEx] Supports SRE: False
[Info   :   BepInEx] System platform: Bits64, Windows
[Message:   BepInEx] Preloader started
[Info   :   BepInEx] Loaded 1 patcher method from [BepInEx.Preloader 5.4.23.5]
[Info   :   BepInEx] Loaded 1 patcher method from [BepInEx.MonoMod.Loader 1.0.0.0]
[Info   :   BepInEx] 2 patcher plugins loaded
[Info   :   BepInEx] Patching [UnityEngine.CoreModule] with [BepInEx.Chainloader]
[Info   :   MonoMod] Collecting target assemblies from mods
[Info   :   BepInEx] Patching [Assembly-CSharp] with [BepInEx.MonoMod.Loader.Patcher]
[Message:   MonoMod] [Main] Scanning for mods in directory.
[Message:   MonoMod] [ReadMod] Loading mod dir: C:\Users\Administrador\AppData\Roaming\Thunderstore Mod Manager\DataFolder\Inscryption\profiles\KayceePvP\BepInEx\monomod
[Message:   MonoMod] [ReadMod] Loading mod dir: C:\Users\Administrador\AppData\Roaming\Thunderstore Mod Manager\DataFolder\Inscryption\profiles\KayceePvP\BepInEx\monomod\API_dev-API
[Message:   MonoMod] [ReadMod] Loading mod: C:\Users\Administrador\AppData\Roaming\Thunderstore Mod Manager\DataFolder\Inscryption\profiles\KayceePvP\BepInEx\monomod\API_dev-API\Assembly-CSharp.APIPatcher.mm.dll
[Message:   MonoMod] [Main] Found 1 mods
[Message:   MonoMod] [Main] mm.PatchRefs(); fixup pre-pass
[Message:   MonoMod] [Main] mm.AutoPatch();
[Message:   MonoMod] [AutoPatch] Parsing rules in loaded mods
[Message:   MonoMod] [AutoPatch] PrePatch pass
[Message:   MonoMod] [AutoPatch] Patch pass
[Message:   MonoMod] [AutoPatch] PatchRefs pass
[Message:   MonoMod] [PostProcessor] PostProcessor pass #1
[Message:   MonoMod] [Main] Done.
[Message:   BepInEx] Preloader finished
[Message:   BepInEx] Chainloader ready
[Message:   BepInEx] Chainloader started
[Info   :   BepInEx] 4 plugins to load
[Info   :   BepInEx] Loading [InscryptionAPI 2.24.0]
[Info   :   BepInEx] Loading [InscryptionCommunityPatch 2.24.0]
[Info   :   BepInEx] Loading [KayceePvP 0.1.0]
[Info   : KayceePvP] PvpDialogueOverrides: initialized - 17 event override(s), 4 literal override(s).
[Info   : KayceePvP] SelfCheck: ownership matrix (HOST/PEER x local/remote card, 4/4 cases) passed.
[Info   : KayceePvP] SelfCheck: starter deck gate (multiplayer on/off, 2/2 cases) passed.
[Info   : KayceePvP] SelfCheck: TVFsStarterDecks allowlist (11/11 cases) passed.
[Info   : KayceePvP] SelfCheck: map-mode convergence (shared WaitForPeerDeckThenDuel entry point, no duplicate wait) passed.
[Info   : KayceePvP] SelfCheck: rematch protocol (8/8 cases) passed.
[Info   : KayceePvP] SelfCheck: PvP item allowlist (11/11 cases) passed.
[Info   : KayceePvP] KayceePvP 0.1.0 loaded.
[Info   :   BepInEx] Loading [TVFsStarterDecks 1.0.0]
[Info   :TVFsStarterDecks] Loaded TVFsStarterDecks!
[Message:   BepInEx] Chainloader startup complete
[Info   :   Console] Searching for compatible XInput library...
[Info   :   Console] Found Xinput1_4.dll.
[Info   : Unity Log] Test save file:
[Info   : Unity Log] DiskCardGame.StoryEventsData
[Debug  :InscryptionAPI] Inserted 4 dialogue event(s)!
[Info   : Unity Log] Test save file:
[Info   : Unity Log] DiskCardGame.StoryEventsData
[Info   : Unity Log] Received stats and achievements from Steam

[Debug  :InscryptionCommunityPatch] Ability [Reach] stacks [1] time(s)
[Debug  :InscryptionCommunityPatch] Ability [TriStrike] stacks [1] time(s)
[Debug  :InscryptionCommunityPatch] Ability [DrawAnt] stacks [1] time(s)
[Debug  :InscryptionCommunityPatch] Ability [Flying] stacks [1] time(s)
[Debug  :InscryptionCommunityPatch] Ability [DebuffEnemy] stacks [1] time(s)
[Debug  :InscryptionCommunityPatch] Ability [Submerge] stacks [1] time(s)
[Debug  :InscryptionCommunityPatch] Ability [Evolve] stacks [1] time(s)
[Debug  :InscryptionCommunityPatch] Ability [OpponentBones] stacks [1] time(s)
[Debug  :InscryptionCommunityPatch] Ability [BoneDigger] stacks [1] time(s)
[Debug  :InscryptionCommunityPatch] Ability [Evolve] stacks [1] time(s)
[Debug  :InscryptionCommunityPatch] Ability [TripleBlood] stacks [1] time(s)
[Debug  :InscryptionCommunityPatch] Ability [StrafePush] stacks [1] time(s)
[Debug  :InscryptionCommunityPatch] Ability [WhackAMole] stacks [1] time(s)
[Debug  :InscryptionCommunityPatch] Ability [Reach] stacks [1] time(s)
[Debug  :InscryptionCommunityPatch] Ability [Flying] stacks [1] time(s)
[Debug  :InscryptionCommunityPatch] Ability [Submerge] stacks [1] time(s)
[Debug  :InscryptionCommunityPatch] Ability [Flying] stacks [1] time(s)
[Debug  :InscryptionCommunityPatch] Ability [Submerge] stacks [1] time(s)
[Debug  :InscryptionCommunityPatch] Ability [SubmergeSquid] stacks [1] time(s)
[Debug  :InscryptionCommunityPatch] Ability [OpponentBones] stacks [1] time(s)
[Debug  :InscryptionCommunityPatch] Ability [BoneDigger] stacks [1] time(s)
[Debug  :InscryptionCommunityPatch] Ability [Evolve] stacks [1] time(s)
[Debug  :InscryptionCommunityPatch] Ability [Submerge] stacks [1] time(s)
[Debug  :InscryptionCommunityPatch] Ability [Evolve] stacks [1] time(s)
[Debug  :InscryptionCommunityPatch] Ability [DrawAnt] stacks [1] time(s)
[Debug  :InscryptionCommunityPatch] Ability [Flying] stacks [1] time(s)
[Debug  :InscryptionCommunityPatch] Ability [DebuffEnemy] stacks [1] time(s)
[Debug  :InscryptionCommunityPatch] Ability [TriStrike] stacks [1] time(s)
[Debug  :InscryptionCommunityPatch] Ability [HydraEgg] stacks [1] time(s)
[Debug  :InscryptionCommunityPatch] Ability [HydraEgg] stacks [1] time(s)
[Debug  :InscryptionCommunityPatch] Ability [HydraEgg] stacks [1] time(s)
[Info   : KayceePvP] Card mutation: PackRat -> Rato Curioso (add=[Tutor] negate=[RandomConsumable+RandomAbility]).
[Info   : KayceePvP] Card mutation: Amoeba -> Ameba Alfa (add=[BuffNeighbours] negate=[RandomAbility]).
[Debug  :InscryptionCommunityPatch] Ability [DrawAnt] stacks [1] time(s)
[Debug  :InscryptionCommunityPatch] Ability [Flying] stacks [1] time(s)
[Debug  :InscryptionCommunityPatch] Ability [RandomConsumable] stacks [1] time(s)
[Debug  :InscryptionCommunityPatch] Ability [Morsel] stacks [1] time(s)
[Debug  :InscryptionCommunityPatch] Ability [TailOnHit] stacks [1] time(s)
[Debug  :InscryptionCommunityPatch] Ability [DrawAnt] stacks [1] time(s)
[Debug  :InscryptionCommunityPatch] Ability [Flying] stacks [1] time(s)
[Debug  :InscryptionCommunityPatch] Ability [DrawCopyOnDeath] stacks [1] time(s)
[Debug  :InscryptionCommunityPatch] Ability [BuffNeighbours] stacks [1] time(s)
[Debug  :InscryptionCommunityPatch] Ability [Flying] stacks [1] time(s)
[Debug  :InscryptionCommunityPatch] Ability [DrawCopyOnDeath] stacks [1] time(s)
[Debug  :InscryptionCommunityPatch] Ability [BuffNeighbours] stacks [1] time(s)
[Debug  :InscryptionCommunityPatch] Ability [Flying] stacks [1] time(s)
[Debug  :InscryptionCommunityPatch] Ability [DrawAnt] stacks [1] time(s)
[Debug  :InscryptionCommunityPatch] Ability [Flying] stacks [1] time(s)
[Debug  :InscryptionCommunityPatch] Ability [DrawCopyOnDeath] stacks [1] time(s)
[Debug  :InscryptionCommunityPatch] Ability [BuffNeighbours] stacks [1] time(s)
[Debug  :InscryptionCommunityPatch] Ability [Flying] stacks [1] time(s)
[Warning: Unity Log] Parent of RectTransform is being set with parent property. Consider using the SetParent method instead, with the worldPositionStays argument set to false. This will retain local orientation and scale rather than world orientation and scale, which can prevent common UI scaling issues.
[Warning: Unity Log] Parent of RectTransform is being set with parent property. Consider using the SetParent method instead, with the worldPositionStays argument set to false. This will retain local orientation and scale rather than world orientation and scale, which can prevent common UI scaling issues.
[Info   : KayceePvP] New Ascension run requested - opening PvP lobby before it starts.
[Info   : KayceePvP] Lobby: host set map mode = PeltDraft
[Info   : KayceePvP] Relay: connecting to 'kayceepvp.duckdns.org':443...
[Info   : KayceePvP] Relay: TLS handshake complete.
[Info   : KayceePvP] Relay: paired with peer.
[Info   : KayceePvP] Lobby: run starting, shared map seed = 20260727, matchId = -1913211851, mapMode = PeltDraft, names=[GUS]/[Maion]
[Info   : KayceePvP] Lobby ready - starting PvP run with shared map seed 20260727, matchId -1913211851, mapMode PeltDraft (host goes first: False).
[Info   :InscryptionAPI] Forest
[Info   :InscryptionAPI] Wetlands
[Info   :InscryptionAPI] Alpine
[Info   : KayceePvP] PvP pelt map: filtered 4 forbidden/special card occurrence(s), including Lice/Hrokkall, from Trader/choice pool.
[Info   : KayceePvP] RunSetup: granted starting totem heads for this run.
[Info   : KayceePvP] Pelt Draft: starting batch granted (3 Rabbit, 2 Wolf, 1 Golden).
[Warning: Singleton] Got null in Singleton<DiskCardGame.TurnManager>.FindInstance
[Warning: Singleton] Got null in Singleton<DiskCardGame.TurnManager>.FindInstance
[Warning: Singleton] Got null in Singleton<DiskCardGame.TurnManager>.FindInstance
[Warning: Singleton] Got null in Singleton<DiskCardGame.TurnManager>.FindInstance
[Warning: Singleton] Got null in Singleton<DiskCardGame.TurnManager>.FindInstance
[Warning: Singleton] Got null in Singleton<DiskCardGame.TurnManager>.FindInstance
[Warning: Singleton] Got null in Singleton<DiskCardGame.TurnManager>.FindInstance
[Warning: Singleton] Got null in Singleton<DiskCardGame.TurnManager>.FindInstance
[Warning: Singleton] Got null in Singleton<DiskCardGame.TurnManager>.FindInstance
[Warning: Singleton] Got null in Singleton<DiskCardGame.TurnManager>.FindInstance
[Warning: Singleton] Got null in Singleton<DiskCardGame.TurnManager>.FindInstance
[Warning: Singleton] Got null in Singleton<DiskCardGame.TurnManager>.FindInstance
[Warning: Singleton] Got null in Singleton<DiskCardGame.TurnManager>.FindInstance
[Info   : Unity Log] Test save file:
[Info   : Unity Log] DiskCardGame.StoryEventsData
[Warning: Singleton] Got null in Singleton<DiskCardGame.TurnManager>.FindInstance
[Warning: Singleton] Got null in Singleton<DiskCardGame.TurnManager>.FindInstance
[Warning: Singleton] Got null in Singleton<DiskCardGame.TurnManager>.FindInstance
[Warning: Singleton] Got null in Singleton<DiskCardGame.TurnManager>.FindInstance
[Warning: Singleton] Got null in Singleton<DiskCardGame.TurnManager>.FindInstance
[Warning: Singleton] Got null in Singleton<DiskCardGame.TurnManager>.FindInstance
[Warning: Singleton] Got null in Singleton<DiskCardGame.TurnManager>.FindInstance
[Warning: Singleton] Got null in Singleton<DiskCardGame.TurnManager>.FindInstance
[Warning: Singleton] Got null in Singleton<DiskCardGame.TurnManager>.FindInstance
[Warning: Singleton] Got null in Singleton<DiskCardGame.TurnManager>.FindInstance
[Warning: Singleton] Got null in Singleton<DiskCardGame.TurnManager>.FindInstance
[Warning: Singleton] Got null in Singleton<DiskCardGame.TurnManager>.FindInstance
[Warning: Singleton] Got null in Singleton<DiskCardGame.TurnManager>.FindInstance
[Warning: Singleton] Got null in Singleton<DiskCardGame.TurnManager>.FindInstance
[Warning: Singleton] Got null in Singleton<DiskCardGame.TurnManager>.FindInstance
[Warning: Singleton] Got null in Singleton<DiskCardGame.TurnManager>.FindInstance
[Warning: Singleton] Got null in Singleton<DiskCardGame.TurnManager>.FindInstance
[Warning: Singleton] Got null in Singleton<DiskCardGame.TurnManager>.FindInstance
[Warning: Singleton] Got null in Singleton<DiskCardGame.TurnManager>.FindInstance
[Warning: Singleton] Got null in Singleton<DiskCardGame.TurnManager>.FindInstance
[Warning: Singleton] Got null in Singleton<DiskCardGame.TurnManager>.FindInstance
[Warning: Singleton] Got null in Singleton<DiskCardGame.TurnManager>.FindInstance
[Warning: Singleton] Got null in Singleton<DiskCardGame.TurnManager>.FindInstance
[Warning: Singleton] Got null in Singleton<DiskCardGame.TurnManager>.FindInstance
[Warning: Singleton] Got null in Singleton<DiskCardGame.TurnManager>.FindInstance
[Warning: Singleton] Got null in Singleton<DiskCardGame.TurnManager>.FindInstance
[Warning: Singleton] Got null in Singleton<DiskCardGame.TurnManager>.FindInstance
[Warning: Singleton] Got null in Singleton<DiskCardGame.TurnManager>.FindInstance
[Warning: Singleton] Got null in Singleton<DiskCardGame.TurnManager>.FindInstance
[Warning: Singleton] Got null in Singleton<DiskCardGame.TurnManager>.FindInstance
[Warning: Singleton] Got null in Singleton<DiskCardGame.TurnManager>.FindInstance
[Warning: Singleton] Got null in Singleton<DiskCardGame.TurnManager>.FindInstance
[Warning: Singleton] Got null in Singleton<DiskCardGame.TurnManager>.FindInstance
[Warning: Singleton] Got null in Singleton<DiskCardGame.TurnManager>.FindInstance
[Warning: Singleton] Got null in Singleton<DiskCardGame.TurnManager>.FindInstance
[Warning: Singleton] Got null in Singleton<DiskCardGame.TurnManager>.FindInstance
[Warning: Singleton] Got null in Singleton<DiskCardGame.TurnManager>.FindInstance
[Warning: Singleton] Got null in Singleton<DiskCardGame.TurnManager>.FindInstance
[Warning: Singleton] Got null in Singleton<DiskCardGame.TurnManager>.FindInstance
[Warning: Singleton] Got null in Singleton<DiskCardGame.TurnManager>.FindInstance
[Warning: Singleton] Got null in Singleton<DiskCardGame.TurnManager>.FindInstance
[Warning: Singleton] Got null in Singleton<DiskCardGame.TurnManager>.FindInstance
[Warning: Singleton] Got null in Singleton<DiskCardGame.TurnManager>.FindInstance
[Warning: Singleton] Got null in Singleton<DiskCardGame.TurnManager>.FindInstance
[Warning: Singleton] Got null in Singleton<DiskCardGame.TurnManager>.FindInstance
[Warning: Singleton] Got null in Singleton<DiskCardGame.TurnManager>.FindInstance
[Warning: Singleton] Got null in Singleton<DiskCardGame.TurnManager>.FindInstance
[Warning: Singleton] Got null in Singleton<DiskCardGame.TurnManager>.FindInstance
[Warning: Singleton] Got null in Singleton<DiskCardGame.TurnManager>.FindInstance
[Warning: Singleton] Got null in Singleton<DiskCardGame.TurnManager>.FindInstance
[Warning: Singleton] Got null in Singleton<DiskCardGame.TurnManager>.FindInstance
[Warning: Singleton] Got null in Singleton<DiskCardGame.TurnManager>.FindInstance
[Debug  :InscryptionCommunityPatch] Card pool has Energy cards? False. Card pool has Gem cards? False.
[Info   : KayceePvP] Duel (totem): RunState.Run.totems changed | SELF=PEER count=0 totemTops=5 totemBottoms=0 assembled=[]
[Warning: Singleton] Got null in Singleton<DiskCardGame.MapNodeManager>.FindInstance
[Warning: Singleton] Got null in Singleton<DiskCardGame.MapNodeManager>.FindInstance
[Error  : Unity Log] ArgumentOutOfRangeException: Index was out of range. Must be non-negative and less than the size of the collection.
Parameter name: index
Stack trace:
System.ThrowHelper.ThrowArgumentOutOfRangeException (System.ExceptionArgument argument, System.ExceptionResource resource) (at <44afb4564e9347cf99a1865351ea8f4a>:0)
System.ThrowHelper.ThrowArgumentOutOfRangeException () (at <44afb4564e9347cf99a1865351ea8f4a>:0)
AnimatingSprite.SetFrame (System.Int32 frameIndex) (at <4bde92741da1454db82522c215e393a6>:0)
AnimatingSprite.IterateFrame () (at <4bde92741da1454db82522c215e393a6>:0)
AnimatingSprite.ManagedUpdate () (at <4bde92741da1454db82522c215e393a6>:0)
FrameLoopManager.ExecuteIteration (FrameLoopManager+IterationType type) (at <4bde92741da1454db82522c215e393a6>:0)
FrameLoopManager.Update () (at <4bde92741da1454db82522c215e393a6>:0)

[Info   : KayceePvP] Pelt Draft: deck normalized at first Trader boundary; third-party starter cards removed.
[Info   : KayceePvP] PvP pelt map: filtered 3 forbidden/special card occurrence(s), including Lice/Hrokkall, from Trader/choice pool.
[Info   : KayceePvP] PvP pelt map: filtered 3 forbidden/special card occurrence(s), including Lice/Hrokkall, from Trader/choice pool.
[Info   : KayceePvP] PvP pelt map: filtered 3 forbidden/special card occurrence(s), including Lice/Hrokkall, from Trader/choice pool.
[Info   : KayceePvP] PvP pelt map: filtered 3 forbidden/special card occurrence(s), including Lice/Hrokkall, from Trader/choice pool.
[Info   : KayceePvP] Card mutation: Amoeba -> Ameba Alfa (add=[BuffNeighbours] negate=[RandomAbility]).
[Info   : KayceePvP] Card mutation: PackRat -> Rato Curioso (add=[Tutor] negate=[RandomConsumable+RandomAbility]).
[Info   : KayceePvP] PvP pelt map: filtered 4 forbidden/special card occurrence(s), including Lice/Hrokkall, from Trader/choice pool.
[Info   : KayceePvP] Card mutation: Amoeba -> Ameba Alfa (add=[BuffNeighbours] negate=[RandomAbility]).
[Info   : KayceePvP] Card mutation: PackRat -> Rato Curioso (add=[Tutor] negate=[RandomConsumable+RandomAbility]).
[Info   : KayceePvP] PvP pelt map: filtered 4 forbidden/special card occurrence(s), including Lice/Hrokkall, from Trader/choice pool.
[Info   : KayceePvP] Pelt Draft: second batch granted (3 Rabbit, 2 Wolf, 1 Golden).
[Info   : KayceePvP] PvP pelt map: filtered 3 forbidden/special card occurrence(s), including Lice/Hrokkall, from Trader/choice pool.
[Info   : KayceePvP] PvP pelt map: filtered 3 forbidden/special card occurrence(s), including Lice/Hrokkall, from Trader/choice pool.
[Info   : KayceePvP] Lobby: opponent finished their boss - received their deck (14 cards, route=, risk=Cuckoo:CreateEgg).
[Info   : KayceePvP] PvP pelt map: filtered 3 forbidden/special card occurrence(s), including Lice/Hrokkall, from Trader/choice pool.
[Info   : KayceePvP] PvP pelt map: filtered 3 forbidden/special card occurrence(s), including Lice/Hrokkall, from Trader/choice pool.
[Info   : KayceePvP] Card mutation: Amoeba -> Ameba Alfa (add=[BuffNeighbours] negate=[RandomAbility]).
[Info   : KayceePvP] Card mutation: PackRat -> Rato Curioso (add=[Tutor] negate=[RandomConsumable+RandomAbility]).
[Info   : KayceePvP] PvP pelt map: filtered 4 forbidden/special card occurrence(s), including Lice/Hrokkall, from Trader/choice pool.
[Info   : KayceePvP] Card mutation: Amoeba -> Ameba Alfa (add=[BuffNeighbours] negate=[RandomAbility]).
[Info   : KayceePvP] Card mutation: PackRat -> Rato Curioso (add=[Tutor] negate=[RandomConsumable+RandomAbility]).
[Info   : KayceePvP] PvP pelt map: filtered 4 forbidden/special card occurrence(s), including Lice/Hrokkall, from Trader/choice pool.
[Info   : KayceePvP] Card mutation: Amoeba -> Ameba Alfa (add=[BuffNeighbours] negate=[RandomAbility]).
[Info   : KayceePvP] Card mutation: Amoeba -> Ameba Alfa (add=[BuffNeighbours] negate=[RandomAbility]).
[Info   : KayceePvP] Card mutation: PackRat -> Rato Curioso (add=[Tutor] negate=[RandomConsumable+RandomAbility]).
[Info   : KayceePvP] PvP pelt map: filtered 4 forbidden/special card occurrence(s), including Lice/Hrokkall, from Trader/choice pool.
[Info   : KayceePvP] Pelt Draft: final batch granted (2 Rabbit).
[Info   : KayceePvP] PvP pelt map: filtered 3 forbidden/special card occurrence(s), including Lice/Hrokkall, from Trader/choice pool.
[Info   : KayceePvP] PvP pelt map: filtered 3 forbidden/special card occurrence(s), including Lice/Hrokkall, from Trader/choice pool.
[Info   : KayceePvP] PvP (sem batalhas): rota local concluída (14 cartas) - iniciando o handoff compartilhado.
[Info   : KayceePvP] Lobby: sent our deck (14 cards, route=) to the opponent, waiting for theirs...
[Info   : KayceePvP] PvP handoff: peer deck received (14 cards) - continuing to the duel.
[Info   : KayceePvP] PvP handoff: already in the gameplay scene - skipping the scene reload, going straight to the ready screen.
[Info   : KayceePvP] Duel (combat): CombatResolutionSignalPatch.ResetForMatch - reason='PrepareForMatch(-1913211851)', generation 0 -> 0.
[Info   : KayceePvP] Duel: prepared for match -1913211851 - sequence/turn counters reset.
[Info   : KayceePvP] Duel (lobby-match): INTERBATTLE_RELOAD_LATCH_OFF | match=0 battle=1
[Info   : KayceePvP] Duel (interbattle): ResetBattleFlowForMatch - reason='PvpCardCreationFlow.ShowReadyScreenAndCountdown (real ready phase)', matchId 0 -> -1913211851, _handledBattle 0 -> 0.
[Info   : KayceePvP] Pelt Draft: final deck validated (14 cards, 0 pelts).
[Info   : KayceePvP] PvP: duel_begin confirmed by host protocol - starting the duel now.
[Info   : KayceePvP] PvP items: replaced preparation inventory with exactly one SquirrelBottle for series -1913211851.
[Info   : KayceePvP] Duel (lobby-match): BeginMatch | match=-1913211851 frozenLocalDeckCount=14
[Info   : KayceePvP] Duel: ARMED_TURN_OWNERSHIP | self=PEER match=-1913211851 battle=1 hostGoesFirstThisBattle=False soloDebugMode=False localFirstTurn=0 expectedOutgoing=0 expectedIncoming=1
[Info   : KayceePvP] Duel: starting with 14 cards.
[Info   : KayceePvP] Duel (totem): SNAPSHOT at battle begin (battle 1) | matchId=-1913211851 battleNumber=1 SELF=PEER ownTotems=[none]
[Warning: Singleton] Got null in Singleton<DiskCardGame.ConduitCircuitManager>.FindInstance
[Info   : KayceePvP] Duel (deck-shuffle): role=PEER matchId=-1913211851 battleNumber=1 seed=1859019345 firstPicks=[Squirrel,Squirrel,Squirrel]
[Info   : KayceePvP] Duel (deck-shuffle): role=PEER matchId=-1913211851 battleNumber=1 seed=1859019345 firstPicks=[Beehive,Beehive,Cuckoo]
[Info   : KayceePvP] DIAG PlayerIsWinner | role=PEER result=False opponent.NumLives=1 opponent.Surrendered=False
[Info   : KayceePvP] DIAG GameIsOver | role=PEER result=False balance=0 opponent.NumLives=1 opponent.Surrendered=False PlayerSurrendered=False MatchEnded=False
[Info   : KayceePvP] Duel: SENDING | match=-1913211851 turn=0 seq=0 sender=PEER type=card_played card=Squirrel slot=1
[Info   : KayceePvP] Duel: LOCAL STATE HASH | match=-1913211851 forSeq=0 basedOnActionFromHost=False hash=JEFhJjS56OsEtg3I state=[HOST=[EMPTY;EMPTY;EMPTY;EMPTY] PEER=[EMPTY;Squirrel/0/1/[];EMPTY;EMPTY] BAL=0 TURN=0 BATTLE=1 HW=0 PW=0]
[Info   : KayceePvP] Duel: TRACE_HANDLE_MESSAGE | self=PEER sender=HOST type=duel_state_hash match=-1913211851 battle=1 turn=0 seq=0 currentTurn=0 isPlayerTurn=True netTransitMsApprox=426,5
[Info   : KayceePvP] Duel: RECEIVED PEER HASH | match=-1913211851 sender=HOST forSeq=0 basedOnActionFromHost=False hash=JEFhJjS56OsEtg3I
[Info   : KayceePvP] Duel: STATE HASH MATCH | match=-1913211851 forSeq=0 basedOnActionFromHost=False hash=JEFhJjS56OsEtg3I
[Info   : KayceePvP] Duel: captured sacrifice of 'Squirrel' at slot 1 - will attach to the next card_played broadcast.
[Info   : KayceePvP] Duel (card-sync): SEND card='Beehive' | SELF=PEER BASE=[BeesOnHit] PERMANENT_MOD_ABILITIES=[DrawCopy] PERMANENT_MOD_NEGATIONS=[] TEMPORARY_MOD_ABILITIES=[] EFFECTIVE=[2+9] WIRE=[2+9] hasTotemAbility=False
[Info   : KayceePvP] Duel: SENDING | match=-1913211851 turn=0 seq=2 sender=PEER type=card_played card=Beehive slot=1 sacrificedSlots=[1]
[Info   : KayceePvP] Duel: LOCAL STATE HASH | match=-1913211851 forSeq=2 basedOnActionFromHost=False hash=Ci/umYvMCzYkpCXV state=[HOST=[EMPTY;EMPTY;EMPTY;EMPTY] PEER=[EMPTY;Beehive/0/2/[2,9];EMPTY;EMPTY] BAL=0 TURN=0 BATTLE=1 HW=0 PW=0]
[Info   : KayceePvP] Duel (ownership): DrawCreatedCard fired | ABSOLUTE_OWNER=PEER LOCAL_SIDE=PLAYER SELF=PEER ABILITY=DrawCreatedCard card='Beehive' -> proceeding (local card).
[Warning:InscryptionAPI] More than 1 card are using the same CardInfo. This can cause unexpected problems with dynamic costs! Beehive
[Info   : KayceePvP] Duel: TRACE_HANDLE_MESSAGE | self=PEER sender=HOST type=duel_state_hash match=-1913211851 battle=1 turn=0 seq=1 currentTurn=0 isPlayerTurn=True netTransitMsApprox=436,3
[Info   : KayceePvP] Duel: RECEIVED PEER HASH | match=-1913211851 sender=HOST forSeq=2 basedOnActionFromHost=False hash=Ci/umYvMCzYkpCXV
[Info   : KayceePvP] Duel: STATE HASH MATCH | match=-1913211851 forSeq=2 basedOnActionFromHost=False hash=Ci/umYvMCzYkpCXV
[Info   : KayceePvP] Duel: SENDING | match=-1913211851 turn=0 seq=4 sender=PEER type=card_played card=Squirrel slot=2
[Info   : KayceePvP] Duel: LOCAL STATE HASH | match=-1913211851 forSeq=4 basedOnActionFromHost=False hash=6WQL4RxmrsvgYRms state=[HOST=[EMPTY;EMPTY;EMPTY;EMPTY] PEER=[EMPTY;Beehive/0/2/[2,9];Squirrel/0/1/[];EMPTY] BAL=0 TURN=0 BATTLE=1 HW=0 PW=0]
[Info   : KayceePvP] Duel: TRACE_HANDLE_MESSAGE | self=PEER sender=HOST type=duel_state_hash match=-1913211851 battle=1 turn=0 seq=2 currentTurn=0 isPlayerTurn=True netTransitMsApprox=451,8
[Info   : KayceePvP] Duel: RECEIVED PEER HASH | match=-1913211851 sender=HOST forSeq=4 basedOnActionFromHost=False hash=6WQL4RxmrsvgYRms
[Info   : KayceePvP] Duel: STATE HASH MATCH | match=-1913211851 forSeq=4 basedOnActionFromHost=False hash=6WQL4RxmrsvgYRms
[Info   : KayceePvP] Duel: captured sacrifice of 'Squirrel' at slot 2 - will attach to the next card_played broadcast.
[Info   : KayceePvP] Duel (card-sync): SEND card='Cuckoo' | SELF=PEER BASE=[Flying+CreateEgg] PERMANENT_MOD_ABILITIES=[SplitStrike] PERMANENT_MOD_NEGATIONS=[] TEMPORARY_MOD_ABILITIES=[] EFFECTIVE=[19+99+24] WIRE=[19+99+24] hasTotemAbility=False
[Info   : KayceePvP] Duel: SENDING | match=-1913211851 turn=0 seq=6 sender=PEER type=card_played card=Cuckoo slot=2 sacrificedSlots=[2]
[Info   : KayceePvP] Duel: LOCAL STATE HASH | match=-1913211851 forSeq=6 basedOnActionFromHost=False hash=xvt5JkiIqpwsGM2v state=[HOST=[EMPTY;EMPTY;EMPTY;EMPTY] PEER=[EMPTY;Beehive/0/2/[2,9];Cuckoo/1/1/[19,24,99];EMPTY] BAL=0 TURN=0 BATTLE=1 HW=0 PW=0]
[Info   : KayceePvP] Duel: TRACE_HANDLE_MESSAGE | self=PEER sender=HOST type=duel_state_hash match=-1913211851 battle=1 turn=0 seq=3 currentTurn=0 isPlayerTurn=True netTransitMsApprox=430,1
[Info   : KayceePvP] Duel: RECEIVED PEER HASH | match=-1913211851 sender=HOST forSeq=6 basedOnActionFromHost=False hash=f7629D1qMSNz6mhr
[Error  : KayceePvP] Duel: STATE HASH MISMATCH | match=-1913211851 forSeq=6 basedOnActionFromHost=False localHash=xvt5JkiIqpwsGM2v peerHash=f7629D1qMSNz6mhr
[Error  : KayceePvP] Duel: local state dump (forSeq=6) | HOST=[EMPTY;EMPTY;EMPTY;EMPTY] PEER=[EMPTY;Beehive/0/2/[2,9];Cuckoo/1/1/[19,24,99];EMPTY] BAL=0 TURN=0 BATTLE=1 HW=0 PW=0
[Info   : KayceePvP] Duel: SENDING | match=-1913211851 turn=0 seq=8 sender=PEER type=end_turn cardsPlayedThisTurn=4
[Info   : KayceePvP] Duel (combat): COMBAT_PHASE_STARTED | self=PEER generation=1 playerIsAttacker=True
[Info   : KayceePvP] Duel (combat): COMBAT_PHASE_RESOLVED | self=PEER generation=1 playerIsAttacker=True
[Info   : KayceePvP] Duel (ability-trigger): GlobalTriggerHandler.TriggerCardsOnBoard(Trigger.TurnEnd) DISPATCHED | SELF=PEER playerTurnEndArg=True
[Info   : KayceePvP] Duel: LOCAL STATE HASH | match=-1913211851 forSeq=8 basedOnActionFromHost=False hash=t5w4+3ttOJ+quuY9 state=[HOST=[EMPTY;EMPTY;RavenEgg/0/2/[5];EMPTY] PEER=[EMPTY;Beehive/0/2/[2,9];Cuckoo/1/1/[19,24,99];EMPTY] BAL=-2 TURN=1 BATTLE=1 HW=0 PW=0]
[Info   : KayceePvP] Duel: TRACE_HANDLE_MESSAGE | self=PEER sender=HOST type=duel_state_hash match=-1913211851 battle=1 turn=1 seq=4 currentTurn=1 isPlayerTurn=False netTransitMsApprox=443,3
[Info   : KayceePvP] Duel: RECEIVED PEER HASH | match=-1913211851 sender=HOST forSeq=8 basedOnActionFromHost=False hash=t5w4+3ttOJ+quuY9
[Info   : KayceePvP] Duel: STATE HASH MATCH | match=-1913211851 forSeq=8 basedOnActionFromHost=False hash=t5w4+3ttOJ+quuY9
[Info   : KayceePvP] NetworkOpponent: waiting for the peer's turn (4 opponent slots available). gen=1
[Info   : KayceePvP] Duel: TRACE_HANDLE_MESSAGE | self=PEER sender=HOST type=card_played match=-1913211851 battle=1 turn=1 seq=5 currentTurn=1 isPlayerTurn=False netTransitMsApprox=469,3
[Info   : KayceePvP] Duel: RECEIVED | match=-1913211851 battle=1 turn=1 seq=5 sender=HOST type=card_played card=Tadpole slot=1 queueBefore=0 queueAfter=1 currentTurn=1
[Info   : KayceePvP] NetworkOpponent: PROCESSING | gen=1 match=-1913211851 battle=1 turn=1 seq=5 type=card_played queueBefore=1 queueAfter=0 currentTurn=1 isPlayerTurn=False queueDwellMs=11,6
[Info   : KayceePvP] Duel: TRACE_HANDLE_MESSAGE | self=PEER sender=HOST type=duel_state_hash match=-1913211851 battle=1 turn=1 seq=6 currentTurn=1 isPlayerTurn=False netTransitMsApprox=423,0
[Info   : KayceePvP] Duel: RECEIVED PEER HASH | match=-1913211851 sender=HOST forSeq=5 basedOnActionFromHost=True hash=5qigZUyFJNKrvD3b
[Info   : KayceePvP] Duel (card-sync): RECV card='Tadpole' | SELF=PEER RECONSTRUCTED_BASE=[13+5] WIRE=[13+5+9] TO_ADD=[9] TO_NEGATE=[] FINAL_EFFECTIVE=[13+5+9]
[Info   : KayceePvP] NetworkOpponent: queueing 'Tadpole' onto opponent slot 1.
[Info   : KayceePvP] Duel (ownership): suppressed DrawCreatedCard's card-to-hand | ABSOLUTE_OWNER=HOST LOCAL_SIDE=OPPONENT SELF=PEER ABILITY=DrawCreatedCard card='Tadpole' - would have wrongly gone to the local player's hand.
[Info   : KayceePvP] Duel: LOCAL STATE HASH | match=-1913211851 forSeq=5 basedOnActionFromHost=True hash=5qigZUyFJNKrvD3b state=[HOST=[EMPTY;Tadpole/0/1/[5,9,13];Raven/2/3/[19];EMPTY] PEER=[EMPTY;Beehive/0/2/[2,9];Cuckoo/1/1/[19,24,99];EMPTY] BAL=-2 TURN=1 BATTLE=1 HW=0 PW=0]
[Info   : KayceePvP] Duel: STATE HASH MATCH | match=-1913211851 forSeq=5 basedOnActionFromHost=True hash=5qigZUyFJNKrvD3b
[Info   : KayceePvP] Duel: TRACE_HANDLE_MESSAGE | self=PEER sender=HOST type=card_played match=-1913211851 battle=1 turn=1 seq=7 currentTurn=1 isPlayerTurn=False netTransitMsApprox=425,4
[Info   : KayceePvP] Duel: RECEIVED | match=-1913211851 battle=1 turn=1 seq=7 sender=HOST type=card_played card=Tadpole slot=3 queueBefore=0 queueAfter=1 currentTurn=1
[Info   : KayceePvP] NetworkOpponent: PROCESSING | gen=1 match=-1913211851 battle=1 turn=1 seq=7 type=card_played queueBefore=1 queueAfter=0 currentTurn=1 isPlayerTurn=False queueDwellMs=9,8
[Info   : KayceePvP] Duel (card-sync): RECV card='Tadpole' | SELF=PEER RECONSTRUCTED_BASE=[13+5] WIRE=[13+5] TO_ADD=[] TO_NEGATE=[] FINAL_EFFECTIVE=[13+5]
[Info   : KayceePvP] NetworkOpponent: queueing 'Tadpole' onto opponent slot 3.
[Info   : KayceePvP] Duel: TRACE_HANDLE_MESSAGE | self=PEER sender=HOST type=duel_state_hash match=-1913211851 battle=1 turn=1 seq=8 currentTurn=1 isPlayerTurn=False netTransitMsApprox=433,3
[Info   : KayceePvP] Duel: RECEIVED PEER HASH | match=-1913211851 sender=HOST forSeq=7 basedOnActionFromHost=True hash=zcH9vxhHVGpKR3Gu
[Info   : KayceePvP] Duel: LOCAL STATE HASH | match=-1913211851 forSeq=7 basedOnActionFromHost=True hash=FtlUMHwgZ5CiKuc8 state=[HOST=[EMPTY;Tadpole/0/1/[5,9,13];Raven/2/3/[19];Tadpole/0/1/[5,13]] PEER=[EMPTY;Beehive/0/2/[2,9];Cuckoo/1/1/[19,24,99];EMPTY] BAL=-2 TURN=1 BATTLE=1 HW=0 PW=0]
[Error  : KayceePvP] Duel: STATE HASH MISMATCH | match=-1913211851 forSeq=7 basedOnActionFromHost=True localHash=FtlUMHwgZ5CiKuc8 peerHash=zcH9vxhHVGpKR3Gu
[Error  : KayceePvP] Duel: local state dump (forSeq=7) | HOST=[EMPTY;Tadpole/0/1/[5,9,13];Raven/2/3/[19];Tadpole/0/1/[5,13]] PEER=[EMPTY;Beehive/0/2/[2,9];Cuckoo/1/1/[19,24,99];EMPTY] BAL=-2 TURN=1 BATTLE=1 HW=0 PW=0
[Info   : KayceePvP] Duel: TRACE_HANDLE_MESSAGE | self=PEER sender=HOST type=card_played match=-1913211851 battle=1 turn=1 seq=9 currentTurn=1 isPlayerTurn=False netTransitMsApprox=430,8
[Info   : KayceePvP] Duel: RECEIVED | match=-1913211851 battle=1 turn=1 seq=9 sender=HOST type=card_played card=Beehive slot=0 queueBefore=0 queueAfter=1 currentTurn=1
[Info   : KayceePvP] NetworkOpponent: PROCESSING | gen=1 match=-1913211851 battle=1 turn=1 seq=9 type=card_played queueBefore=1 queueAfter=0 currentTurn=1 isPlayerTurn=False queueDwellMs=13,0
[Info   : KayceePvP] NetworkOpponent: applying remote sacrifice at slot 1 ('Tadpole').
[Info   : KayceePvP] Duel: TRACE_HANDLE_MESSAGE | self=PEER sender=HOST type=duel_state_hash match=-1913211851 battle=1 turn=1 seq=10 currentTurn=1 isPlayerTurn=False netTransitMsApprox=442,8
[Info   : KayceePvP] Duel: RECEIVED PEER HASH | match=-1913211851 sender=HOST forSeq=9 basedOnActionFromHost=True hash=Jsr24dR6BOFYAHfe
[Info   : KayceePvP] Duel (card-sync): RECV card='Beehive' | SELF=PEER RECONSTRUCTED_BASE=[2] WIRE=[2+9] TO_ADD=[9] TO_NEGATE=[] FINAL_EFFECTIVE=[2+9]
[Info   : KayceePvP] NetworkOpponent: queueing 'Beehive' onto opponent slot 0.
[Info   : KayceePvP] Duel (ownership): suppressed DrawCreatedCard's card-to-hand | ABSOLUTE_OWNER=HOST LOCAL_SIDE=OPPONENT SELF=PEER ABILITY=DrawCreatedCard card='Beehive' - would have wrongly gone to the local player's hand.
[Info   : KayceePvP] Duel: LOCAL STATE HASH | match=-1913211851 forSeq=9 basedOnActionFromHost=True hash=xLckhpLST/cegpWI state=[HOST=[Beehive/0/2/[2,9];EMPTY;Raven/2/3/[19];Tadpole/0/1/[5,13]] PEER=[EMPTY;Beehive/0/2/[2,9];Cuckoo/1/1/[19,24,99];EMPTY] BAL=-2 TURN=1 BATTLE=1 HW=0 PW=0]
[Error  : KayceePvP] Duel: STATE HASH MISMATCH | match=-1913211851 forSeq=9 basedOnActionFromHost=True localHash=xLckhpLST/cegpWI peerHash=Jsr24dR6BOFYAHfe
[Error  : KayceePvP] Duel: local state dump (forSeq=9) | HOST=[Beehive/0/2/[2,9];EMPTY;Raven/2/3/[19];Tadpole/0/1/[5,13]] PEER=[EMPTY;Beehive/0/2/[2,9];Cuckoo/1/1/[19,24,99];EMPTY] BAL=-2 TURN=1 BATTLE=1 HW=0 PW=0
[Info   : KayceePvP] Duel: TRACE_HANDLE_MESSAGE | self=PEER sender=HOST type=card_played match=-1913211851 battle=1 turn=1 seq=11 currentTurn=1 isPlayerTurn=False netTransitMsApprox=434,4
[Info   : KayceePvP] Duel: RECEIVED | match=-1913211851 battle=1 turn=1 seq=11 sender=HOST type=card_played card=Beehive slot=3 queueBefore=0 queueAfter=1 currentTurn=1
[Info   : KayceePvP] NetworkOpponent: PROCESSING | gen=1 match=-1913211851 battle=1 turn=1 seq=11 type=card_played queueBefore=1 queueAfter=0 currentTurn=1 isPlayerTurn=False queueDwellMs=11,1
[Info   : KayceePvP] NetworkOpponent: applying remote sacrifice at slot 3 ('Tadpole').
[Info   : KayceePvP] Duel: TRACE_HANDLE_MESSAGE | self=PEER sender=HOST type=duel_state_hash match=-1913211851 battle=1 turn=1 seq=12 currentTurn=1 isPlayerTurn=False netTransitMsApprox=440,5
[Info   : KayceePvP] Duel: RECEIVED PEER HASH | match=-1913211851 sender=HOST forSeq=11 basedOnActionFromHost=True hash=ik42/DspQqrO2aJz
[Info   : KayceePvP] Duel (card-sync): RECV card='Beehive' | SELF=PEER RECONSTRUCTED_BASE=[2] WIRE=[2] TO_ADD=[] TO_NEGATE=[] FINAL_EFFECTIVE=[2]
[Info   : KayceePvP] NetworkOpponent: queueing 'Beehive' onto opponent slot 3.
[Info   : KayceePvP] Duel: LOCAL STATE HASH | match=-1913211851 forSeq=11 basedOnActionFromHost=True hash=Rk1I4RlhxDNKt5m/ state=[HOST=[Beehive/0/2/[2,9];EMPTY;Raven/2/3/[19];Beehive/0/2/[2]] PEER=[EMPTY;Beehive/0/2/[2,9];Cuckoo/1/1/[19,24,99];EMPTY] BAL=-2 TURN=1 BATTLE=1 HW=0 PW=0]
[Error  : KayceePvP] Duel: STATE HASH MISMATCH | match=-1913211851 forSeq=11 basedOnActionFromHost=True localHash=Rk1I4RlhxDNKt5m/ peerHash=ik42/DspQqrO2aJz
[Error  : KayceePvP] Duel: local state dump (forSeq=11) | HOST=[Beehive/0/2/[2,9];EMPTY;Raven/2/3/[19];Beehive/0/2/[2]] PEER=[EMPTY;Beehive/0/2/[2,9];Cuckoo/1/1/[19,24,99];EMPTY] BAL=-2 TURN=1 BATTLE=1 HW=0 PW=0
[Info   : KayceePvP] Duel: TRACE_HANDLE_MESSAGE | self=PEER sender=HOST type=end_turn match=-1913211851 battle=1 turn=1 seq=13 currentTurn=1 isPlayerTurn=False netTransitMsApprox=457,1
[Info   : KayceePvP] Duel: RECEIVED | match=-1913211851 battle=1 turn=1 seq=13 sender=HOST type=end_turn queueBefore=0 queueAfter=1 currentTurn=1
[Info   : KayceePvP] NetworkOpponent: PROCESSING | gen=1 match=-1913211851 battle=1 turn=1 seq=13 type=end_turn queueBefore=1 queueAfter=0 currentTurn=1 isPlayerTurn=False queueDwellMs=5,0
[Info   : KayceePvP] Duel (combat): COMBAT_PHASE_STARTED | self=PEER generation=2 playerIsAttacker=False
[Info   : KayceePvP] Duel: TRACE_HANDLE_MESSAGE | self=PEER sender=HOST type=duel_state_hash match=-1913211851 battle=1 turn=2 seq=14 currentTurn=1 isPlayerTurn=False netTransitMsApprox=428,8
[Info   : KayceePvP] Duel: RECEIVED PEER HASH | match=-1913211851 sender=HOST forSeq=13 basedOnActionFromHost=True hash=mpZD7yXNnz4sBPe7
[Info   : KayceePvP] Duel (combat): COMBAT_PHASE_RESOLVED | self=PEER generation=2 playerIsAttacker=False
[Info   : KayceePvP] Duel (ability-trigger): GlobalTriggerHandler.TriggerCardsOnBoard(Trigger.TurnEnd) DISPATCHED | SELF=PEER playerTurnEndArg=False
[Info   : KayceePvP] Duel: LOCAL STATE HASH | match=-1913211851 forSeq=13 basedOnActionFromHost=True hash=R2e6yV/Nl6sSIHZK state=[HOST=[Beehive/0/2/[2,9];EMPTY;Raven/2/3/[19];Beehive/0/2/[2]] PEER=[EMPTY;Beehive/0/2/[2,9];Cuckoo/1/1/[19,24,99];EMPTY] BAL=0 TURN=2 BATTLE=1 HW=0 PW=0]
[Error  : KayceePvP] Duel: STATE HASH MISMATCH | match=-1913211851 forSeq=13 basedOnActionFromHost=True localHash=R2e6yV/Nl6sSIHZK peerHash=mpZD7yXNnz4sBPe7
[Error  : KayceePvP] Duel: local state dump (forSeq=13) | HOST=[Beehive/0/2/[2,9];EMPTY;Raven/2/3/[19];Beehive/0/2/[2]] PEER=[EMPTY;Beehive/0/2/[2,9];Cuckoo/1/1/[19,24,99];EMPTY] BAL=0 TURN=2 BATTLE=1 HW=0 PW=0
[Info   : KayceePvP] Duel: captured sacrifice of 'Cuckoo' at slot 2 - will attach to the next card_played broadcast.
[Info   : KayceePvP] Duel (card-sync): SEND card='Beehive' | SELF=PEER BASE=[BeesOnHit] PERMANENT_MOD_ABILITIES=[DrawCopy] PERMANENT_MOD_NEGATIONS=[] TEMPORARY_MOD_ABILITIES=[] EFFECTIVE=[2+9] WIRE=[2] hasTotemAbility=False
[Info   : KayceePvP] Duel: SENDING | match=-1913211851 turn=2 seq=15 sender=PEER type=card_played card=Beehive slot=3 sacrificedSlots=[2]
[Info   : KayceePvP] Duel: LOCAL STATE HASH | match=-1913211851 forSeq=15 basedOnActionFromHost=False hash=VhFkOFCTPsKvMedJ state=[HOST=[Beehive/0/2/[2,9];EMPTY;Raven/2/3/[19];Beehive/0/2/[2]] PEER=[EMPTY;Beehive/0/2/[2,9];EMPTY;Beehive/0/2/[2,9]] BAL=0 TURN=2 BATTLE=1 HW=0 PW=0]
[Info   : KayceePvP] Duel: TRACE_HANDLE_MESSAGE | self=PEER sender=HOST type=duel_state_hash match=-1913211851 battle=1 turn=2 seq=15 currentTurn=2 isPlayerTurn=True netTransitMsApprox=422,2
[Info   : KayceePvP] Duel: RECEIVED PEER HASH | match=-1913211851 sender=HOST forSeq=15 basedOnActionFromHost=False hash=f7QlUJ273llFcVPi
[Error  : KayceePvP] Duel: STATE HASH MISMATCH | match=-1913211851 forSeq=15 basedOnActionFromHost=False localHash=VhFkOFCTPsKvMedJ peerHash=f7QlUJ273llFcVPi
[Error  : KayceePvP] Duel: local state dump (forSeq=15) | HOST=[Beehive/0/2/[2,9];EMPTY;Raven/2/3/[19];Beehive/0/2/[2]] PEER=[EMPTY;Beehive/0/2/[2,9];EMPTY;Beehive/0/2/[2,9]] BAL=0 TURN=2 BATTLE=1 HW=0 PW=0
[Info   : KayceePvP] Duel: SENDING | match=-1913211851 turn=2 seq=17 sender=PEER type=card_played card=Tadpole slot=2
[Info   : KayceePvP] Duel: LOCAL STATE HASH | match=-1913211851 forSeq=17 basedOnActionFromHost=False hash=KIgp7Gg8grtgYbIk state=[HOST=[Beehive/0/2/[2,9];EMPTY;Raven/2/3/[19];Beehive/0/2/[2]] PEER=[EMPTY;Beehive/0/2/[2,9];Tadpole/0/1/[5,13];Beehive/0/2/[2,9]] BAL=0 TURN=2 BATTLE=1 HW=0 PW=0]
[Info   : KayceePvP] Duel: TRACE_HANDLE_MESSAGE | self=PEER sender=HOST type=duel_state_hash match=-1913211851 battle=1 turn=2 seq=16 currentTurn=2 isPlayerTurn=True netTransitMsApprox=423,5
[Info   : KayceePvP] Duel: RECEIVED PEER HASH | match=-1913211851 sender=HOST forSeq=17 basedOnActionFromHost=False hash=Rg8Wv69IDHuRKWXP
[Error  : KayceePvP] Duel: STATE HASH MISMATCH | match=-1913211851 forSeq=17 basedOnActionFromHost=False localHash=KIgp7Gg8grtgYbIk peerHash=Rg8Wv69IDHuRKWXP
[Error  : KayceePvP] Duel: local state dump (forSeq=17) | HOST=[Beehive/0/2/[2,9];EMPTY;Raven/2/3/[19];Beehive/0/2/[2]] PEER=[EMPTY;Beehive/0/2/[2,9];Tadpole/0/1/[5,13];Beehive/0/2/[2,9]] BAL=0 TURN=2 BATTLE=1 HW=0 PW=0
[Info   : KayceePvP] Duel: SENDING | match=-1913211851 turn=2 seq=19 sender=PEER type=end_turn cardsPlayedThisTurn=2
[Info   : KayceePvP] Duel (combat): COMBAT_PHASE_STARTED | self=PEER generation=3 playerIsAttacker=True
[Info   : KayceePvP] Duel: TRACE_HANDLE_MESSAGE | self=PEER sender=HOST type=duel_state_hash match=-1913211851 battle=1 turn=3 seq=17 currentTurn=2 isPlayerTurn=True netTransitMsApprox=445,4
[Info   : KayceePvP] Duel: RECEIVED PEER HASH | match=-1913211851 sender=HOST forSeq=19 basedOnActionFromHost=False hash=dDkdwFjNNhsm4pKW
[Info   : KayceePvP] Duel (combat): COMBAT_PHASE_RESOLVED | self=PEER generation=3 playerIsAttacker=True
[Info   : KayceePvP] Duel (ability-trigger): GlobalTriggerHandler.TriggerCardsOnBoard(Trigger.TurnEnd) DISPATCHED | SELF=PEER playerTurnEndArg=True
[Info   : KayceePvP] Duel: LOCAL STATE HASH | match=-1913211851 forSeq=19 basedOnActionFromHost=False hash=WR3ZxATbG3WGYnvH state=[HOST=[Beehive/0/2/[2,9];EMPTY;Raven/2/3/[19];Beehive/0/2/[2]] PEER=[EMPTY;Beehive/0/2/[2,9];Tadpole/0/1/[5,13];Beehive/0/2/[2,9]] BAL=0 TURN=3 BATTLE=1 HW=0 PW=0]
[Error  : KayceePvP] Duel: STATE HASH MISMATCH | match=-1913211851 forSeq=19 basedOnActionFromHost=False localHash=WR3ZxATbG3WGYnvH peerHash=dDkdwFjNNhsm4pKW
[Error  : KayceePvP] Duel: local state dump (forSeq=19) | HOST=[Beehive/0/2/[2,9];EMPTY;Raven/2/3/[19];Beehive/0/2/[2]] PEER=[EMPTY;Beehive/0/2/[2,9];Tadpole/0/1/[5,13];Beehive/0/2/[2,9]] BAL=0 TURN=3 BATTLE=1 HW=0 PW=0
[Info   : KayceePvP] NetworkOpponent: waiting for the peer's turn (4 opponent slots available). gen=2
[Info   : KayceePvP] Duel: TRACE_HANDLE_MESSAGE | self=PEER sender=HOST type=end_turn match=-1913211851 battle=1 turn=3 seq=18 currentTurn=3 isPlayerTurn=False netTransitMsApprox=450,1
[Info   : KayceePvP] Duel: RECEIVED | match=-1913211851 battle=1 turn=3 seq=18 sender=HOST type=end_turn queueBefore=0 queueAfter=1 currentTurn=3
[Info   : KayceePvP] NetworkOpponent: PROCESSING | gen=2 match=-1913211851 battle=1 turn=3 seq=18 type=end_turn queueBefore=1 queueAfter=0 currentTurn=3 isPlayerTurn=False queueDwellMs=5,7
[Info   : KayceePvP] Duel (combat): COMBAT_PHASE_STARTED | self=PEER generation=4 playerIsAttacker=False
[Info   : KayceePvP] Duel: TRACE_HANDLE_MESSAGE | self=PEER sender=HOST type=duel_state_hash match=-1913211851 battle=1 turn=4 seq=19 currentTurn=3 isPlayerTurn=False netTransitMsApprox=411,2
[Info   : KayceePvP] Duel: RECEIVED PEER HASH | match=-1913211851 sender=HOST forSeq=18 basedOnActionFromHost=True hash=iS29498cRnhRtBeK
[Info   : KayceePvP] Duel (combat): COMBAT_PHASE_RESOLVED | self=PEER generation=4 playerIsAttacker=False
[Info   : KayceePvP] Duel (ability-trigger): GlobalTriggerHandler.TriggerCardsOnBoard(Trigger.TurnEnd) DISPATCHED | SELF=PEER playerTurnEndArg=False
[Info   : KayceePvP] Duel: LOCAL STATE HASH | match=-1913211851 forSeq=18 basedOnActionFromHost=True hash=3Y7BmGSsBLqVhKZF state=[HOST=[Beehive/0/2/[2,9];EMPTY;Raven/2/3/[19];Beehive/0/2/[2]] PEER=[EMPTY;Beehive/0/2/[2,9];Tadpole/0/1/[5,13];Beehive/0/2/[2,9]] BAL=2 TURN=4 BATTLE=1 HW=0 PW=0]
[Error  : KayceePvP] Duel: STATE HASH MISMATCH | match=-1913211851 forSeq=18 basedOnActionFromHost=True localHash=3Y7BmGSsBLqVhKZF peerHash=iS29498cRnhRtBeK
[Error  : KayceePvP] Duel: local state dump (forSeq=18) | HOST=[Beehive/0/2/[2,9];EMPTY;Raven/2/3/[19];Beehive/0/2/[2]] PEER=[EMPTY;Beehive/0/2/[2,9];Tadpole/0/1/[5,13];Beehive/0/2/[2,9]] BAL=2 TURN=4 BATTLE=1 HW=0 PW=0
[Info   : KayceePvP] Duel: captured sacrifice of 'Beehive' at slot 3 - will attach to the next card_played broadcast.
[Info   : KayceePvP] Duel: captured sacrifice of 'Beehive' at slot 1 - will attach to the next card_played broadcast.
[Info   : KayceePvP] Duel: SENDING | match=-1913211851 turn=4 seq=22 sender=PEER type=card_played card=Pronghorn slot=3 sacrificedSlots=[3,1]
[Info   : KayceePvP] Duel: LOCAL STATE HASH | match=-1913211851 forSeq=22 basedOnActionFromHost=False hash=TNmg0gQ6nDG5HAiv state=[HOST=[Beehive/0/2/[2,9];EMPTY;Raven/2/3/[19];Beehive/0/2/[2]] PEER=[EMPTY;EMPTY;Bullfrog/1/2/[23];Pronghorn/1/3/[3,24]] BAL=2 TURN=4 BATTLE=1 HW=0 PW=0]
[Info   : KayceePvP] Duel: TRACE_HANDLE_MESSAGE | self=PEER sender=HOST type=duel_state_hash match=-1913211851 battle=1 turn=4 seq=20 currentTurn=4 isPlayerTurn=True netTransitMsApprox=437,8
[Info   : KayceePvP] Duel: RECEIVED PEER HASH | match=-1913211851 sender=HOST forSeq=22 basedOnActionFromHost=False hash=GQzZpZ1D2339XXYu
[Error  : KayceePvP] Duel: STATE HASH MISMATCH | match=-1913211851 forSeq=22 basedOnActionFromHost=False localHash=TNmg0gQ6nDG5HAiv peerHash=GQzZpZ1D2339XXYu
[Error  : KayceePvP] Duel: local state dump (forSeq=22) | HOST=[Beehive/0/2/[2,9];EMPTY;Raven/2/3/[19];Beehive/0/2/[2]] PEER=[EMPTY;EMPTY;Bullfrog/1/2/[23];Pronghorn/1/3/[3,24]] BAL=2 TURN=4 BATTLE=1 HW=0 PW=0
[Info   : KayceePvP] Duel: SENDING | match=-1913211851 turn=4 seq=24 sender=PEER type=end_turn cardsPlayedThisTurn=1
[Info   : KayceePvP] Duel (combat): COMBAT_PHASE_STARTED | self=PEER generation=5 playerIsAttacker=True
[Info   : KayceePvP] Duel (combat): COMBAT_PHASE_RESOLVED | self=PEER generation=5 playerIsAttacker=True
[Info   : KayceePvP] Duel (ability-trigger): GlobalTriggerHandler.TriggerCardsOnBoard(Trigger.TurnEnd) DISPATCHED | SELF=PEER playerTurnEndArg=True
[Info   : KayceePvP] Duel: LOCAL STATE HASH | match=-1913211851 forSeq=24 basedOnActionFromHost=False hash=o5/SFro7Bh7jSxMK state=[HOST=[Beehive/0/2/[2,9];EMPTY;Raven/2/1/[19];Beehive/0/2/[2]] PEER=[EMPTY;EMPTY;Bullfrog/1/2/[23];Pronghorn/1/3/[3,24]] BAL=2 TURN=5 BATTLE=1 HW=0 PW=0]
[Info   : KayceePvP] Duel (ability-trigger): Strafe.RespondsToTurnEnd | ABILITY=Strafe CARD='Pronghorn' CARD_ABSOLUTE_OWNER=PEER LOCAL_SIDE=PLAYER SELF=PEER playerTurnEnd=True RESULT=True
[Info   : KayceePvP] Duel (ability-trigger): Strafe.RespondsToTurnEnd | ABILITY=Strafe CARD='Pronghorn' CARD_ABSOLUTE_OWNER=PEER LOCAL_SIDE=PLAYER SELF=PEER playerTurnEnd=True RESULT=True
[Info   : KayceePvP] Duel (ability-trigger): Strafe.OnTurnEnd STARTED | ABILITY=Strafe CARD='Pronghorn' CARD_ABSOLUTE_OWNER=PEER LOCAL_SIDE=PLAYER SELF=PEER playerTurnEnd=True cardSlot=3
[Info   : KayceePvP] Duel: TRACE_HANDLE_MESSAGE | self=PEER sender=HOST type=duel_state_hash match=-1913211851 battle=1 turn=5 seq=21 currentTurn=5 isPlayerTurn=True netTransitMsApprox=413,6
[Info   : KayceePvP] Duel: RECEIVED PEER HASH | match=-1913211851 sender=HOST forSeq=24 basedOnActionFromHost=False hash=cH5Sj+wBMTJu67dS
[Error  : KayceePvP] Duel: STATE HASH MISMATCH | match=-1913211851 forSeq=24 basedOnActionFromHost=False localHash=o5/SFro7Bh7jSxMK peerHash=cH5Sj+wBMTJu67dS
[Error  : KayceePvP] Duel: local state dump (forSeq=24) | HOST=[Beehive/0/2/[2,9];EMPTY;Raven/2/1/[19];Beehive/0/2/[2]] PEER=[EMPTY;EMPTY;Bullfrog/1/2/[23];Pronghorn/1/3/[3,24]] BAL=2 TURN=5 BATTLE=1 HW=0 PW=0
[Info   : KayceePvP] NetworkOpponent: waiting for the peer's turn (4 opponent slots available). gen=3
[Info   : KayceePvP] Duel: TRACE_HANDLE_MESSAGE | self=PEER sender=HOST type=card_played match=-1913211851 battle=1 turn=5 seq=22 currentTurn=5 isPlayerTurn=False netTransitMsApprox=420,0
[Info   : KayceePvP] Duel: RECEIVED | match=-1913211851 battle=1 turn=5 seq=22 sender=HOST type=card_played card=Pronghorn slot=1 queueBefore=0 queueAfter=1 currentTurn=5
[Info   : KayceePvP] NetworkOpponent: PROCESSING | gen=3 match=-1913211851 battle=1 turn=5 seq=22 type=card_played queueBefore=1 queueAfter=0 currentTurn=5 isPlayerTurn=False queueDwellMs=7,8
[Info   : KayceePvP] NetworkOpponent: applying remote sacrifice at slot 0 ('Beehive').
[Info   : KayceePvP] Duel: TRACE_HANDLE_MESSAGE | self=PEER sender=HOST type=duel_state_hash match=-1913211851 battle=1 turn=5 seq=23 currentTurn=5 isPlayerTurn=False netTransitMsApprox=419,2
[Info   : KayceePvP] Duel: RECEIVED PEER HASH | match=-1913211851 sender=HOST forSeq=22 basedOnActionFromHost=True hash=xDv5JemkBkq8B2q7
[Info   : KayceePvP] NetworkOpponent: applying remote sacrifice at slot 3 ('Beehive').
[Info   : KayceePvP] Duel (card-sync): RECV card='Pronghorn' | SELF=PEER RECONSTRUCTED_BASE=[3+24] WIRE=[3+24] TO_ADD=[] TO_NEGATE=[] FINAL_EFFECTIVE=[3+24]
[Info   : KayceePvP] NetworkOpponent: queueing 'Pronghorn' onto opponent slot 1.
[Info   : KayceePvP] Duel: LOCAL STATE HASH | match=-1913211851 forSeq=22 basedOnActionFromHost=True hash=xDv5JemkBkq8B2q7 state=[HOST=[EMPTY;Pronghorn/1/3/[3,24];Raven/2/1/[19];EMPTY] PEER=[EMPTY;EMPTY;Bullfrog/1/2/[23];Pronghorn/1/3/[3,24]] BAL=2 TURN=5 BATTLE=1 HW=0 PW=0]
[Info   : KayceePvP] Duel: STATE HASH MATCH | match=-1913211851 forSeq=22 basedOnActionFromHost=True hash=xDv5JemkBkq8B2q7
[Info   : KayceePvP] Duel: TRACE_HANDLE_MESSAGE | self=PEER sender=HOST type=card_played match=-1913211851 battle=1 turn=5 seq=24 currentTurn=5 isPlayerTurn=False netTransitMsApprox=432,1
[Info   : KayceePvP] Duel: RECEIVED | match=-1913211851 battle=1 turn=5 seq=24 sender=HOST type=card_played card=Alpha slot=0 queueBefore=0 queueAfter=1 currentTurn=5
[Info   : KayceePvP] NetworkOpponent: PROCESSING | gen=3 match=-1913211851 battle=1 turn=5 seq=24 type=card_played queueBefore=1 queueAfter=0 currentTurn=5 isPlayerTurn=False queueDwellMs=5,0
[Info   : KayceePvP] Duel (card-sync): RECV card='Alpha' | SELF=PEER RECONSTRUCTED_BASE=[34] WIRE=[34] TO_ADD=[] TO_NEGATE=[] FINAL_EFFECTIVE=[34]
[Info   : KayceePvP] NetworkOpponent: queueing 'Alpha' onto opponent slot 0.
[Info   : KayceePvP] Duel: TRACE_HANDLE_MESSAGE | self=PEER sender=HOST type=duel_state_hash match=-1913211851 battle=1 turn=5 seq=25 currentTurn=5 isPlayerTurn=False netTransitMsApprox=436,3
[Info   : KayceePvP] Duel: RECEIVED PEER HASH | match=-1913211851 sender=HOST forSeq=24 basedOnActionFromHost=True hash=+CdUu+l5BVwZAiUJ
[Info   : KayceePvP] Duel: LOCAL STATE HASH | match=-1913211851 forSeq=24 basedOnActionFromHost=True hash=+CdUu+l5BVwZAiUJ state=[HOST=[Alpha/1/2/[34];Pronghorn/2/3/[3,24];Raven/2/1/[19];EMPTY] PEER=[EMPTY;EMPTY;Bullfrog/1/2/[23];Pronghorn/1/3/[3,24]] BAL=2 TURN=5 BATTLE=1 HW=0 PW=0]
[Info   : KayceePvP] Duel: STATE HASH MATCH | match=-1913211851 forSeq=24 basedOnActionFromHost=True hash=+CdUu+l5BVwZAiUJ
[Info   : KayceePvP] Duel: TRACE_HANDLE_MESSAGE | self=PEER sender=HOST type=end_turn match=-1913211851 battle=1 turn=5 seq=26 currentTurn=5 isPlayerTurn=False netTransitMsApprox=440,8
[Info   : KayceePvP] Duel: RECEIVED | match=-1913211851 battle=1 turn=5 seq=26 sender=HOST type=end_turn queueBefore=0 queueAfter=1 currentTurn=5
[Info   : KayceePvP] NetworkOpponent: PROCESSING | gen=3 match=-1913211851 battle=1 turn=5 seq=26 type=end_turn queueBefore=1 queueAfter=0 currentTurn=5 isPlayerTurn=False queueDwellMs=9,0
[Info   : KayceePvP] Duel (combat): COMBAT_PHASE_STARTED | self=PEER generation=6 playerIsAttacker=False
[Info   : KayceePvP] Duel (combat): COMBAT_PHASE_RESOLVED | self=PEER generation=6 playerIsAttacker=False
[Info   : KayceePvP] Duel (ability-trigger): GlobalTriggerHandler.TriggerCardsOnBoard(Trigger.TurnEnd) DISPATCHED | SELF=PEER playerTurnEndArg=False
[Info   : KayceePvP] Duel: LOCAL STATE HASH | match=-1913211851 forSeq=26 basedOnActionFromHost=True hash=momBgFjfxW6kC5Ws state=[HOST=[Alpha/1/2/[34];Pronghorn/2/3/[3,24];Raven/2/1/[19];EMPTY] PEER=[EMPTY;EMPTY;EMPTY;Pronghorn/1/3/[3,24]] BAL=5 TURN=6 BATTLE=1 HW=0 PW=0]
[Info   : KayceePvP] Duel (ability-trigger): Strafe.RespondsToTurnEnd | ABILITY=Strafe CARD='Pronghorn' CARD_ABSOLUTE_OWNER=PEER LOCAL_SIDE=PLAYER SELF=PEER playerTurnEnd=False RESULT=False
[Info   : KayceePvP] Duel (ability-trigger): Strafe.RespondsToTurnEnd | ABILITY=Strafe CARD='Pronghorn' CARD_ABSOLUTE_OWNER=HOST LOCAL_SIDE=OPPONENT SELF=PEER playerTurnEnd=False RESULT=True
[Info   : KayceePvP] Duel (ability-trigger): Strafe.RespondsToTurnEnd | ABILITY=Strafe CARD='Pronghorn' CARD_ABSOLUTE_OWNER=HOST LOCAL_SIDE=OPPONENT SELF=PEER playerTurnEnd=False RESULT=True
[Info   : KayceePvP] Duel (ability-trigger): Strafe.OnTurnEnd STARTED | ABILITY=Strafe CARD='Pronghorn' CARD_ABSOLUTE_OWNER=HOST LOCAL_SIDE=OPPONENT SELF=PEER playerTurnEnd=False cardSlot=1
[Info   : KayceePvP] Duel: TRACE_HANDLE_MESSAGE | self=PEER sender=HOST type=duel_state_hash match=-1913211851 battle=1 turn=6 seq=27 currentTurn=6 isPlayerTurn=True netTransitMsApprox=425,5
[Info   : KayceePvP] Duel: RECEIVED PEER HASH | match=-1913211851 sender=HOST forSeq=26 basedOnActionFromHost=True hash=momBgFjfxW6kC5Ws
[Info   : KayceePvP] Duel: STATE HASH MATCH | match=-1913211851 forSeq=26 basedOnActionFromHost=True hash=momBgFjfxW6kC5Ws
[Info   : KayceePvP] Duel: SENDING | match=-1913211851 turn=6 seq=29 sender=PEER type=card_played card=Squirrel slot=0
[Info   : KayceePvP] Duel: LOCAL STATE HASH | match=-1913211851 forSeq=29 basedOnActionFromHost=False hash=0qrtop4m0LP/Y3AE state=[HOST=[Alpha/1/2/[34];Pronghorn/2/3/[3,24];Raven/2/1/[19];EMPTY] PEER=[Squirrel/0/1/[];EMPTY;EMPTY;Pronghorn/1/3/[3,24]] BAL=5 TURN=6 BATTLE=1 HW=0 PW=0]
[Info   : KayceePvP] Duel: TRACE_HANDLE_MESSAGE | self=PEER sender=HOST type=duel_state_hash match=-1913211851 battle=1 turn=6 seq=28 currentTurn=6 isPlayerTurn=True netTransitMsApprox=425,2
[Info   : KayceePvP] Duel: RECEIVED PEER HASH | match=-1913211851 sender=HOST forSeq=29 basedOnActionFromHost=False hash=0qrtop4m0LP/Y3AE
[Info   : KayceePvP] Duel: STATE HASH MATCH | match=-1913211851 forSeq=29 basedOnActionFromHost=False hash=0qrtop4m0LP/Y3AE
[Info   : KayceePvP] Duel: captured sacrifice of 'Squirrel' at slot 0 - will attach to the next card_played broadcast.
[Info   : KayceePvP] Duel: SENDING | match=-1913211851 turn=6 seq=31 sender=PEER type=card_played card=Beehive slot=0 sacrificedSlots=[0]
[Info   : KayceePvP] Duel: LOCAL STATE HASH | match=-1913211851 forSeq=31 basedOnActionFromHost=False hash=YC3z+xLz/hWnA2Sl state=[HOST=[Alpha/1/2/[34];Pronghorn/2/3/[3,24];Raven/2/1/[19];EMPTY] PEER=[Beehive/0/2/[2];EMPTY;EMPTY;Pronghorn/1/3/[3,24]] BAL=5 TURN=6 BATTLE=1 HW=0 PW=0]
[Info   : KayceePvP] Duel: TRACE_HANDLE_MESSAGE | self=PEER sender=HOST type=duel_state_hash match=-1913211851 battle=1 turn=6 seq=29 currentTurn=6 isPlayerTurn=True netTransitMsApprox=420,4
[Info   : KayceePvP] Duel: RECEIVED PEER HASH | match=-1913211851 sender=HOST forSeq=31 basedOnActionFromHost=False hash=YC3z+xLz/hWnA2Sl
[Info   : KayceePvP] Duel: STATE HASH MATCH | match=-1913211851 forSeq=31 basedOnActionFromHost=False hash=YC3z+xLz/hWnA2Sl
[Info   : KayceePvP] Duel: SENDING | match=-1913211851 turn=6 seq=33 sender=PEER type=end_turn cardsPlayedThisTurn=2
[Info   : KayceePvP] Duel (combat): COMBAT_PHASE_STARTED | self=PEER generation=7 playerIsAttacker=True
[Info   : KayceePvP] Duel (combat): COMBAT_PHASE_RESOLVED | self=PEER generation=7 playerIsAttacker=True
[Info   : KayceePvP] Duel (ability-trigger): GlobalTriggerHandler.TriggerCardsOnBoard(Trigger.TurnEnd) DISPATCHED | SELF=PEER playerTurnEndArg=True
[Info   : KayceePvP] Duel: LOCAL STATE HASH | match=-1913211851 forSeq=33 basedOnActionFromHost=False hash=pVwR6pULLzYHsnmw state=[HOST=[Alpha/1/2/[34];Pronghorn/2/3/[3,24];EMPTY;EMPTY] PEER=[Beehive/0/2/[2];EMPTY;EMPTY;Pronghorn/1/3/[3,24]] BAL=5 TURN=7 BATTLE=1 HW=0 PW=0]
[Info   : KayceePvP] Duel (ability-trigger): Strafe.RespondsToTurnEnd | ABILITY=Strafe CARD='Pronghorn' CARD_ABSOLUTE_OWNER=PEER LOCAL_SIDE=PLAYER SELF=PEER playerTurnEnd=True RESULT=True
[Info   : KayceePvP] Duel (ability-trigger): Strafe.RespondsToTurnEnd | ABILITY=Strafe CARD='Pronghorn' CARD_ABSOLUTE_OWNER=PEER LOCAL_SIDE=PLAYER SELF=PEER playerTurnEnd=True RESULT=True
[Info   : KayceePvP] Duel (ability-trigger): Strafe.OnTurnEnd STARTED | ABILITY=Strafe CARD='Pronghorn' CARD_ABSOLUTE_OWNER=PEER LOCAL_SIDE=PLAYER SELF=PEER playerTurnEnd=True cardSlot=3
[Info   : KayceePvP] Duel: TRACE_HANDLE_MESSAGE | self=PEER sender=HOST type=duel_state_hash match=-1913211851 battle=1 turn=7 seq=30 currentTurn=7 isPlayerTurn=True netTransitMsApprox=427,1
[Info   : KayceePvP] Duel: RECEIVED PEER HASH | match=-1913211851 sender=HOST forSeq=33 basedOnActionFromHost=False hash=pVwR6pULLzYHsnmw
[Info   : KayceePvP] Duel: STATE HASH MATCH | match=-1913211851 forSeq=33 basedOnActionFromHost=False hash=pVwR6pULLzYHsnmw
[Info   : KayceePvP] Duel (ability-trigger): Strafe.RespondsToTurnEnd | ABILITY=Strafe CARD='Pronghorn' CARD_ABSOLUTE_OWNER=HOST LOCAL_SIDE=OPPONENT SELF=PEER playerTurnEnd=True RESULT=False
[Info   : KayceePvP] NetworkOpponent: waiting for the peer's turn (4 opponent slots available). gen=4
[Info   : KayceePvP] Duel: TRACE_HANDLE_MESSAGE | self=PEER sender=HOST type=card_played match=-1913211851 battle=1 turn=7 seq=31 currentTurn=7 isPlayerTurn=False netTransitMsApprox=443,6
[Info   : KayceePvP] Duel: RECEIVED | match=-1913211851 battle=1 turn=7 seq=31 sender=HOST type=card_played card=Squirrel slot=2 queueBefore=0 queueAfter=1 currentTurn=7
[Info   : KayceePvP] NetworkOpponent: PROCESSING | gen=4 match=-1913211851 battle=1 turn=7 seq=31 type=card_played queueBefore=1 queueAfter=0 currentTurn=7 isPlayerTurn=False queueDwellMs=6,4
[Info   : KayceePvP] NetworkOpponent: queueing 'Squirrel' onto opponent slot 2.
[Info   : KayceePvP] Duel: TRACE_HANDLE_MESSAGE | self=PEER sender=HOST type=duel_state_hash match=-1913211851 battle=1 turn=7 seq=32 currentTurn=7 isPlayerTurn=False netTransitMsApprox=440,6
[Info   : KayceePvP] Duel: RECEIVED PEER HASH | match=-1913211851 sender=HOST forSeq=31 basedOnActionFromHost=True hash=H9VQr91E68RtapPB
[Info   : KayceePvP] Duel: LOCAL STATE HASH | match=-1913211851 forSeq=31 basedOnActionFromHost=True hash=H9VQr91E68RtapPB state=[HOST=[Alpha/1/2/[34];Pronghorn/2/3/[3,24];Squirrel/0/1/[];EMPTY] PEER=[Beehive/0/2/[2];EMPTY;Pronghorn/1/3/[3,24];EMPTY] BAL=5 TURN=7 BATTLE=1 HW=0 PW=0]
[Info   : KayceePvP] Duel: STATE HASH MATCH | match=-1913211851 forSeq=31 basedOnActionFromHost=True hash=H9VQr91E68RtapPB
[Info   : KayceePvP] Duel: TRACE_HANDLE_MESSAGE | self=PEER sender=HOST type=card_played match=-1913211851 battle=1 turn=7 seq=33 currentTurn=7 isPlayerTurn=False netTransitMsApprox=431,6
[Info   : KayceePvP] Duel: RECEIVED | match=-1913211851 battle=1 turn=7 seq=33 sender=HOST type=card_played card=MoleMan slot=2 queueBefore=0 queueAfter=1 currentTurn=7
[Info   : KayceePvP] NetworkOpponent: PROCESSING | gen=4 match=-1913211851 battle=1 turn=7 seq=33 type=card_played queueBefore=1 queueAfter=0 currentTurn=7 isPlayerTurn=False queueDwellMs=11,6
[Info   : KayceePvP] NetworkOpponent: applying remote sacrifice at slot 2 ('Squirrel').
[Info   : KayceePvP] Duel: TRACE_HANDLE_MESSAGE | self=PEER sender=HOST type=duel_state_hash match=-1913211851 battle=1 turn=7 seq=34 currentTurn=7 isPlayerTurn=False netTransitMsApprox=438,2
[Info   : KayceePvP] Duel: RECEIVED PEER HASH | match=-1913211851 sender=HOST forSeq=33 basedOnActionFromHost=True hash=6zWzV8wgW7chjQF9
[Info   : KayceePvP] Duel (card-sync): RECV card='MoleMan' | SELF=PEER RECONSTRUCTED_BASE=[8+23] WIRE=[8+23] TO_ADD=[] TO_NEGATE=[] FINAL_EFFECTIVE=[8+23]
[Info   : KayceePvP] NetworkOpponent: queueing 'MoleMan' onto opponent slot 2.
[Info   : KayceePvP] Duel: TRACE_HANDLE_MESSAGE | self=PEER sender=HOST type=end_turn match=-1913211851 battle=1 turn=7 seq=35 currentTurn=7 isPlayerTurn=False netTransitMsApprox=455,0
[Info   : KayceePvP] Duel: RECEIVED | match=-1913211851 battle=1 turn=7 seq=35 sender=HOST type=end_turn queueBefore=0 queueAfter=1 currentTurn=7
[Info   : KayceePvP] Duel: LOCAL STATE HASH | match=-1913211851 forSeq=33 basedOnActionFromHost=True hash=6zWzV8wgW7chjQF9 state=[HOST=[Alpha/1/2/[34];Pronghorn/2/3/[3,24];MoleMan/0/6/[8,23];EMPTY] PEER=[Beehive/0/2/[2];EMPTY;Pronghorn/1/3/[3,24];EMPTY] BAL=5 TURN=7 BATTLE=1 HW=0 PW=0]
[Info   : KayceePvP] Duel: STATE HASH MATCH | match=-1913211851 forSeq=33 basedOnActionFromHost=True hash=6zWzV8wgW7chjQF9
[Info   : KayceePvP] NetworkOpponent: PROCESSING | gen=4 match=-1913211851 battle=1 turn=7 seq=35 type=end_turn queueBefore=1 queueAfter=0 currentTurn=7 isPlayerTurn=False queueDwellMs=158,6
[Info   : KayceePvP] Duel (combat): COMBAT_PHASE_STARTED | self=PEER generation=8 playerIsAttacker=False
[Info   : KayceePvP] Duel (ownership): DrawCreatedCard fired | ABSOLUTE_OWNER=PEER LOCAL_SIDE=PLAYER SELF=PEER ABILITY=DrawCreatedCard card='Beehive' -> proceeding (local card).
[Info   : KayceePvP] Duel: TRACE_HANDLE_MESSAGE | self=PEER sender=HOST type=duel_state_hash match=-1913211851 battle=1 turn=8 seq=36 currentTurn=7 isPlayerTurn=False netTransitMsApprox=460,3
[Info   : KayceePvP] Duel: RECEIVED PEER HASH | match=-1913211851 sender=HOST forSeq=35 basedOnActionFromHost=True hash=LwsbIzlRel0gsaAE
[Info   : KayceePvP] Duel (ownership): DrawCreatedCard fired | ABSOLUTE_OWNER=PEER LOCAL_SIDE=PLAYER SELF=PEER ABILITY=DrawCreatedCard card='Beehive' -> proceeding (local card).
[Info   : KayceePvP] Duel (combat): COMBAT_PHASE_RESOLVED | self=PEER generation=8 playerIsAttacker=False
[Info   : KayceePvP] Duel (ability-trigger): GlobalTriggerHandler.TriggerCardsOnBoard(Trigger.TurnEnd) DISPATCHED | SELF=PEER playerTurnEndArg=False
[Info   : KayceePvP] Duel: LOCAL STATE HASH | match=-1913211851 forSeq=35 basedOnActionFromHost=True hash=LwsbIzlRel0gsaAE state=[HOST=[Alpha/1/2/[34];Pronghorn/2/3/[3,24];MoleMan/0/6/[8,23];EMPTY] PEER=[EMPTY;EMPTY;Pronghorn/1/1/[3,24];EMPTY] BAL=5 TURN=8 BATTLE=1 HW=0 PW=0]
[Info   : KayceePvP] Duel: STATE HASH MATCH | match=-1913211851 forSeq=35 basedOnActionFromHost=True hash=LwsbIzlRel0gsaAE
[Info   : KayceePvP] Duel (ability-trigger): Strafe.RespondsToTurnEnd | ABILITY=Strafe CARD='Pronghorn' CARD_ABSOLUTE_OWNER=PEER LOCAL_SIDE=PLAYER SELF=PEER playerTurnEnd=False RESULT=False
[Info   : KayceePvP] Duel (ability-trigger): Strafe.RespondsToTurnEnd | ABILITY=Strafe CARD='Pronghorn' CARD_ABSOLUTE_OWNER=HOST LOCAL_SIDE=OPPONENT SELF=PEER playerTurnEnd=False RESULT=True
[Info   : KayceePvP] Duel (ability-trigger): Strafe.RespondsToTurnEnd | ABILITY=Strafe CARD='Pronghorn' CARD_ABSOLUTE_OWNER=HOST LOCAL_SIDE=OPPONENT SELF=PEER playerTurnEnd=False RESULT=True
[Info   : KayceePvP] Duel (ability-trigger): Strafe.OnTurnEnd STARTED | ABILITY=Strafe CARD='Pronghorn' CARD_ABSOLUTE_OWNER=HOST LOCAL_SIDE=OPPONENT SELF=PEER playerTurnEnd=False cardSlot=1
[Info   : KayceePvP] Duel: SENDING | match=-1913211851 turn=8 seq=38 sender=PEER type=card_played card=Bee slot=1
[Info   : KayceePvP] Duel: LOCAL STATE HASH | match=-1913211851 forSeq=38 basedOnActionFromHost=False hash=pVuSqs7wqiXp0Z6n state=[HOST=[Alpha/1/2/[34];Pronghorn/2/3/[3,24];MoleMan/0/6/[8,23];EMPTY] PEER=[EMPTY;Bee/1/1/[19];Pronghorn/1/1/[3,24];EMPTY] BAL=5 TURN=8 BATTLE=1 HW=0 PW=0]
[Info   : KayceePvP] Duel: TRACE_HANDLE_MESSAGE | self=PEER sender=HOST type=duel_state_hash match=-1913211851 battle=1 turn=8 seq=37 currentTurn=8 isPlayerTurn=True netTransitMsApprox=432,9
[Info   : KayceePvP] Duel: RECEIVED PEER HASH | match=-1913211851 sender=HOST forSeq=38 basedOnActionFromHost=False hash=pVuSqs7wqiXp0Z6n
[Info   : KayceePvP] Duel: STATE HASH MATCH | match=-1913211851 forSeq=38 basedOnActionFromHost=False hash=pVuSqs7wqiXp0Z6n
[Info   : KayceePvP] Duel: captured sacrifice of 'Bee' at slot 1 - will attach to the next card_played broadcast.
[Info   : KayceePvP] Duel: SENDING | match=-1913211851 turn=8 seq=40 sender=PEER type=card_played card=MantisGod slot=1 sacrificedSlots=[1]
[Info   : KayceePvP] Duel: LOCAL STATE HASH | match=-1913211851 forSeq=40 basedOnActionFromHost=False hash=KelQ2lQDhicO+mdd state=[HOST=[Alpha/1/2/[34];Pronghorn/2/3/[3,24];MoleMan/0/6/[8,23];EMPTY] PEER=[EMPTY;MantisGod/1/1/[25];Pronghorn/1/1/[3,24];EMPTY] BAL=5 TURN=8 BATTLE=1 HW=0 PW=0]
[Info   : KayceePvP] Duel: TRACE_HANDLE_MESSAGE | self=PEER sender=HOST type=duel_state_hash match=-1913211851 battle=1 turn=8 seq=38 currentTurn=8 isPlayerTurn=True netTransitMsApprox=420,5
[Info   : KayceePvP] Duel: RECEIVED PEER HASH | match=-1913211851 sender=HOST forSeq=40 basedOnActionFromHost=False hash=KelQ2lQDhicO+mdd
[Info   : KayceePvP] Duel: STATE HASH MATCH | match=-1913211851 forSeq=40 basedOnActionFromHost=False hash=KelQ2lQDhicO+mdd
[Info   : KayceePvP] Duel: SENDING | match=-1913211851 turn=8 seq=42 sender=PEER type=card_played card=Bee slot=0
[Info   : KayceePvP] Duel: LOCAL STATE HASH | match=-1913211851 forSeq=42 basedOnActionFromHost=False hash=fpQRx6N7fr1SNmxr state=[HOST=[Alpha/1/2/[34];Pronghorn/2/3/[3,24];MoleMan/0/6/[8,23];EMPTY] PEER=[Bee/1/1/[19];MantisGod/1/1/[25];Pronghorn/1/1/[3,24];EMPTY] BAL=5 TURN=8 BATTLE=1 HW=0 PW=0]
[Info   : KayceePvP] Duel: TRACE_HANDLE_MESSAGE | self=PEER sender=HOST type=duel_state_hash match=-1913211851 battle=1 turn=8 seq=39 currentTurn=8 isPlayerTurn=True netTransitMsApprox=425,5
[Info   : KayceePvP] Duel: RECEIVED PEER HASH | match=-1913211851 sender=HOST forSeq=42 basedOnActionFromHost=False hash=fpQRx6N7fr1SNmxr
[Info   : KayceePvP] Duel: STATE HASH MATCH | match=-1913211851 forSeq=42 basedOnActionFromHost=False hash=fpQRx6N7fr1SNmxr
[Info   : KayceePvP] Duel: SENDING | match=-1913211851 turn=8 seq=44 sender=PEER type=end_turn cardsPlayedThisTurn=3
[Info   : KayceePvP] Duel (combat): COMBAT_PHASE_STARTED | self=PEER generation=9 playerIsAttacker=True
[Info   : KayceePvP] Duel: TRACE_HANDLE_MESSAGE | self=PEER sender=HOST type=duel_state_hash match=-1913211851 battle=1 turn=9 seq=40 currentTurn=8 isPlayerTurn=True netTransitMsApprox=434,2
[Info   : KayceePvP] Duel: RECEIVED PEER HASH | match=-1913211851 sender=HOST forSeq=44 basedOnActionFromHost=False hash=QB19SJcv0cAofl9N
[Info   : KayceePvP] Duel (combat): COMBAT_PHASE_RESOLVED | self=PEER generation=9 playerIsAttacker=True
[Info   : KayceePvP] Duel (ability-trigger): GlobalTriggerHandler.TriggerCardsOnBoard(Trigger.TurnEnd) DISPATCHED | SELF=PEER playerTurnEndArg=True
[Info   : KayceePvP] Duel: LOCAL STATE HASH | match=-1913211851 forSeq=44 basedOnActionFromHost=False hash=NbgMKaHENk4Sx9Wu state=[HOST=[Alpha/1/1/[34];Pronghorn/2/1/[3,24];EMPTY;MoleMan/0/4/[8,23]] PEER=[Bee/1/1/[19];MantisGod/1/1/[25];Pronghorn/1/1/[3,24];EMPTY] BAL=5 TURN=9 BATTLE=1 HW=0 PW=0]
[Error  : KayceePvP] Duel: STATE HASH MISMATCH | match=-1913211851 forSeq=44 basedOnActionFromHost=False localHash=NbgMKaHENk4Sx9Wu peerHash=QB19SJcv0cAofl9N
[Error  : KayceePvP] Duel: local state dump (forSeq=44) | HOST=[Alpha/1/1/[34];Pronghorn/2/1/[3,24];EMPTY;MoleMan/0/4/[8,23]] PEER=[Bee/1/1/[19];MantisGod/1/1/[25];Pronghorn/1/1/[3,24];EMPTY] BAL=5 TURN=9 BATTLE=1 HW=0 PW=0
[Info   : KayceePvP] Duel (ability-trigger): Strafe.RespondsToTurnEnd | ABILITY=Strafe CARD='Pronghorn' CARD_ABSOLUTE_OWNER=PEER LOCAL_SIDE=PLAYER SELF=PEER playerTurnEnd=True RESULT=True
[Info   : KayceePvP] Duel (ability-trigger): Strafe.RespondsToTurnEnd | ABILITY=Strafe CARD='Pronghorn' CARD_ABSOLUTE_OWNER=PEER LOCAL_SIDE=PLAYER SELF=PEER playerTurnEnd=True RESULT=True
[Info   : KayceePvP] Duel (ability-trigger): Strafe.OnTurnEnd STARTED | ABILITY=Strafe CARD='Pronghorn' CARD_ABSOLUTE_OWNER=PEER LOCAL_SIDE=PLAYER SELF=PEER playerTurnEnd=True cardSlot=2
[Info   : KayceePvP] Duel (ability-trigger): Strafe.RespondsToTurnEnd | ABILITY=Strafe CARD='Pronghorn' CARD_ABSOLUTE_OWNER=HOST LOCAL_SIDE=OPPONENT SELF=PEER playerTurnEnd=True RESULT=False
[Info   : KayceePvP] NetworkOpponent: waiting for the peer's turn (4 opponent slots available). gen=5
[Info   : KayceePvP] Duel: TRACE_HANDLE_MESSAGE | self=PEER sender=HOST type=card_played match=-1913211851 battle=1 turn=9 seq=41 currentTurn=9 isPlayerTurn=False netTransitMsApprox=425,2
[Info   : KayceePvP] Duel: RECEIVED | match=-1913211851 battle=1 turn=9 seq=41 sender=HOST type=card_played card=WolfCub slot=3 queueBefore=0 queueAfter=1 currentTurn=9
[Info   : KayceePvP] NetworkOpponent: PROCESSING | gen=5 match=-1913211851 battle=1 turn=9 seq=41 type=card_played queueBefore=1 queueAfter=0 currentTurn=9 isPlayerTurn=False queueDwellMs=9,7
[Info   : KayceePvP] NetworkOpponent: applying remote sacrifice at slot 3 ('MoleMan').
[Info   : KayceePvP] Duel: TRACE_HANDLE_MESSAGE | self=PEER sender=HOST type=duel_state_hash match=-1913211851 battle=1 turn=9 seq=42 currentTurn=9 isPlayerTurn=False netTransitMsApprox=423,1
[Info   : KayceePvP] Duel: RECEIVED PEER HASH | match=-1913211851 sender=HOST forSeq=41 basedOnActionFromHost=True hash=5rnhscCy7UvX8U2Y
[Info   : KayceePvP] Duel (card-sync): RECV card='WolfCub' | SELF=PEER RECONSTRUCTED_BASE=[5] WIRE=[5] TO_ADD=[] TO_NEGATE=[] FINAL_EFFECTIVE=[5]
[Info   : KayceePvP] NetworkOpponent: queueing 'WolfCub' onto opponent slot 3.
[Info   : KayceePvP] Duel: LOCAL STATE HASH | match=-1913211851 forSeq=41 basedOnActionFromHost=True hash=+3hxsi1vrzX235xB state=[HOST=[Alpha/1/1/[34];Pronghorn/2/1/[3,24];EMPTY;WolfCub/1/1/[5]] PEER=[Bee/1/1/[19];MantisGod/1/1/[25];EMPTY;Pronghorn/1/1/[3,24]] BAL=5 TURN=9 BATTLE=1 HW=0 PW=0]
[Error  : KayceePvP] Duel: STATE HASH MISMATCH | match=-1913211851 forSeq=41 basedOnActionFromHost=True localHash=+3hxsi1vrzX235xB peerHash=5rnhscCy7UvX8U2Y
[Error  : KayceePvP] Duel: local state dump (forSeq=41) | HOST=[Alpha/1/1/[34];Pronghorn/2/1/[3,24];EMPTY;WolfCub/1/1/[5]] PEER=[Bee/1/1/[19];MantisGod/1/1/[25];EMPTY;Pronghorn/1/1/[3,24]] BAL=5 TURN=9 BATTLE=1 HW=0 PW=0
[Info   : KayceePvP] Duel: TRACE_HANDLE_MESSAGE | self=PEER sender=HOST type=end_turn match=-1913211851 battle=1 turn=9 seq=43 currentTurn=9 isPlayerTurn=False netTransitMsApprox=446,9
[Info   : KayceePvP] Duel: RECEIVED | match=-1913211851 battle=1 turn=9 seq=43 sender=HOST type=end_turn queueBefore=0 queueAfter=1 currentTurn=9
[Info   : KayceePvP] NetworkOpponent: PROCESSING | gen=5 match=-1913211851 battle=1 turn=9 seq=43 type=end_turn queueBefore=1 queueAfter=0 currentTurn=9 isPlayerTurn=False queueDwellMs=12,7
[Info   : KayceePvP] Duel (combat): COMBAT_PHASE_STARTED | self=PEER generation=10 playerIsAttacker=False
[Info   : KayceePvP] Duel (combat): COMBAT_PHASE_RESOLVED | self=PEER generation=10 playerIsAttacker=False
[Info   : KayceePvP] Duel (ability-trigger): GlobalTriggerHandler.TriggerCardsOnBoard(Trigger.TurnEnd) DISPATCHED | SELF=PEER playerTurnEndArg=False
[Info   : KayceePvP] Duel: TRACE_HANDLE_MESSAGE | self=PEER sender=HOST type=duel_state_hash match=-1913211851 battle=1 turn=10 seq=44 currentTurn=9 isPlayerTurn=False netTransitMsApprox=424,4
[Info   : KayceePvP] Duel: RECEIVED PEER HASH | match=-1913211851 sender=HOST forSeq=43 basedOnActionFromHost=True hash=neuvlPNwScKV2mL1
[Info   : KayceePvP] Duel: LOCAL STATE HASH | match=-1913211851 forSeq=43 basedOnActionFromHost=True hash=neuvlPNwScKV2mL1 state=[HOST=[Alpha/1/1/[34];Pronghorn/2/1/[3,24];EMPTY;WolfCub/1/1/[5]] PEER=[EMPTY;MantisGod/1/1/[25];EMPTY;EMPTY] BAL=5 TURN=10 BATTLE=1 HW=0 PW=0]
[Info   : KayceePvP] Duel: STATE HASH MATCH | match=-1913211851 forSeq=43 basedOnActionFromHost=True hash=neuvlPNwScKV2mL1
[Info   : KayceePvP] Duel (ability-trigger): Strafe.RespondsToTurnEnd | ABILITY=Strafe CARD='Pronghorn' CARD_ABSOLUTE_OWNER=HOST LOCAL_SIDE=OPPONENT SELF=PEER playerTurnEnd=False RESULT=True
[Info   : KayceePvP] Duel (ability-trigger): Strafe.RespondsToTurnEnd | ABILITY=Strafe CARD='Pronghorn' CARD_ABSOLUTE_OWNER=HOST LOCAL_SIDE=OPPONENT SELF=PEER playerTurnEnd=False RESULT=True
[Info   : KayceePvP] Duel (ability-trigger): Strafe.OnTurnEnd STARTED | ABILITY=Strafe CARD='Pronghorn' CARD_ABSOLUTE_OWNER=HOST LOCAL_SIDE=OPPONENT SELF=PEER playerTurnEnd=False cardSlot=1
[Info   : KayceePvP] Duel: SENDING | match=-1913211851 turn=10 seq=48 sender=PEER type=end_turn cardsPlayedThisTurn=0
[Info   : KayceePvP] Duel (combat): COMBAT_PHASE_STARTED | self=PEER generation=11 playerIsAttacker=True
[Info   : KayceePvP] Duel (combat): COMBAT_PHASE_RESOLVED | self=PEER generation=11 playerIsAttacker=True
[Info   : KayceePvP] Duel (ability-trigger): GlobalTriggerHandler.TriggerCardsOnBoard(Trigger.TurnEnd) DISPATCHED | SELF=PEER playerTurnEndArg=True
[Info   : KayceePvP] Duel: LOCAL STATE HASH | match=-1913211851 forSeq=48 basedOnActionFromHost=False hash=9Kv4+sa1KmUZ2LVs state=[HOST=[EMPTY;EMPTY;EMPTY;WolfCub/1/1/[5]] PEER=[EMPTY;MantisGod/1/1/[25];EMPTY;EMPTY] BAL=5 TURN=11 BATTLE=1 HW=0 PW=0]
[Info   : KayceePvP] Duel: TRACE_HANDLE_MESSAGE | self=PEER sender=HOST type=duel_state_hash match=-1913211851 battle=1 turn=11 seq=45 currentTurn=11 isPlayerTurn=False netTransitMsApprox=448,6
[Info   : KayceePvP] Duel: RECEIVED PEER HASH | match=-1913211851 sender=HOST forSeq=48 basedOnActionFromHost=False hash=BLvSzvumX2JBQp0V
[Error  : KayceePvP] Duel: STATE HASH MISMATCH | match=-1913211851 forSeq=48 basedOnActionFromHost=False localHash=9Kv4+sa1KmUZ2LVs peerHash=BLvSzvumX2JBQp0V
[Error  : KayceePvP] Duel: local state dump (forSeq=48) | HOST=[EMPTY;EMPTY;EMPTY;WolfCub/1/1/[5]] PEER=[EMPTY;MantisGod/1/1/[25];EMPTY;EMPTY] BAL=5 TURN=11 BATTLE=1 HW=0 PW=0
[Info   : KayceePvP] NetworkOpponent: waiting for the peer's turn (4 opponent slots available). gen=6
[Info   : KayceePvP] Duel: TRACE_HANDLE_MESSAGE | self=PEER sender=HOST type=card_played match=-1913211851 battle=1 turn=11 seq=46 currentTurn=11 isPlayerTurn=False netTransitMsApprox=438,5
[Info   : KayceePvP] Duel: RECEIVED | match=-1913211851 battle=1 turn=11 seq=46 sender=HOST type=card_played card=Squirrel slot=1 queueBefore=0 queueAfter=1 currentTurn=11
[Info   : KayceePvP] NetworkOpponent: PROCESSING | gen=6 match=-1913211851 battle=1 turn=11 seq=46 type=card_played queueBefore=1 queueAfter=0 currentTurn=11 isPlayerTurn=False queueDwellMs=10,6
[Info   : KayceePvP] NetworkOpponent: queueing 'Squirrel' onto opponent slot 1.
[Info   : KayceePvP] Duel: TRACE_HANDLE_MESSAGE | self=PEER sender=HOST type=duel_state_hash match=-1913211851 battle=1 turn=11 seq=47 currentTurn=11 isPlayerTurn=False netTransitMsApprox=446,5
[Info   : KayceePvP] Duel: RECEIVED PEER HASH | match=-1913211851 sender=HOST forSeq=46 basedOnActionFromHost=True hash=C+2FmNL+XdoCOS5n
[Info   : KayceePvP] Duel: LOCAL STATE HASH | match=-1913211851 forSeq=46 basedOnActionFromHost=True hash=jypuDGT/p55kFMqs state=[HOST=[EMPTY;Squirrel/0/1/[];EMPTY;Wolf/3/2/[]] PEER=[EMPTY;MantisGod/1/1/[25];EMPTY;EMPTY] BAL=5 TURN=11 BATTLE=1 HW=0 PW=0]
[Error  : KayceePvP] Duel: STATE HASH MISMATCH | match=-1913211851 forSeq=46 basedOnActionFromHost=True localHash=jypuDGT/p55kFMqs peerHash=C+2FmNL+XdoCOS5n
[Error  : KayceePvP] Duel: local state dump (forSeq=46) | HOST=[EMPTY;Squirrel/0/1/[];EMPTY;Wolf/3/2/[]] PEER=[EMPTY;MantisGod/1/1/[25];EMPTY;EMPTY] BAL=5 TURN=11 BATTLE=1 HW=0 PW=0
[Info   : KayceePvP] Duel: TRACE_HANDLE_MESSAGE | self=PEER sender=HOST type=card_played match=-1913211851 battle=1 turn=11 seq=48 currentTurn=11 isPlayerTurn=False netTransitMsApprox=444,1
[Info   : KayceePvP] Duel: RECEIVED | match=-1913211851 battle=1 turn=11 seq=48 sender=HOST type=card_played card=Goat slot=1 queueBefore=0 queueAfter=1 currentTurn=11
[Info   : KayceePvP] NetworkOpponent: PROCESSING | gen=6 match=-1913211851 battle=1 turn=11 seq=48 type=card_played queueBefore=1 queueAfter=0 currentTurn=11 isPlayerTurn=False queueDwellMs=7,2
[Info   : KayceePvP] Duel: TRACE_HANDLE_MESSAGE | self=PEER sender=HOST type=duel_state_hash match=-1913211851 battle=1 turn=11 seq=49 currentTurn=11 isPlayerTurn=False netTransitMsApprox=425,3
[Info   : KayceePvP] Duel: RECEIVED PEER HASH | match=-1913211851 sender=HOST forSeq=48 basedOnActionFromHost=True hash=AAARq42ZaGCodAPG
[Info   : KayceePvP] NetworkOpponent: applying remote sacrifice at slot 1 ('Squirrel').
[Info   : KayceePvP] Duel (card-sync): RECV card='Goat' | SELF=PEER RECONSTRUCTED_BASE=[22] WIRE=[22] TO_ADD=[] TO_NEGATE=[] FINAL_EFFECTIVE=[22]
[Info   : KayceePvP] NetworkOpponent: queueing 'Goat' onto opponent slot 1.
[Info   : KayceePvP] Duel: LOCAL STATE HASH | match=-1913211851 forSeq=48 basedOnActionFromHost=True hash=KviX0XPWVfNw9WfA state=[HOST=[EMPTY;Goat/0/1/[22];EMPTY;Wolf/3/2/[]] PEER=[EMPTY;MantisGod/1/1/[25];EMPTY;EMPTY] BAL=5 TURN=11 BATTLE=1 HW=0 PW=0]
[Error  : KayceePvP] Duel: STATE HASH MISMATCH | match=-1913211851 forSeq=48 basedOnActionFromHost=True localHash=KviX0XPWVfNw9WfA peerHash=AAARq42ZaGCodAPG
[Error  : KayceePvP] Duel: local state dump (forSeq=48) | HOST=[EMPTY;Goat/0/1/[22];EMPTY;Wolf/3/2/[]] PEER=[EMPTY;MantisGod/1/1/[25];EMPTY;EMPTY] BAL=5 TURN=11 BATTLE=1 HW=0 PW=0
[Info   : KayceePvP] Duel: TRACE_HANDLE_MESSAGE | self=PEER sender=HOST type=card_played match=-1913211851 battle=1 turn=11 seq=50 currentTurn=11 isPlayerTurn=False netTransitMsApprox=448,0
[Info   : KayceePvP] Duel: RECEIVED | match=-1913211851 battle=1 turn=11 seq=50 sender=HOST type=card_played card=DireWolfCub slot=1 queueBefore=0 queueAfter=1 currentTurn=11
[Info   : KayceePvP] NetworkOpponent: PROCESSING | gen=6 match=-1913211851 battle=1 turn=11 seq=50 type=card_played queueBefore=1 queueAfter=0 currentTurn=11 isPlayerTurn=False queueDwellMs=11,2
[Info   : KayceePvP] Duel: TRACE_HANDLE_MESSAGE | self=PEER sender=HOST type=duel_state_hash match=-1913211851 battle=1 turn=11 seq=51 currentTurn=11 isPlayerTurn=False netTransitMsApprox=412,7
[Info   : KayceePvP] Duel: RECEIVED PEER HASH | match=-1913211851 sender=HOST forSeq=50 basedOnActionFromHost=True hash=HU7tVkD/pFziMWxJ
[Info   : KayceePvP] NetworkOpponent: applying remote sacrifice at slot 1 ('Goat').
[Info   : KayceePvP] Duel (card-sync): RECV card='DireWolfCub' | SELF=PEER RECONSTRUCTED_BASE=[28+5] WIRE=[28+5] TO_ADD=[] TO_NEGATE=[] FINAL_EFFECTIVE=[28+5]
[Info   : KayceePvP] NetworkOpponent: queueing 'DireWolfCub' onto opponent slot 1.
[Info   : KayceePvP] Duel: TRACE_HANDLE_MESSAGE | self=PEER sender=HOST type=end_turn match=-1913211851 battle=1 turn=11 seq=52 currentTurn=11 isPlayerTurn=False netTransitMsApprox=415,9
[Info   : KayceePvP] Duel: RECEIVED | match=-1913211851 battle=1 turn=11 seq=52 sender=HOST type=end_turn queueBefore=0 queueAfter=1 currentTurn=11
[Info   : KayceePvP] Duel: LOCAL STATE HASH | match=-1913211851 forSeq=50 basedOnActionFromHost=True hash=f/5Zkqewmlis/zLF state=[HOST=[EMPTY;DireWolfCub/1/1/[5,28];EMPTY;Wolf/3/2/[]] PEER=[EMPTY;MantisGod/1/1/[25];EMPTY;EMPTY] BAL=5 TURN=11 BATTLE=1 HW=0 PW=0]
[Error  : KayceePvP] Duel: STATE HASH MISMATCH | match=-1913211851 forSeq=50 basedOnActionFromHost=True localHash=f/5Zkqewmlis/zLF peerHash=HU7tVkD/pFziMWxJ
[Error  : KayceePvP] Duel: local state dump (forSeq=50) | HOST=[EMPTY;DireWolfCub/1/1/[5,28];EMPTY;Wolf/3/2/[]] PEER=[EMPTY;MantisGod/1/1/[25];EMPTY;EMPTY] BAL=5 TURN=11 BATTLE=1 HW=0 PW=0
[Info   : KayceePvP] NetworkOpponent: PROCESSING | gen=6 match=-1913211851 battle=1 turn=11 seq=52 type=end_turn queueBefore=1 queueAfter=0 currentTurn=11 isPlayerTurn=False queueDwellMs=194,8
[Info   : KayceePvP] Duel (combat): COMBAT_PHASE_STARTED | self=PEER generation=12 playerIsAttacker=False
[Info   : KayceePvP] Duel (combat): COMBAT_PHASE_RESOLVED | self=PEER generation=12 playerIsAttacker=False
[Info   : KayceePvP] Duel (ability-trigger): GlobalTriggerHandler.TriggerCardsOnBoard(Trigger.TurnEnd) DISPATCHED | SELF=PEER playerTurnEndArg=False
[Info   : KayceePvP] Duel: LOCAL STATE HASH | match=-1913211851 forSeq=52 basedOnActionFromHost=True hash=3Jv9YFazA5qs1Hkf state=[HOST=[EMPTY;DireWolfCub/1/1/[5,28];EMPTY;Wolf/3/2/[]] PEER=[EMPTY;EMPTY;EMPTY;EMPTY] BAL=5 TURN=12 BATTLE=1 HW=0 PW=0]
[Info   : KayceePvP] Duel: TRACE_HANDLE_MESSAGE | self=PEER sender=HOST type=duel_state_hash match=-1913211851 battle=1 turn=12 seq=53 currentTurn=12 isPlayerTurn=True netTransitMsApprox=427,4
[Info   : KayceePvP] Duel: RECEIVED PEER HASH | match=-1913211851 sender=HOST forSeq=52 basedOnActionFromHost=True hash=3Jv9YFazA5qs1Hkf
[Info   : KayceePvP] Duel: STATE HASH MATCH | match=-1913211851 forSeq=52 basedOnActionFromHost=True hash=3Jv9YFazA5qs1Hkf
[Info   : KayceePvP] Duel: SENDING | match=-1913211851 turn=12 seq=54 sender=PEER type=end_turn cardsPlayedThisTurn=0
[Info   : KayceePvP] Duel (combat): COMBAT_PHASE_STARTED | self=PEER generation=13 playerIsAttacker=True
[Info   : KayceePvP] Duel: TRACE_HANDLE_MESSAGE | self=PEER sender=HOST type=duel_state_hash match=-1913211851 battle=1 turn=13 seq=54 currentTurn=12 isPlayerTurn=True netTransitMsApprox=417,8
[Info   : KayceePvP] Duel: RECEIVED PEER HASH | match=-1913211851 sender=HOST forSeq=54 basedOnActionFromHost=False hash=2NxQxJX456RosNMh
[Info   : KayceePvP] Duel (combat): COMBAT_PHASE_RESOLVED | self=PEER generation=13 playerIsAttacker=True
[Info   : KayceePvP] Duel (ability-trigger): GlobalTriggerHandler.TriggerCardsOnBoard(Trigger.TurnEnd) DISPATCHED | SELF=PEER playerTurnEndArg=True
[Info   : KayceePvP] Duel: LOCAL STATE HASH | match=-1913211851 forSeq=54 basedOnActionFromHost=False hash=2NxQxJX456RosNMh state=[HOST=[EMPTY;DireWolfCub/1/1/[5,28];EMPTY;Wolf/3/2/[]] PEER=[EMPTY;EMPTY;EMPTY;EMPTY] BAL=5 TURN=13 BATTLE=1 HW=0 PW=0]
[Info   : KayceePvP] Duel: STATE HASH MATCH | match=-1913211851 forSeq=54 basedOnActionFromHost=False hash=2NxQxJX456RosNMh
[Info   : KayceePvP] NetworkOpponent: waiting for the peer's turn (4 opponent slots available). gen=7
[Info   : KayceePvP] Duel: TRACE_HANDLE_MESSAGE | self=PEER sender=HOST type=end_turn match=-1913211851 battle=1 turn=13 seq=55 currentTurn=13 isPlayerTurn=False netTransitMsApprox=434,4
[Info   : KayceePvP] Duel: RECEIVED | match=-1913211851 battle=1 turn=13 seq=55 sender=HOST type=end_turn queueBefore=0 queueAfter=1 currentTurn=13
[Info   : KayceePvP] NetworkOpponent: PROCESSING | gen=7 match=-1913211851 battle=1 turn=13 seq=55 type=end_turn queueBefore=1 queueAfter=0 currentTurn=13 isPlayerTurn=False queueDwellMs=9,2
[Info   : KayceePvP] Duel (combat): COMBAT_PHASE_STARTED | self=PEER generation=14 playerIsAttacker=False
[Info   : KayceePvP] Duel (combat): COMBAT_PHASE_RESOLVED | self=PEER generation=14 playerIsAttacker=False
[Info   : KayceePvP] Duel: OUTCOME_OBSERVED_LOCAL | self=PEER match=-1913211851 battle=1 loserAbsoluteSide=PEER localBalance=-19 hostRelativeBalance=19 reason=balance
[Info   : KayceePvP] Duel: OUTCOME_REQUEST_SENT | self=PEER match=-1913211851 battle=1 loserAbsoluteSide=PEER hostRelativeBalance=19
[Info   : KayceePvP] Duel: LOCAL STATE HASH | match=-1913211851 forSeq=55 basedOnActionFromHost=True hash=F096AkZj7e13qQ9w state=[HOST=[EMPTY;DireWolf/2/5/[100];EMPTY;Wolf/3/2/[]] PEER=[EMPTY;EMPTY;EMPTY;EMPTY] BAL=5 TURN=14 BATTLE=1 HW=0 PW=0]
[Info   : KayceePvP] Duel: TRACE_HANDLE_MESSAGE | self=PEER sender=HOST type=battle_result match=-1913211851 battle=1 turn=13 seq=56 currentTurn=14 isPlayerTurn=False netTransitMsApprox=408,9
[Info   : KayceePvP] Duel: RECEIVED battle_result | self=PEER match=-1913211851 battle=1 loser=PEER hostWins=1 peerWins=0 balance=19 reason=balance isMatchFinal=False
[Info   : KayceePvP] Duel: BATTLE_RESULT_CONFIRMED | self=PEER match=-1913211851 battle=1 loser=PEER hostWins=1 peerWins=0 isMatchFinal=False
[Info   : KayceePvP] Duel: ROUND_CONCLUSION_REQUESTED | self=PEER match=-1913211851 battle=1 winnerIsHost=True localPlayerWon=False isMatchFinal=False balance=-19 incomingCount=0 playerSurrendered=False->True opponentSurrendered=False->False numLives=1
[Info   : KayceePvP] Duel (interbattle): LEAVING_BATTLE | self=PEER match=-1913211851 concludedBattle=1 isMatchFinal=False
[Info   : KayceePvP] Duel (lobby-match): INTERBATTLE_RELOAD_LATCH_ON | match=-1913211851 battle=1
[Info   : KayceePvP] Duel: TRACE_HANDLE_MESSAGE | self=PEER sender=HOST type=battle_return_ready match=-1913211851 battle=2 turn=13 seq=57 currentTurn=14 isPlayerTurn=False netTransitMsApprox=413,7
[Info   : KayceePvP] Duel: RECEIVED battle_return_ready | match=-1913211851 battle=2 (peerReadyBattle now 2)
[Info   : KayceePvP] Duel: TRACE_HANDLE_MESSAGE | self=PEER sender=HOST type=battle_begin match=-1913211851 battle=2 turn=13 seq=58 currentTurn=14 isPlayerTurn=False netTransitMsApprox=429,2
[Info   : KayceePvP] Duel: RECEIVED battle_begin | match=-1913211851 battle=2
[Info   : KayceePvP] Duel (interbattle): NEXT_BATTLE_READY | self=PEER match=-1913211851 battle=2
[Info   : KayceePvP] Duel (interbattle): SCENE_RELOAD_BEGIN | self=PEER match=-1913211851 battle=2
[Info   : KayceePvP] DIAG PlayerIsWinner | role=PEER result=False opponent.NumLives=1 opponent.Surrendered=False
[Info   : KayceePvP] DIAG GameIsOver | role=PEER result=True balance=-19 opponent.NumLives=1 opponent.Surrendered=False PlayerSurrendered=True MatchEnded=False
[Info   : KayceePvP] DIAG PlayerIsWinner | role=PEER result=False opponent.NumLives=1 opponent.Surrendered=False
[Warning: Singleton] Got null in Singleton<DiskCardGame.GlobalTriggerHandler>.FindInstance
[Info   : KayceePvP] Duel (interbattle-reload): INTERBATTLE_AWAKE_SUPPRESSED | self=PEER match=-1913211851 battle=2
[Debug  :InscryptionCommunityPatch] Card pool has Energy cards? False. Card pool has Gem cards? False.
[Info   : KayceePvP] Duel (interbattle-reload): INTERBATTLE_INITIAL_MAP_TRANSITION_SUPPRESSED | self=PEER match=-1913211851 battle=2
[Info   : KayceePvP] Duel (interbattle): SCENE_RELOAD_DONE | self=PEER match=-1913211851 battle=2
[Info   : KayceePvP] Duel (interbattle): NEW_TURN_MANAGER_READY | self=PEER match=-1913211851 battle=2
[Info   : KayceePvP] Duel: ARMED_TURN_OWNERSHIP | self=PEER match=-1913211851 battle=2 hostGoesFirstThisBattle=True soloDebugMode=False localFirstTurn=1 expectedOutgoing=1 expectedIncoming=0
[Info   : KayceePvP] Duel (combat): CombatResolutionSignalPatch.ResetForMatch - reason='ResetForNewBattle', generation 14 -> 0.
[Info   : KayceePvP] Duel: starting battle 2 with 14 cards (hostWins=1 peerWins=0).
[Info   : KayceePvP] Duel (totem): SNAPSHOT at battle begin (battle 2) | matchId=-1913211851 battleNumber=2 SELF=PEER ownTotems=[none]
[Info   : KayceePvP] Duel (interbattle): NEXT_BATTLE_BEGIN | self=PEER match=-1913211851 battle=2
[Info   : KayceePvP] Duel (lobby-match): INTERBATTLE_RELOAD_LATCH_OFF | match=-1913211851 battle=2
[Warning: Singleton] Got null in Singleton<DiskCardGame.ConduitCircuitManager>.FindInstance
[Info   : KayceePvP] Duel (deck-shuffle): role=PEER matchId=-1913211851 battleNumber=2 seed=1858914682 firstPicks=[Squirrel,Squirrel,Squirrel]
[Info   : KayceePvP] Duel (deck-shuffle): role=PEER matchId=-1913211851 battleNumber=2 seed=1858914682 firstPicks=[DireWolfCub,Rattler,Pronghorn]
[Info   : KayceePvP] NetworkOpponent: waiting for the peer's turn (4 opponent slots available). gen=8
[Info   : KayceePvP] Duel: TRACE_HANDLE_MESSAGE | self=PEER sender=HOST type=end_turn match=-1913211851 battle=2 turn=0 seq=59 currentTurn=0 isPlayerTurn=False netTransitMsApprox=435,6
[Info   : KayceePvP] Duel: RECEIVED | match=-1913211851 battle=2 turn=0 seq=59 sender=HOST type=end_turn queueBefore=0 queueAfter=1 currentTurn=0
[Info   : KayceePvP] NetworkOpponent: PROCESSING | gen=8 match=-1913211851 battle=2 turn=0 seq=59 type=end_turn queueBefore=1 queueAfter=0 currentTurn=0 isPlayerTurn=False queueDwellMs=6,5
[Info   : KayceePvP] NetworkOpponent: end_turn (seq=59) arrived during SetupPhase's QueueFirstCardBeforePlayer mirror - vanilla never calls DoCombatPhase for this turn on its own, running it here before releasing this side's own first turn. gen=8 generationBefore=0
[Info   : KayceePvP] Duel (combat): COMBAT_PHASE_STARTED | self=PEER generation=1 playerIsAttacker=False
[Info   : KayceePvP] Duel (combat): COMBAT_PHASE_RESOLVED | self=PEER generation=1 playerIsAttacker=False
[Info   : KayceePvP] NetworkOpponent: SetupPhase-mirrored combat for end_turn seq=59 resolved - dispatching the TurnEnd trigger OpponentTurn() would have fired here, so mirrored TurnEnd abilities (e.g. Strafe) move on this side too. gen=8
[Info   : KayceePvP] Duel (ability-trigger): GlobalTriggerHandler.TriggerCardsOnBoard(Trigger.TurnEnd) DISPATCHED | SELF=PEER playerTurnEndArg=False
[Info   : KayceePvP] Duel: LOCAL STATE HASH | match=-1913211851 forSeq=59 basedOnActionFromHost=True hash=gfetq5hTmH6e1k2g state=[HOST=[EMPTY;EMPTY;EMPTY;EMPTY] PEER=[EMPTY;EMPTY;EMPTY;EMPTY] BAL=0 TURN=1 BATTLE=2 HW=1 PW=0]
[Info   : KayceePvP] DIAG PlayerIsWinner | role=PEER result=False opponent.NumLives=1 opponent.Surrendered=False
[Info   : KayceePvP] DIAG GameIsOver | role=PEER result=False balance=0 opponent.NumLives=1 opponent.Surrendered=False PlayerSurrendered=False MatchEnded=False
[Info   : KayceePvP] Duel: TRACE_HANDLE_MESSAGE | self=PEER sender=HOST type=duel_state_hash match=-1913211851 battle=2 turn=1 seq=60 currentTurn=1 isPlayerTurn=True netTransitMsApprox=443,5
[Info   : KayceePvP] Duel: RECEIVED PEER HASH | match=-1913211851 sender=HOST forSeq=59 basedOnActionFromHost=True hash=gfetq5hTmH6e1k2g
[Info   : KayceePvP] Duel: STATE HASH MATCH | match=-1913211851 forSeq=59 basedOnActionFromHost=True hash=gfetq5hTmH6e1k2g
[Info   : KayceePvP] Duel: SENDING | match=-1913211851 turn=1 seq=60 sender=PEER type=card_played card=Squirrel slot=1
[Info   : KayceePvP] Duel: LOCAL STATE HASH | match=-1913211851 forSeq=60 basedOnActionFromHost=False hash=hHEai7jTjal7JFUd state=[HOST=[EMPTY;EMPTY;EMPTY;EMPTY] PEER=[EMPTY;Squirrel/0/1/[];EMPTY;EMPTY] BAL=0 TURN=1 BATTLE=2 HW=1 PW=0]
[Info   : KayceePvP] Duel: TRACE_HANDLE_MESSAGE | self=PEER sender=HOST type=duel_state_hash match=-1913211851 battle=2 turn=1 seq=61 currentTurn=1 isPlayerTurn=True netTransitMsApprox=431,5
[Info   : KayceePvP] Duel: RECEIVED PEER HASH | match=-1913211851 sender=HOST forSeq=60 basedOnActionFromHost=False hash=hHEai7jTjal7JFUd
[Info   : KayceePvP] Duel: STATE HASH MATCH | match=-1913211851 forSeq=60 basedOnActionFromHost=False hash=hHEai7jTjal7JFUd
[Info   : KayceePvP] Duel: captured sacrifice of 'Squirrel' at slot 1 - will attach to the next card_played broadcast.
[Info   : KayceePvP] Duel (card-sync): SEND card='Beehive' | SELF=PEER BASE=[BeesOnHit] PERMANENT_MOD_ABILITIES=[DrawCopy] PERMANENT_MOD_NEGATIONS=[] TEMPORARY_MOD_ABILITIES=[] EFFECTIVE=[2+9] WIRE=[2+9] hasTotemAbility=False
[Info   : KayceePvP] Duel: SENDING | match=-1913211851 turn=1 seq=62 sender=PEER type=card_played card=Beehive slot=1 sacrificedSlots=[1]
[Info   : KayceePvP] Duel: LOCAL STATE HASH | match=-1913211851 forSeq=62 basedOnActionFromHost=False hash=jYQpOzrJ2PZokwVm state=[HOST=[EMPTY;EMPTY;EMPTY;EMPTY] PEER=[EMPTY;Beehive/0/2/[2,9];EMPTY;EMPTY] BAL=0 TURN=1 BATTLE=2 HW=1 PW=0]
[Info   : KayceePvP] Duel (ownership): DrawCreatedCard fired | ABSOLUTE_OWNER=PEER LOCAL_SIDE=PLAYER SELF=PEER ABILITY=DrawCreatedCard card='Beehive' -> proceeding (local card).
[Warning:InscryptionAPI] More than 1 card are using the same CardInfo. This can cause unexpected problems with dynamic costs! Beehive
[Info   : KayceePvP] Duel: TRACE_HANDLE_MESSAGE | self=PEER sender=HOST type=duel_state_hash match=-1913211851 battle=2 turn=1 seq=62 currentTurn=1 isPlayerTurn=True netTransitMsApprox=432,5
[Info   : KayceePvP] Duel: RECEIVED PEER HASH | match=-1913211851 sender=HOST forSeq=62 basedOnActionFromHost=False hash=jYQpOzrJ2PZokwVm
[Info   : KayceePvP] Duel: STATE HASH MATCH | match=-1913211851 forSeq=62 basedOnActionFromHost=False hash=jYQpOzrJ2PZokwVm
[Info   : KayceePvP] Duel: SENDING | match=-1913211851 turn=1 seq=64 sender=PEER type=end_turn cardsPlayedThisTurn=2
[Info   : KayceePvP] Duel (combat): COMBAT_PHASE_STARTED | self=PEER generation=2 playerIsAttacker=True
[Info   : KayceePvP] Duel: TRACE_HANDLE_MESSAGE | self=PEER sender=HOST type=duel_state_hash match=-1913211851 battle=2 turn=2 seq=63 currentTurn=1 isPlayerTurn=True netTransitMsApprox=425,2
[Info   : KayceePvP] Duel: RECEIVED PEER HASH | match=-1913211851 sender=HOST forSeq=64 basedOnActionFromHost=False hash=84Ftha1t4eJX6UCL
[Info   : KayceePvP] Duel (combat): COMBAT_PHASE_RESOLVED | self=PEER generation=2 playerIsAttacker=True
[Info   : KayceePvP] Duel (ability-trigger): GlobalTriggerHandler.TriggerCardsOnBoard(Trigger.TurnEnd) DISPATCHED | SELF=PEER playerTurnEndArg=True
[Info   : KayceePvP] Duel: LOCAL STATE HASH | match=-1913211851 forSeq=64 basedOnActionFromHost=False hash=84Ftha1t4eJX6UCL state=[HOST=[EMPTY;EMPTY;EMPTY;EMPTY] PEER=[EMPTY;Beehive/0/2/[2,9];EMPTY;EMPTY] BAL=0 TURN=2 BATTLE=2 HW=1 PW=0]
[Info   : KayceePvP] Duel: STATE HASH MATCH | match=-1913211851 forSeq=64 basedOnActionFromHost=False hash=84Ftha1t4eJX6UCL
[Info   : KayceePvP] NetworkOpponent: waiting for the peer's turn (4 opponent slots available). gen=9
[Info   : KayceePvP] Duel: TRACE_HANDLE_MESSAGE | self=PEER sender=HOST type=end_turn match=-1913211851 battle=2 turn=2 seq=64 currentTurn=2 isPlayerTurn=False netTransitMsApprox=442,0
[Info   : KayceePvP] Duel: RECEIVED | match=-1913211851 battle=2 turn=2 seq=64 sender=HOST type=end_turn queueBefore=0 queueAfter=1 currentTurn=2
[Info   : KayceePvP] NetworkOpponent: PROCESSING | gen=9 match=-1913211851 battle=2 turn=2 seq=64 type=end_turn queueBefore=1 queueAfter=0 currentTurn=2 isPlayerTurn=False queueDwellMs=8,2
[Info   : KayceePvP] Duel (combat): COMBAT_PHASE_STARTED | self=PEER generation=3 playerIsAttacker=False
[Info   : KayceePvP] Duel (combat): COMBAT_PHASE_RESOLVED | self=PEER generation=3 playerIsAttacker=False
[Info   : KayceePvP] Duel (ability-trigger): GlobalTriggerHandler.TriggerCardsOnBoard(Trigger.TurnEnd) DISPATCHED | SELF=PEER playerTurnEndArg=False
[Info   : KayceePvP] Duel: LOCAL STATE HASH | match=-1913211851 forSeq=64 basedOnActionFromHost=True hash=/5JmSXvu8QkZ+wEY state=[HOST=[EMPTY;EMPTY;EMPTY;EMPTY] PEER=[EMPTY;Beehive/0/2/[2,9];EMPTY;EMPTY] BAL=0 TURN=3 BATTLE=2 HW=1 PW=0]
[Info   : KayceePvP] Duel: TRACE_HANDLE_MESSAGE | self=PEER sender=HOST type=duel_state_hash match=-1913211851 battle=2 turn=3 seq=65 currentTurn=3 isPlayerTurn=True netTransitMsApprox=433,2
[Info   : KayceePvP] Duel: RECEIVED PEER HASH | match=-1913211851 sender=HOST forSeq=64 basedOnActionFromHost=True hash=/5JmSXvu8QkZ+wEY
[Info   : KayceePvP] Duel: STATE HASH MATCH | match=-1913211851 forSeq=64 basedOnActionFromHost=True hash=/5JmSXvu8QkZ+wEY
[Info   : KayceePvP] Duel: SENDING | match=-1913211851 turn=3 seq=67 sender=PEER type=end_turn cardsPlayedThisTurn=0
[Info   : KayceePvP] Duel (combat): COMBAT_PHASE_STARTED | self=PEER generation=4 playerIsAttacker=True
[Info   : KayceePvP] Duel: TRACE_HANDLE_MESSAGE | self=PEER sender=HOST type=duel_state_hash match=-1913211851 battle=2 turn=4 seq=66 currentTurn=3 isPlayerTurn=True netTransitMsApprox=414,9
[Info   : KayceePvP] Duel: RECEIVED PEER HASH | match=-1913211851 sender=HOST forSeq=67 basedOnActionFromHost=False hash=zG7iJeh3QByb26vQ
[Info   : KayceePvP] Duel (combat): COMBAT_PHASE_RESOLVED | self=PEER generation=4 playerIsAttacker=True
[Info   : KayceePvP] Duel (ability-trigger): GlobalTriggerHandler.TriggerCardsOnBoard(Trigger.TurnEnd) DISPATCHED | SELF=PEER playerTurnEndArg=True
[Info   : KayceePvP] Duel: LOCAL STATE HASH | match=-1913211851 forSeq=67 basedOnActionFromHost=False hash=zG7iJeh3QByb26vQ state=[HOST=[EMPTY;EMPTY;EMPTY;EMPTY] PEER=[EMPTY;Beehive/0/2/[2,9];EMPTY;EMPTY] BAL=0 TURN=4 BATTLE=2 HW=1 PW=0]
[Info   : KayceePvP] Duel: STATE HASH MATCH | match=-1913211851 forSeq=67 basedOnActionFromHost=False hash=zG7iJeh3QByb26vQ
[Info   : KayceePvP] NetworkOpponent: waiting for the peer's turn (4 opponent slots available). gen=10
[Info   : KayceePvP] Duel: TRACE_HANDLE_MESSAGE | self=PEER sender=HOST type=card_played match=-1913211851 battle=2 turn=4 seq=67 currentTurn=4 isPlayerTurn=False netTransitMsApprox=434,8
[Info   : KayceePvP] Duel: RECEIVED | match=-1913211851 battle=2 turn=4 seq=67 sender=HOST type=card_played card=Squirrel slot=2 queueBefore=0 queueAfter=1 currentTurn=4
[Info   : KayceePvP] NetworkOpponent: PROCESSING | gen=10 match=-1913211851 battle=2 turn=4 seq=67 type=card_played queueBefore=1 queueAfter=0 currentTurn=4 isPlayerTurn=False queueDwellMs=8,6
[Info   : KayceePvP] NetworkOpponent: queueing 'Squirrel' onto opponent slot 2.
[Info   : KayceePvP] Duel: TRACE_HANDLE_MESSAGE | self=PEER sender=HOST type=duel_state_hash match=-1913211851 battle=2 turn=4 seq=68 currentTurn=4 isPlayerTurn=False netTransitMsApprox=456,0
[Info   : KayceePvP] Duel: RECEIVED PEER HASH | match=-1913211851 sender=HOST forSeq=67 basedOnActionFromHost=True hash=9i31webq3nacNkmG
[Info   : KayceePvP] Duel: LOCAL STATE HASH | match=-1913211851 forSeq=67 basedOnActionFromHost=True hash=9i31webq3nacNkmG state=[HOST=[EMPTY;EMPTY;Squirrel/0/1/[];EMPTY] PEER=[EMPTY;Beehive/0/2/[2,9];EMPTY;EMPTY] BAL=0 TURN=4 BATTLE=2 HW=1 PW=0]
[Info   : KayceePvP] Duel: STATE HASH MATCH | match=-1913211851 forSeq=67 basedOnActionFromHost=True hash=9i31webq3nacNkmG
[Info   : KayceePvP] Duel: TRACE_HANDLE_MESSAGE | self=PEER sender=HOST type=card_played match=-1913211851 battle=2 turn=4 seq=69 currentTurn=4 isPlayerTurn=False netTransitMsApprox=432,3
[Info   : KayceePvP] Duel: RECEIVED | match=-1913211851 battle=2 turn=4 seq=69 sender=HOST type=card_played card=Squirrel slot=1 queueBefore=0 queueAfter=1 currentTurn=4
[Info   : KayceePvP] NetworkOpponent: PROCESSING | gen=10 match=-1913211851 battle=2 turn=4 seq=69 type=card_played queueBefore=1 queueAfter=0 currentTurn=4 isPlayerTurn=False queueDwellMs=5,6
[Info   : KayceePvP] NetworkOpponent: queueing 'Squirrel' onto opponent slot 1.
[Info   : KayceePvP] Duel: TRACE_HANDLE_MESSAGE | self=PEER sender=HOST type=duel_state_hash match=-1913211851 battle=2 turn=4 seq=70 currentTurn=4 isPlayerTurn=False netTransitMsApprox=446,7
[Info   : KayceePvP] Duel: RECEIVED PEER HASH | match=-1913211851 sender=HOST forSeq=69 basedOnActionFromHost=True hash=BTZ564LIzQ7cOVcg
[Info   : KayceePvP] Duel: LOCAL STATE HASH | match=-1913211851 forSeq=69 basedOnActionFromHost=True hash=BTZ564LIzQ7cOVcg state=[HOST=[EMPTY;Squirrel/0/1/[];Squirrel/0/1/[];EMPTY] PEER=[EMPTY;Beehive/0/2/[2,9];EMPTY;EMPTY] BAL=0 TURN=4 BATTLE=2 HW=1 PW=0]
[Info   : KayceePvP] Duel: STATE HASH MATCH | match=-1913211851 forSeq=69 basedOnActionFromHost=True hash=BTZ564LIzQ7cOVcg
[Info   : KayceePvP] Duel: TRACE_HANDLE_MESSAGE | self=PEER sender=HOST type=card_played match=-1913211851 battle=2 turn=4 seq=71 currentTurn=4 isPlayerTurn=False netTransitMsApprox=447,4
[Info   : KayceePvP] Duel: RECEIVED | match=-1913211851 battle=2 turn=4 seq=71 sender=HOST type=card_played card=MudTurtle slot=3 queueBefore=0 queueAfter=1 currentTurn=4
[Info   : KayceePvP] NetworkOpponent: PROCESSING | gen=10 match=-1913211851 battle=2 turn=4 seq=71 type=card_played queueBefore=1 queueAfter=0 currentTurn=4 isPlayerTurn=False queueDwellMs=7,8
[Info   : KayceePvP] Duel: TRACE_HANDLE_MESSAGE | self=PEER sender=HOST type=duel_state_hash match=-1913211851 battle=2 turn=4 seq=72 currentTurn=4 isPlayerTurn=False netTransitMsApprox=420,4
[Info   : KayceePvP] Duel: RECEIVED PEER HASH | match=-1913211851 sender=HOST forSeq=71 basedOnActionFromHost=True hash=j0x0xeQLF9ifJluw
[Info   : KayceePvP] NetworkOpponent: applying remote sacrifice at slot 1 ('Squirrel').
[Info   : KayceePvP] NetworkOpponent: applying remote sacrifice at slot 2 ('Squirrel').
[Info   : KayceePvP] Duel (card-sync): RECV card='MudTurtle' | SELF=PEER RECONSTRUCTED_BASE=[54] WIRE=[54] TO_ADD=[] TO_NEGATE=[] FINAL_EFFECTIVE=[54]
[Info   : KayceePvP] NetworkOpponent: queueing 'MudTurtle' onto opponent slot 3.
[Info   : KayceePvP] Duel: TRACE_HANDLE_MESSAGE | self=PEER sender=HOST type=end_turn match=-1913211851 battle=2 turn=4 seq=73 currentTurn=4 isPlayerTurn=False netTransitMsApprox=424,4
[Info   : KayceePvP] Duel: RECEIVED | match=-1913211851 battle=2 turn=4 seq=73 sender=HOST type=end_turn queueBefore=0 queueAfter=1 currentTurn=4
[Info   : KayceePvP] Duel: LOCAL STATE HASH | match=-1913211851 forSeq=71 basedOnActionFromHost=True hash=j0x0xeQLF9ifJluw state=[HOST=[EMPTY;EMPTY;EMPTY;MudTurtle/2/2/[54]] PEER=[EMPTY;Beehive/0/2/[2,9];EMPTY;EMPTY] BAL=0 TURN=4 BATTLE=2 HW=1 PW=0]
[Info   : KayceePvP] Duel: STATE HASH MATCH | match=-1913211851 forSeq=71 basedOnActionFromHost=True hash=j0x0xeQLF9ifJluw
[Info   : KayceePvP] NetworkOpponent: PROCESSING | gen=10 match=-1913211851 battle=2 turn=4 seq=73 type=end_turn queueBefore=1 queueAfter=0 currentTurn=4 isPlayerTurn=False queueDwellMs=155,3
[Info   : KayceePvP] Duel (combat): COMBAT_PHASE_STARTED | self=PEER generation=5 playerIsAttacker=False
[Info   : KayceePvP] Duel: TRACE_HANDLE_MESSAGE | self=PEER sender=HOST type=duel_state_hash match=-1913211851 battle=2 turn=5 seq=74 currentTurn=4 isPlayerTurn=False netTransitMsApprox=417,2
[Info   : KayceePvP] Duel: RECEIVED PEER HASH | match=-1913211851 sender=HOST forSeq=73 basedOnActionFromHost=True hash=SBT3G8UizSNrjxv1
[Info   : KayceePvP] Duel (combat): COMBAT_PHASE_RESOLVED | self=PEER generation=5 playerIsAttacker=False
[Info   : KayceePvP] Duel (ability-trigger): GlobalTriggerHandler.TriggerCardsOnBoard(Trigger.TurnEnd) DISPATCHED | SELF=PEER playerTurnEndArg=False
[Info   : KayceePvP] Duel: LOCAL STATE HASH | match=-1913211851 forSeq=73 basedOnActionFromHost=True hash=SBT3G8UizSNrjxv1 state=[HOST=[EMPTY;EMPTY;EMPTY;MudTurtle/2/2/[54]] PEER=[EMPTY;Beehive/0/2/[2,9];EMPTY;EMPTY] BAL=2 TURN=5 BATTLE=2 HW=1 PW=0]
[Info   : KayceePvP] Duel: STATE HASH MATCH | match=-1913211851 forSeq=73 basedOnActionFromHost=True hash=SBT3G8UizSNrjxv1
[Info   : KayceePvP] Duel: SENDING | match=-1913211851 turn=5 seq=73 sender=PEER type=card_played card=Squirrel slot=3
[Info   : KayceePvP] Duel: LOCAL STATE HASH | match=-1913211851 forSeq=73 basedOnActionFromHost=False hash=2qFuO9zq/A9zidjB state=[HOST=[EMPTY;EMPTY;EMPTY;MudTurtle/2/2/[54]] PEER=[EMPTY;Beehive/0/2/[2,9];EMPTY;Squirrel/0/1/[]] BAL=2 TURN=5 BATTLE=2 HW=1 PW=0]
[Info   : KayceePvP] Duel: TRACE_HANDLE_MESSAGE | self=PEER sender=HOST type=duel_state_hash match=-1913211851 battle=2 turn=5 seq=75 currentTurn=5 isPlayerTurn=True netTransitMsApprox=451,2
[Info   : KayceePvP] Duel: RECEIVED PEER HASH | match=-1913211851 sender=HOST forSeq=73 basedOnActionFromHost=False hash=2qFuO9zq/A9zidjB
[Info   : KayceePvP] Duel: STATE HASH MATCH | match=-1913211851 forSeq=73 basedOnActionFromHost=False hash=2qFuO9zq/A9zidjB
[Info   : KayceePvP] Duel: captured sacrifice of 'Squirrel' at slot 3 - will attach to the next card_played broadcast.
[Info   : KayceePvP] Duel (card-sync): SEND card='Beehive' | SELF=PEER BASE=[BeesOnHit] PERMANENT_MOD_ABILITIES=[DrawCopy] PERMANENT_MOD_NEGATIONS=[] TEMPORARY_MOD_ABILITIES=[] EFFECTIVE=[2+9] WIRE=[2] hasTotemAbility=False
[Info   : KayceePvP] Duel: SENDING | match=-1913211851 turn=5 seq=75 sender=PEER type=card_played card=Beehive slot=3 sacrificedSlots=[3]
[Info   : KayceePvP] Duel: LOCAL STATE HASH | match=-1913211851 forSeq=75 basedOnActionFromHost=False hash=U8hT++hUmSHS+sjo state=[HOST=[EMPTY;EMPTY;EMPTY;MudTurtle/2/2/[54]] PEER=[EMPTY;Beehive/0/2/[2,9];EMPTY;Beehive/0/2/[2,9]] BAL=2 TURN=5 BATTLE=2 HW=1 PW=0]
[Info   : KayceePvP] Duel: TRACE_HANDLE_MESSAGE | self=PEER sender=HOST type=duel_state_hash match=-1913211851 battle=2 turn=5 seq=76 currentTurn=5 isPlayerTurn=True netTransitMsApprox=435,7
[Info   : KayceePvP] Duel: RECEIVED PEER HASH | match=-1913211851 sender=HOST forSeq=75 basedOnActionFromHost=False hash=xEYdUPbznLzMSE1S
[Error  : KayceePvP] Duel: STATE HASH MISMATCH | match=-1913211851 forSeq=75 basedOnActionFromHost=False localHash=U8hT++hUmSHS+sjo peerHash=xEYdUPbznLzMSE1S
[Error  : KayceePvP] Duel: local state dump (forSeq=75) | HOST=[EMPTY;EMPTY;EMPTY;MudTurtle/2/2/[54]] PEER=[EMPTY;Beehive/0/2/[2,9];EMPTY;Beehive/0/2/[2,9]] BAL=2 TURN=5 BATTLE=2 HW=1 PW=0
[Info   : KayceePvP] Duel: SENDING | match=-1913211851 turn=5 seq=77 sender=PEER type=end_turn cardsPlayedThisTurn=2
[Info   : KayceePvP] Duel (combat): COMBAT_PHASE_STARTED | self=PEER generation=6 playerIsAttacker=True
[Info   : KayceePvP] Duel: TRACE_HANDLE_MESSAGE | self=PEER sender=HOST type=duel_state_hash match=-1913211851 battle=2 turn=6 seq=77 currentTurn=5 isPlayerTurn=True netTransitMsApprox=425,8
[Info   : KayceePvP] Duel: RECEIVED PEER HASH | match=-1913211851 sender=HOST forSeq=77 basedOnActionFromHost=False hash=iBzezNxfmx0S3b3/
[Info   : KayceePvP] Duel (combat): COMBAT_PHASE_RESOLVED | self=PEER generation=6 playerIsAttacker=True
[Info   : KayceePvP] Duel (ability-trigger): GlobalTriggerHandler.TriggerCardsOnBoard(Trigger.TurnEnd) DISPATCHED | SELF=PEER playerTurnEndArg=True
[Info   : KayceePvP] Duel: LOCAL STATE HASH | match=-1913211851 forSeq=77 basedOnActionFromHost=False hash=2yZAStvsmdHRM1aI state=[HOST=[EMPTY;EMPTY;EMPTY;MudTurtle/2/2/[54]] PEER=[EMPTY;Beehive/0/2/[2,9];EMPTY;Beehive/0/2/[2,9]] BAL=2 TURN=6 BATTLE=2 HW=1 PW=0]
[Error  : KayceePvP] Duel: STATE HASH MISMATCH | match=-1913211851 forSeq=77 basedOnActionFromHost=False localHash=2yZAStvsmdHRM1aI peerHash=iBzezNxfmx0S3b3/
[Error  : KayceePvP] Duel: local state dump (forSeq=77) | HOST=[EMPTY;EMPTY;EMPTY;MudTurtle/2/2/[54]] PEER=[EMPTY;Beehive/0/2/[2,9];EMPTY;Beehive/0/2/[2,9]] BAL=2 TURN=6 BATTLE=2 HW=1 PW=0
[Info   : KayceePvP] NetworkOpponent: waiting for the peer's turn (4 opponent slots available). gen=11
[Info   : KayceePvP] Duel: TRACE_HANDLE_MESSAGE | self=PEER sender=HOST type=card_played match=-1913211851 battle=2 turn=6 seq=78 currentTurn=6 isPlayerTurn=False netTransitMsApprox=443,8
[Info   : KayceePvP] Duel: RECEIVED | match=-1913211851 battle=2 turn=6 seq=78 sender=HOST type=card_played card=Squirrel slot=2 queueBefore=0 queueAfter=1 currentTurn=6
[Info   : KayceePvP] NetworkOpponent: PROCESSING | gen=11 match=-1913211851 battle=2 turn=6 seq=78 type=card_played queueBefore=1 queueAfter=0 currentTurn=6 isPlayerTurn=False queueDwellMs=9,6
[Info   : KayceePvP] Duel: TRACE_HANDLE_MESSAGE | self=PEER sender=HOST type=duel_state_hash match=-1913211851 battle=2 turn=6 seq=79 currentTurn=6 isPlayerTurn=False netTransitMsApprox=417,3
[Info   : KayceePvP] Duel: RECEIVED PEER HASH | match=-1913211851 sender=HOST forSeq=78 basedOnActionFromHost=True hash=P4Zfv+Is3psm55cA
[Info   : KayceePvP] NetworkOpponent: queueing 'Squirrel' onto opponent slot 2.
[Info   : KayceePvP] Duel: LOCAL STATE HASH | match=-1913211851 forSeq=78 basedOnActionFromHost=True hash=cV54GRdP12qXyhqM state=[HOST=[EMPTY;EMPTY;Squirrel/0/1/[];MudTurtle/2/2/[54]] PEER=[EMPTY;Beehive/0/2/[2,9];EMPTY;Beehive/0/2/[2,9]] BAL=2 TURN=6 BATTLE=2 HW=1 PW=0]
[Error  : KayceePvP] Duel: STATE HASH MISMATCH | match=-1913211851 forSeq=78 basedOnActionFromHost=True localHash=cV54GRdP12qXyhqM peerHash=P4Zfv+Is3psm55cA
[Error  : KayceePvP] Duel: local state dump (forSeq=78) | HOST=[EMPTY;EMPTY;Squirrel/0/1/[];MudTurtle/2/2/[54]] PEER=[EMPTY;Beehive/0/2/[2,9];EMPTY;Beehive/0/2/[2,9]] BAL=2 TURN=6 BATTLE=2 HW=1 PW=0
[Info   : KayceePvP] Duel: TRACE_HANDLE_MESSAGE | self=PEER sender=HOST type=card_played match=-1913211851 battle=2 turn=6 seq=80 currentTurn=6 isPlayerTurn=False netTransitMsApprox=446,5
[Info   : KayceePvP] Duel: RECEIVED | match=-1913211851 battle=2 turn=6 seq=80 sender=HOST type=card_played card=Beehive slot=2 queueBefore=0 queueAfter=1 currentTurn=6
[Info   : KayceePvP] NetworkOpponent: PROCESSING | gen=11 match=-1913211851 battle=2 turn=6 seq=80 type=card_played queueBefore=1 queueAfter=0 currentTurn=6 isPlayerTurn=False queueDwellMs=16,1
[Info   : KayceePvP] Duel: TRACE_HANDLE_MESSAGE | self=PEER sender=HOST type=duel_state_hash match=-1913211851 battle=2 turn=6 seq=81 currentTurn=6 isPlayerTurn=False netTransitMsApprox=415,6
[Info   : KayceePvP] Duel: RECEIVED PEER HASH | match=-1913211851 sender=HOST forSeq=80 basedOnActionFromHost=True hash=X/yYPg2uVIXDXpJB
[Info   : KayceePvP] NetworkOpponent: applying remote sacrifice at slot 2 ('Squirrel').
[Info   : KayceePvP] Duel (card-sync): RECV card='Beehive' | SELF=PEER RECONSTRUCTED_BASE=[2] WIRE=[2+9] TO_ADD=[9] TO_NEGATE=[] FINAL_EFFECTIVE=[2+9]
[Info   : KayceePvP] NetworkOpponent: queueing 'Beehive' onto opponent slot 2.
[Info   : KayceePvP] Duel (ownership): suppressed DrawCreatedCard's card-to-hand | ABSOLUTE_OWNER=HOST LOCAL_SIDE=OPPONENT SELF=PEER ABILITY=DrawCreatedCard card='Beehive' - would have wrongly gone to the local player's hand.
[Info   : KayceePvP] Duel: LOCAL STATE HASH | match=-1913211851 forSeq=80 basedOnActionFromHost=True hash=OJDB72+7RdEBVDi3 state=[HOST=[EMPTY;EMPTY;Beehive/0/2/[2,9];MudTurtle/2/2/[54]] PEER=[EMPTY;Beehive/0/2/[2,9];EMPTY;Beehive/0/2/[2,9]] BAL=2 TURN=6 BATTLE=2 HW=1 PW=0]
[Error  : KayceePvP] Duel: STATE HASH MISMATCH | match=-1913211851 forSeq=80 basedOnActionFromHost=True localHash=OJDB72+7RdEBVDi3 peerHash=X/yYPg2uVIXDXpJB
[Error  : KayceePvP] Duel: local state dump (forSeq=80) | HOST=[EMPTY;EMPTY;Beehive/0/2/[2,9];MudTurtle/2/2/[54]] PEER=[EMPTY;Beehive/0/2/[2,9];EMPTY;Beehive/0/2/[2,9]] BAL=2 TURN=6 BATTLE=2 HW=1 PW=0
[Info   : KayceePvP] Duel: TRACE_HANDLE_MESSAGE | self=PEER sender=HOST type=end_turn match=-1913211851 battle=2 turn=6 seq=82 currentTurn=6 isPlayerTurn=False netTransitMsApprox=442,5
[Info   : KayceePvP] Duel: RECEIVED | match=-1913211851 battle=2 turn=6 seq=82 sender=HOST type=end_turn queueBefore=0 queueAfter=1 currentTurn=6
[Info   : KayceePvP] NetworkOpponent: PROCESSING | gen=11 match=-1913211851 battle=2 turn=6 seq=82 type=end_turn queueBefore=1 queueAfter=0 currentTurn=6 isPlayerTurn=False queueDwellMs=7,6
[Info   : KayceePvP] Duel (combat): COMBAT_PHASE_STARTED | self=PEER generation=7 playerIsAttacker=False
[Info   : KayceePvP] Duel (ownership): DrawCreatedCard fired | ABSOLUTE_OWNER=PEER LOCAL_SIDE=PLAYER SELF=PEER ABILITY=DrawCreatedCard card='Beehive' -> proceeding (local card).
[Info   : KayceePvP] Duel: TRACE_HANDLE_MESSAGE | self=PEER sender=HOST type=duel_state_hash match=-1913211851 battle=2 turn=7 seq=83 currentTurn=6 isPlayerTurn=False netTransitMsApprox=415,4
[Info   : KayceePvP] Duel: RECEIVED PEER HASH | match=-1913211851 sender=HOST forSeq=82 basedOnActionFromHost=True hash=wv21FsSxXWj/o+xK
[Info   : KayceePvP] Duel (combat): COMBAT_PHASE_RESOLVED | self=PEER generation=7 playerIsAttacker=False
[Info   : KayceePvP] Duel (ability-trigger): GlobalTriggerHandler.TriggerCardsOnBoard(Trigger.TurnEnd) DISPATCHED | SELF=PEER playerTurnEndArg=False
[Info   : KayceePvP] Duel: LOCAL STATE HASH | match=-1913211851 forSeq=82 basedOnActionFromHost=True hash=wv21FsSxXWj/o+xK state=[HOST=[EMPTY;EMPTY;Beehive/0/2/[2,9];MudTurtle/2/2/[54]] PEER=[EMPTY;Beehive/0/2/[2,9];EMPTY;EMPTY] BAL=2 TURN=7 BATTLE=2 HW=1 PW=0]
[Info   : KayceePvP] Duel: STATE HASH MATCH | match=-1913211851 forSeq=82 basedOnActionFromHost=True hash=wv21FsSxXWj/o+xK
[Info   : KayceePvP] Duel (card-sync): SEND card='Bee' | SELF=PEER BASE=[Flying] PERMANENT_MOD_ABILITIES=[DrawCopy] PERMANENT_MOD_NEGATIONS=[] TEMPORARY_MOD_ABILITIES=[] EFFECTIVE=[19+9] WIRE=[19+9] hasTotemAbility=False
[Info   : KayceePvP] Duel: SENDING | match=-1913211851 turn=7 seq=82 sender=PEER type=card_played card=Bee slot=3
[Info   : KayceePvP] Duel: LOCAL STATE HASH | match=-1913211851 forSeq=82 basedOnActionFromHost=False hash=W8ks+RISnQP4F5ib state=[HOST=[EMPTY;EMPTY;Beehive/0/2/[2,9];MudTurtle/2/2/[54]] PEER=[EMPTY;Beehive/0/2/[2,9];EMPTY;Bee/1/1/[9,19]] BAL=2 TURN=7 BATTLE=2 HW=1 PW=0]
[Info   : KayceePvP] Duel (ownership): DrawCreatedCard fired | ABSOLUTE_OWNER=PEER LOCAL_SIDE=PLAYER SELF=PEER ABILITY=DrawCreatedCard card='Bee' -> proceeding (local card).
[Warning:InscryptionAPI] More than 1 card are using the same CardInfo. This can cause unexpected problems with dynamic costs! Bee
[Info   : KayceePvP] Duel: TRACE_HANDLE_MESSAGE | self=PEER sender=HOST type=duel_state_hash match=-1913211851 battle=2 turn=7 seq=84 currentTurn=7 isPlayerTurn=True netTransitMsApprox=468,9
[Info   : KayceePvP] Duel: RECEIVED PEER HASH | match=-1913211851 sender=HOST forSeq=82 basedOnActionFromHost=False hash=W8ks+RISnQP4F5ib
[Info   : KayceePvP] Duel: STATE HASH MATCH | match=-1913211851 forSeq=82 basedOnActionFromHost=False hash=W8ks+RISnQP4F5ib
[Info   : KayceePvP] Duel (card-sync): SEND card='Bee' | SELF=PEER BASE=[Flying] PERMANENT_MOD_ABILITIES=[DrawCopy] PERMANENT_MOD_NEGATIONS=[] TEMPORARY_MOD_ABILITIES=[] EFFECTIVE=[19+9] WIRE=[19] hasTotemAbility=False
[Info   : KayceePvP] Duel: SENDING | match=-1913211851 turn=7 seq=84 sender=PEER type=card_played card=Bee slot=2
[Info   : KayceePvP] Duel: LOCAL STATE HASH | match=-1913211851 forSeq=84 basedOnActionFromHost=False hash=+OVf+LJuw66HuMO9 state=[HOST=[EMPTY;EMPTY;Beehive/0/2/[2,9];MudTurtle/2/2/[54]] PEER=[EMPTY;Beehive/0/2/[2,9];Bee/1/1/[9,19];Bee/1/1/[9,19]] BAL=2 TURN=7 BATTLE=2 HW=1 PW=0]
[Info   : KayceePvP] Duel: TRACE_HANDLE_MESSAGE | self=PEER sender=HOST type=duel_state_hash match=-1913211851 battle=2 turn=7 seq=85 currentTurn=7 isPlayerTurn=True netTransitMsApprox=425,1
[Info   : KayceePvP] Duel: RECEIVED PEER HASH | match=-1913211851 sender=HOST forSeq=84 basedOnActionFromHost=False hash=6ng/uVUoaJL/1EXt
[Error  : KayceePvP] Duel: STATE HASH MISMATCH | match=-1913211851 forSeq=84 basedOnActionFromHost=False localHash=+OVf+LJuw66HuMO9 peerHash=6ng/uVUoaJL/1EXt
[Error  : KayceePvP] Duel: local state dump (forSeq=84) | HOST=[EMPTY;EMPTY;Beehive/0/2/[2,9];MudTurtle/2/2/[54]] PEER=[EMPTY;Beehive/0/2/[2,9];Bee/1/1/[9,19];Bee/1/1/[9,19]] BAL=2 TURN=7 BATTLE=2 HW=1 PW=0
[Info   : KayceePvP] Duel: captured sacrifice of 'Bee' at slot 2 - will attach to the next card_played broadcast.
[Info   : KayceePvP] Duel: captured sacrifice of 'Bee' at slot 3 - will attach to the next card_played broadcast.
[Info   : KayceePvP] Duel: SENDING | match=-1913211851 turn=7 seq=86 sender=PEER type=card_played card=Bloodhound slot=3 sacrificedSlots=[2,3]
[Info   : KayceePvP] Duel: LOCAL STATE HASH | match=-1913211851 forSeq=86 basedOnActionFromHost=False hash=OscA05AceePjgqvA state=[HOST=[EMPTY;EMPTY;Beehive/0/2/[2,9];MudTurtle/2/2/[54]] PEER=[EMPTY;Beehive/0/2/[2,9];EMPTY;Bloodhound/2/3/[18]] BAL=2 TURN=7 BATTLE=2 HW=1 PW=0]
[Info   : KayceePvP] Duel: TRACE_HANDLE_MESSAGE | self=PEER sender=HOST type=duel_state_hash match=-1913211851 battle=2 turn=7 seq=86 currentTurn=7 isPlayerTurn=True netTransitMsApprox=432,7
[Info   : KayceePvP] Duel: RECEIVED PEER HASH | match=-1913211851 sender=HOST forSeq=86 basedOnActionFromHost=False hash=OscA05AceePjgqvA
[Info   : KayceePvP] Duel: STATE HASH MATCH | match=-1913211851 forSeq=86 basedOnActionFromHost=False hash=OscA05AceePjgqvA
[Info   : KayceePvP] Duel: SENDING | match=-1913211851 turn=7 seq=88 sender=PEER type=end_turn cardsPlayedThisTurn=3
[Info   : KayceePvP] Duel (combat): COMBAT_PHASE_STARTED | self=PEER generation=8 playerIsAttacker=True
[Info   : KayceePvP] Duel (combat): COMBAT_PHASE_RESOLVED | self=PEER generation=8 playerIsAttacker=True
[Info   : KayceePvP] Duel (ability-trigger): GlobalTriggerHandler.TriggerCardsOnBoard(Trigger.TurnEnd) DISPATCHED | SELF=PEER playerTurnEndArg=True
[Info   : KayceePvP] Duel: LOCAL STATE HASH | match=-1913211851 forSeq=88 basedOnActionFromHost=False hash=GDz1lUHP2DMpNFik state=[HOST=[EMPTY;EMPTY;Beehive/0/2/[2,9];MudTurtle/2/2/[54]] PEER=[EMPTY;Beehive/0/2/[2,9];EMPTY;Bloodhound/2/3/[18]] BAL=2 TURN=8 BATTLE=2 HW=1 PW=0]
[Info   : KayceePvP] NetworkOpponent: waiting for the peer's turn (4 opponent slots available). gen=12
[Info   : KayceePvP] Duel: TRACE_HANDLE_MESSAGE | self=PEER sender=HOST type=duel_state_hash match=-1913211851 battle=2 turn=8 seq=87 currentTurn=8 isPlayerTurn=False netTransitMsApprox=450,0
[Info   : KayceePvP] Duel: RECEIVED PEER HASH | match=-1913211851 sender=HOST forSeq=88 basedOnActionFromHost=False hash=GDz1lUHP2DMpNFik
[Info   : KayceePvP] Duel: STATE HASH MATCH | match=-1913211851 forSeq=88 basedOnActionFromHost=False hash=GDz1lUHP2DMpNFik
[Info   : KayceePvP] Duel: TRACE_HANDLE_MESSAGE | self=PEER sender=HOST type=card_played match=-1913211851 battle=2 turn=8 seq=88 currentTurn=8 isPlayerTurn=False netTransitMsApprox=425,6
[Info   : KayceePvP] Duel: RECEIVED | match=-1913211851 battle=2 turn=8 seq=88 sender=HOST type=card_played card=Squirrel slot=0 queueBefore=0 queueAfter=1 currentTurn=8
[Info   : KayceePvP] NetworkOpponent: PROCESSING | gen=12 match=-1913211851 battle=2 turn=8 seq=88 type=card_played queueBefore=1 queueAfter=0 currentTurn=8 isPlayerTurn=False queueDwellMs=4,0
[Info   : KayceePvP] NetworkOpponent: queueing 'Squirrel' onto opponent slot 0.
[Info   : KayceePvP] Duel: TRACE_HANDLE_MESSAGE | self=PEER sender=HOST type=duel_state_hash match=-1913211851 battle=2 turn=8 seq=89 currentTurn=8 isPlayerTurn=False netTransitMsApprox=421,7
[Info   : KayceePvP] Duel: RECEIVED PEER HASH | match=-1913211851 sender=HOST forSeq=88 basedOnActionFromHost=True hash=CUEAPscnt+1x5mBW
[Info   : KayceePvP] Duel: LOCAL STATE HASH | match=-1913211851 forSeq=88 basedOnActionFromHost=True hash=zDZHUtE9iq4cCzAL state=[HOST=[Squirrel/0/1/[];EMPTY;Beehive/0/2/[2,9];MudTurtle/2/2/[54]] PEER=[Bloodhound/2/3/[18];Beehive/0/2/[2,9];EMPTY;EMPTY] BAL=2 TURN=8 BATTLE=2 HW=1 PW=0]
[Error  : KayceePvP] Duel: STATE HASH MISMATCH | match=-1913211851 forSeq=88 basedOnActionFromHost=True localHash=zDZHUtE9iq4cCzAL peerHash=CUEAPscnt+1x5mBW
[Error  : KayceePvP] Duel: local state dump (forSeq=88) | HOST=[Squirrel/0/1/[];EMPTY;Beehive/0/2/[2,9];MudTurtle/2/2/[54]] PEER=[Bloodhound/2/3/[18];Beehive/0/2/[2,9];EMPTY;EMPTY] BAL=2 TURN=8 BATTLE=2 HW=1 PW=0
[Info   : KayceePvP] Duel: TRACE_HANDLE_MESSAGE | self=PEER sender=HOST type=card_played match=-1913211851 battle=2 turn=8 seq=90 currentTurn=8 isPlayerTurn=False netTransitMsApprox=432,7
[Info   : KayceePvP] Duel: RECEIVED | match=-1913211851 battle=2 turn=8 seq=90 sender=HOST type=card_played card=Beehive slot=0 queueBefore=0 queueAfter=1 currentTurn=8
[Info   : KayceePvP] NetworkOpponent: PROCESSING | gen=12 match=-1913211851 battle=2 turn=8 seq=90 type=card_played queueBefore=1 queueAfter=0 currentTurn=8 isPlayerTurn=False queueDwellMs=14,0
[Info   : KayceePvP] NetworkOpponent: applying remote sacrifice at slot 0 ('Squirrel').
[Info   : KayceePvP] Duel: TRACE_HANDLE_MESSAGE | self=PEER sender=HOST type=duel_state_hash match=-1913211851 battle=2 turn=8 seq=91 currentTurn=8 isPlayerTurn=False netTransitMsApprox=432,7
[Info   : KayceePvP] Duel: RECEIVED PEER HASH | match=-1913211851 sender=HOST forSeq=90 basedOnActionFromHost=True hash=ymQN3rVMZir16tlf
[Info   : KayceePvP] Duel (card-sync): RECV card='Beehive' | SELF=PEER RECONSTRUCTED_BASE=[2] WIRE=[2] TO_ADD=[] TO_NEGATE=[] FINAL_EFFECTIVE=[2]
[Info   : KayceePvP] NetworkOpponent: queueing 'Beehive' onto opponent slot 0.
[Info   : KayceePvP] Duel: TRACE_HANDLE_MESSAGE | self=PEER sender=HOST type=end_turn match=-1913211851 battle=2 turn=8 seq=92 currentTurn=8 isPlayerTurn=False netTransitMsApprox=433,9
[Info   : KayceePvP] Duel: RECEIVED | match=-1913211851 battle=2 turn=8 seq=92 sender=HOST type=end_turn queueBefore=0 queueAfter=1 currentTurn=8
[Info   : KayceePvP] Duel: LOCAL STATE HASH | match=-1913211851 forSeq=90 basedOnActionFromHost=True hash=QMKRZirV50XkiWFy state=[HOST=[Beehive/0/2/[2];EMPTY;Beehive/0/2/[2,9];MudTurtle/2/2/[54]] PEER=[Bloodhound/2/3/[18];Beehive/0/2/[2,9];EMPTY;EMPTY] BAL=2 TURN=8 BATTLE=2 HW=1 PW=0]
[Error  : KayceePvP] Duel: STATE HASH MISMATCH | match=-1913211851 forSeq=90 basedOnActionFromHost=True localHash=QMKRZirV50XkiWFy peerHash=ymQN3rVMZir16tlf
[Error  : KayceePvP] Duel: local state dump (forSeq=90) | HOST=[Beehive/0/2/[2];EMPTY;Beehive/0/2/[2,9];MudTurtle/2/2/[54]] PEER=[Bloodhound/2/3/[18];Beehive/0/2/[2,9];EMPTY;EMPTY] BAL=2 TURN=8 BATTLE=2 HW=1 PW=0
[Info   : KayceePvP] NetworkOpponent: PROCESSING | gen=12 match=-1913211851 battle=2 turn=8 seq=92 type=end_turn queueBefore=1 queueAfter=0 currentTurn=8 isPlayerTurn=False queueDwellMs=82,6
[Info   : KayceePvP] Duel (combat): COMBAT_PHASE_STARTED | self=PEER generation=9 playerIsAttacker=False
[Info   : KayceePvP] Duel: TRACE_HANDLE_MESSAGE | self=PEER sender=HOST type=duel_state_hash match=-1913211851 battle=2 turn=9 seq=93 currentTurn=8 isPlayerTurn=False netTransitMsApprox=432,4
[Info   : KayceePvP] Duel: RECEIVED PEER HASH | match=-1913211851 sender=HOST forSeq=92 basedOnActionFromHost=True hash=w5Pp7Rd4+MuPiEPJ
[Info   : KayceePvP] Duel (combat): COMBAT_PHASE_RESOLVED | self=PEER generation=9 playerIsAttacker=False
[Info   : KayceePvP] Duel (ability-trigger): GlobalTriggerHandler.TriggerCardsOnBoard(Trigger.TurnEnd) DISPATCHED | SELF=PEER playerTurnEndArg=False
[Info   : KayceePvP] Duel: LOCAL STATE HASH | match=-1913211851 forSeq=92 basedOnActionFromHost=True hash=ZTB327UPC08VZXxn state=[HOST=[Beehive/0/2/[2];EMPTY;Beehive/0/2/[2,9];MudTurtle/2/2/[54]] PEER=[Bloodhound/2/3/[18];Beehive/0/2/[2,9];EMPTY;EMPTY] BAL=4 TURN=9 BATTLE=2 HW=1 PW=0]
[Error  : KayceePvP] Duel: STATE HASH MISMATCH | match=-1913211851 forSeq=92 basedOnActionFromHost=True localHash=ZTB327UPC08VZXxn peerHash=w5Pp7Rd4+MuPiEPJ
[Error  : KayceePvP] Duel: local state dump (forSeq=92) | HOST=[Beehive/0/2/[2];EMPTY;Beehive/0/2/[2,9];MudTurtle/2/2/[54]] PEER=[Bloodhound/2/3/[18];Beehive/0/2/[2,9];EMPTY;EMPTY] BAL=4 TURN=9 BATTLE=2 HW=1 PW=0
[Info   : KayceePvP] Duel: SENDING | match=-1913211851 turn=9 seq=93 sender=PEER type=end_turn cardsPlayedThisTurn=0
[Info   : KayceePvP] Duel (combat): COMBAT_PHASE_STARTED | self=PEER generation=10 playerIsAttacker=True
[Info   : KayceePvP] Duel (ownership): suppressed DrawCreatedCard's card-to-hand | ABSOLUTE_OWNER=HOST LOCAL_SIDE=OPPONENT SELF=PEER ABILITY=DrawCreatedCard card='Beehive' - would have wrongly gone to the local player's hand.
[Info   : KayceePvP] Duel (combat): COMBAT_PHASE_RESOLVED | self=PEER generation=10 playerIsAttacker=True
[Info   : KayceePvP] Duel (ability-trigger): GlobalTriggerHandler.TriggerCardsOnBoard(Trigger.TurnEnd) DISPATCHED | SELF=PEER playerTurnEndArg=True
[Info   : KayceePvP] Duel: LOCAL STATE HASH | match=-1913211851 forSeq=93 basedOnActionFromHost=False hash=qpNOy1bTcy1BBAYz state=[HOST=[EMPTY;EMPTY;Beehive/0/2/[2,9];MudTurtle/2/2/[54]] PEER=[Bloodhound/2/3/[18];Beehive/0/2/[2,9];EMPTY;EMPTY] BAL=4 TURN=10 BATTLE=2 HW=1 PW=0]
[Info   : KayceePvP] NetworkOpponent: waiting for the peer's turn (4 opponent slots available). gen=13
[Info   : KayceePvP] Duel: TRACE_HANDLE_MESSAGE | self=PEER sender=HOST type=duel_state_hash match=-1913211851 battle=2 turn=10 seq=94 currentTurn=10 isPlayerTurn=False netTransitMsApprox=409,4
[Info   : KayceePvP] Duel: RECEIVED PEER HASH | match=-1913211851 sender=HOST forSeq=93 basedOnActionFromHost=False hash=qpNOy1bTcy1BBAYz
[Info   : KayceePvP] Duel: STATE HASH MATCH | match=-1913211851 forSeq=93 basedOnActionFromHost=False hash=qpNOy1bTcy1BBAYz
[Info   : KayceePvP] Duel: TRACE_HANDLE_MESSAGE | self=PEER sender=HOST type=card_played match=-1913211851 battle=2 turn=10 seq=95 currentTurn=10 isPlayerTurn=False netTransitMsApprox=426,2
[Info   : KayceePvP] Duel: RECEIVED | match=-1913211851 battle=2 turn=10 seq=95 sender=HOST type=card_played card=Squirrel slot=1 queueBefore=0 queueAfter=1 currentTurn=10
[Info   : KayceePvP] NetworkOpponent: PROCESSING | gen=13 match=-1913211851 battle=2 turn=10 seq=95 type=card_played queueBefore=1 queueAfter=0 currentTurn=10 isPlayerTurn=False queueDwellMs=10,6
[Info   : KayceePvP] NetworkOpponent: queueing 'Squirrel' onto opponent slot 1.
[Info   : KayceePvP] Duel: TRACE_HANDLE_MESSAGE | self=PEER sender=HOST type=duel_state_hash match=-1913211851 battle=2 turn=10 seq=96 currentTurn=10 isPlayerTurn=False netTransitMsApprox=419,6
[Info   : KayceePvP] Duel: RECEIVED PEER HASH | match=-1913211851 sender=HOST forSeq=95 basedOnActionFromHost=True hash=3IvdT7VnWeBz7B1D
[Info   : KayceePvP] Duel: LOCAL STATE HASH | match=-1913211851 forSeq=95 basedOnActionFromHost=True hash=3IvdT7VnWeBz7B1D state=[HOST=[EMPTY;Squirrel/0/1/[];Beehive/0/2/[2,9];MudTurtle/2/2/[54]] PEER=[Bloodhound/2/3/[18];Beehive/0/2/[2,9];EMPTY;EMPTY] BAL=4 TURN=10 BATTLE=2 HW=1 PW=0]
[Info   : KayceePvP] Duel: STATE HASH MATCH | match=-1913211851 forSeq=95 basedOnActionFromHost=True hash=3IvdT7VnWeBz7B1D
[Info   : KayceePvP] Duel: TRACE_HANDLE_MESSAGE | self=PEER sender=HOST type=card_played match=-1913211851 battle=2 turn=10 seq=97 currentTurn=10 isPlayerTurn=False netTransitMsApprox=436,7
[Info   : KayceePvP] Duel: RECEIVED | match=-1913211851 battle=2 turn=10 seq=97 sender=HOST type=card_played card=Bee slot=0 queueBefore=0 queueAfter=1 currentTurn=10
[Info   : KayceePvP] NetworkOpponent: PROCESSING | gen=13 match=-1913211851 battle=2 turn=10 seq=97 type=card_played queueBefore=1 queueAfter=0 currentTurn=10 isPlayerTurn=False queueDwellMs=9,5
[Info   : KayceePvP] Duel (card-sync): RECV card='Bee' | SELF=PEER RECONSTRUCTED_BASE=[19] WIRE=[19+9] TO_ADD=[9] TO_NEGATE=[] FINAL_EFFECTIVE=[19+9]
[Info   : KayceePvP] NetworkOpponent: queueing 'Bee' onto opponent slot 0.
[Info   : KayceePvP] Duel: TRACE_HANDLE_MESSAGE | self=PEER sender=HOST type=duel_state_hash match=-1913211851 battle=2 turn=10 seq=98 currentTurn=10 isPlayerTurn=False netTransitMsApprox=421,0
[Info   : KayceePvP] Duel: RECEIVED PEER HASH | match=-1913211851 sender=HOST forSeq=97 basedOnActionFromHost=True hash=FcAwip2fA3QzBiAl
[Info   : KayceePvP] Duel (ownership): suppressed DrawCreatedCard's card-to-hand | ABSOLUTE_OWNER=HOST LOCAL_SIDE=OPPONENT SELF=PEER ABILITY=DrawCreatedCard card='Bee' - would have wrongly gone to the local player's hand.
[Info   : KayceePvP] Duel: LOCAL STATE HASH | match=-1913211851 forSeq=97 basedOnActionFromHost=True hash=FcAwip2fA3QzBiAl state=[HOST=[Bee/1/1/[9,19];Squirrel/0/1/[];Beehive/0/2/[2,9];MudTurtle/2/2/[54]] PEER=[Bloodhound/2/3/[18];Beehive/0/2/[2,9];EMPTY;EMPTY] BAL=4 TURN=10 BATTLE=2 HW=1 PW=0]
[Info   : KayceePvP] Duel: STATE HASH MATCH | match=-1913211851 forSeq=97 basedOnActionFromHost=True hash=FcAwip2fA3QzBiAl
[Info   : KayceePvP] Duel: TRACE_HANDLE_MESSAGE | self=PEER sender=HOST type=card_played match=-1913211851 battle=2 turn=10 seq=99 currentTurn=10 isPlayerTurn=False netTransitMsApprox=427,4
[Info   : KayceePvP] Duel: RECEIVED | match=-1913211851 battle=2 turn=10 seq=99 sender=HOST type=card_played card=DireWolfCub slot=1 queueBefore=0 queueAfter=1 currentTurn=10
[Info   : KayceePvP] NetworkOpponent: PROCESSING | gen=13 match=-1913211851 battle=2 turn=10 seq=99 type=card_played queueBefore=1 queueAfter=0 currentTurn=10 isPlayerTurn=False queueDwellMs=12,5
[Info   : KayceePvP] Duel: TRACE_HANDLE_MESSAGE | self=PEER sender=HOST type=duel_state_hash match=-1913211851 battle=2 turn=10 seq=100 currentTurn=10 isPlayerTurn=False netTransitMsApprox=429,7
[Info   : KayceePvP] Duel: RECEIVED PEER HASH | match=-1913211851 sender=HOST forSeq=99 basedOnActionFromHost=True hash=SZMHe4+v6D+RR0jv
[Info   : KayceePvP] NetworkOpponent: applying remote sacrifice at slot 0 ('Bee').
[Info   : KayceePvP] NetworkOpponent: applying remote sacrifice at slot 1 ('Squirrel').
[Info   : KayceePvP] Duel (card-sync): RECV card='DireWolfCub' | SELF=PEER RECONSTRUCTED_BASE=[28+5] WIRE=[28+5] TO_ADD=[] TO_NEGATE=[] FINAL_EFFECTIVE=[28+5]
[Info   : KayceePvP] NetworkOpponent: queueing 'DireWolfCub' onto opponent slot 1.
[Info   : KayceePvP] Duel: TRACE_HANDLE_MESSAGE | self=PEER sender=HOST type=card_played match=-1913211851 battle=2 turn=10 seq=101 currentTurn=10 isPlayerTurn=False netTransitMsApprox=423,8
[Info   : KayceePvP] Duel: RECEIVED | match=-1913211851 battle=2 turn=10 seq=101 sender=HOST type=card_played card=Bee slot=0 queueBefore=0 queueAfter=1 currentTurn=10
[Info   : KayceePvP] Duel: TRACE_HANDLE_MESSAGE | self=PEER sender=HOST type=duel_state_hash match=-1913211851 battle=2 turn=10 seq=102 currentTurn=10 isPlayerTurn=False netTransitMsApprox=423,5
[Info   : KayceePvP] Duel: RECEIVED PEER HASH | match=-1913211851 sender=HOST forSeq=101 basedOnActionFromHost=True hash=qJ7xGUz319hk3EdB
[Info   : KayceePvP] Duel: LOCAL STATE HASH | match=-1913211851 forSeq=99 basedOnActionFromHost=True hash=SZMHe4+v6D+RR0jv state=[HOST=[EMPTY;DireWolfCub/1/1/[5,28];Beehive/0/2/[2,9];MudTurtle/2/2/[54]] PEER=[Bloodhound/2/3/[18];Beehive/0/2/[2,9];EMPTY;EMPTY] BAL=4 TURN=10 BATTLE=2 HW=1 PW=0]
[Info   : KayceePvP] Duel: STATE HASH MATCH | match=-1913211851 forSeq=99 basedOnActionFromHost=True hash=SZMHe4+v6D+RR0jv
[Info   : KayceePvP] NetworkOpponent: PROCESSING | gen=13 match=-1913211851 battle=2 turn=10 seq=101 type=card_played queueBefore=1 queueAfter=0 currentTurn=10 isPlayerTurn=False queueDwellMs=325,4
[Info   : KayceePvP] Duel (card-sync): RECV card='Bee' | SELF=PEER RECONSTRUCTED_BASE=[19] WIRE=[19] TO_ADD=[] TO_NEGATE=[] FINAL_EFFECTIVE=[19]
[Info   : KayceePvP] NetworkOpponent: queueing 'Bee' onto opponent slot 0.
[Info   : KayceePvP] Duel: TRACE_HANDLE_MESSAGE | self=PEER sender=HOST type=end_turn match=-1913211851 battle=2 turn=10 seq=103 currentTurn=10 isPlayerTurn=False netTransitMsApprox=438,0
[Info   : KayceePvP] Duel: RECEIVED | match=-1913211851 battle=2 turn=10 seq=103 sender=HOST type=end_turn queueBefore=0 queueAfter=1 currentTurn=10
[Info   : KayceePvP] Duel: LOCAL STATE HASH | match=-1913211851 forSeq=101 basedOnActionFromHost=True hash=+x3cs5L3TzcX4lV3 state=[HOST=[Bee/1/1/[19];DireWolfCub/1/1/[5,28];Beehive/0/2/[2,9];MudTurtle/2/2/[54]] PEER=[Bloodhound/2/3/[18];Beehive/0/2/[2,9];EMPTY;EMPTY] BAL=4 TURN=10 BATTLE=2 HW=1 PW=0]
[Error  : KayceePvP] Duel: STATE HASH MISMATCH | match=-1913211851 forSeq=101 basedOnActionFromHost=True localHash=+x3cs5L3TzcX4lV3 peerHash=qJ7xGUz319hk3EdB
[Error  : KayceePvP] Duel: local state dump (forSeq=101) | HOST=[Bee/1/1/[19];DireWolfCub/1/1/[5,28];Beehive/0/2/[2,9];MudTurtle/2/2/[54]] PEER=[Bloodhound/2/3/[18];Beehive/0/2/[2,9];EMPTY;EMPTY] BAL=4 TURN=10 BATTLE=2 HW=1 PW=0
[Info   : KayceePvP] NetworkOpponent: PROCESSING | gen=13 match=-1913211851 battle=2 turn=10 seq=103 type=end_turn queueBefore=1 queueAfter=0 currentTurn=10 isPlayerTurn=False queueDwellMs=185,3
[Info   : KayceePvP] Duel (combat): COMBAT_PHASE_STARTED | self=PEER generation=11 playerIsAttacker=False
[Info   : KayceePvP] Duel (ownership): DrawCreatedCard fired | ABSOLUTE_OWNER=PEER LOCAL_SIDE=PLAYER SELF=PEER ABILITY=DrawCreatedCard card='Beehive' -> proceeding (local card).
[Info   : KayceePvP] Duel: TRACE_HANDLE_MESSAGE | self=PEER sender=HOST type=duel_state_hash match=-1913211851 battle=2 turn=11 seq=104 currentTurn=10 isPlayerTurn=False netTransitMsApprox=412,2
[Info   : KayceePvP] Duel: RECEIVED PEER HASH | match=-1913211851 sender=HOST forSeq=103 basedOnActionFromHost=True hash=rhP0r7ws553RQ2yI
[Info   : KayceePvP] Duel (combat): COMBAT_PHASE_RESOLVED | self=PEER generation=11 playerIsAttacker=False
[Info   : KayceePvP] Duel (ability-trigger): GlobalTriggerHandler.TriggerCardsOnBoard(Trigger.TurnEnd) DISPATCHED | SELF=PEER playerTurnEndArg=False
[Info   : KayceePvP] Duel: LOCAL STATE HASH | match=-1913211851 forSeq=103 basedOnActionFromHost=True hash=HRyhnyNT0TIgKgou state=[HOST=[Bee/1/1/[19];DireWolfCub/1/1/[5,28];Beehive/0/2/[2,9];MudTurtle/2/2/[54]] PEER=[Bloodhound/2/3/[18];Beehive/0/1/[2,9];EMPTY;EMPTY] BAL=5 TURN=11 BATTLE=2 HW=1 PW=0]
[Error  : KayceePvP] Duel: STATE HASH MISMATCH | match=-1913211851 forSeq=103 basedOnActionFromHost=True localHash=HRyhnyNT0TIgKgou peerHash=rhP0r7ws553RQ2yI
[Error  : KayceePvP] Duel: local state dump (forSeq=103) | HOST=[Bee/1/1/[19];DireWolfCub/1/1/[5,28];Beehive/0/2/[2,9];MudTurtle/2/2/[54]] PEER=[Bloodhound/2/3/[18];Beehive/0/1/[2,9];EMPTY;EMPTY] BAL=5 TURN=11 BATTLE=2 HW=1 PW=0
[Info   : KayceePvP] Duel: SENDING | match=-1913211851 turn=11 seq=100 sender=PEER type=card_played card=Squirrel slot=2
[Info   : KayceePvP] Duel: LOCAL STATE HASH | match=-1913211851 forSeq=100 basedOnActionFromHost=False hash=wG+OW+mtvRJ70vQV state=[HOST=[Bee/1/1/[19];DireWolfCub/1/1/[5,28];Beehive/0/2/[2,9];MudTurtle/2/2/[54]] PEER=[Bloodhound/2/3/[18];Beehive/0/1/[2,9];Squirrel/0/1/[];EMPTY] BAL=5 TURN=11 BATTLE=2 HW=1 PW=0]
[Info   : KayceePvP] Duel: TRACE_HANDLE_MESSAGE | self=PEER sender=HOST type=duel_state_hash match=-1913211851 battle=2 turn=11 seq=105 currentTurn=11 isPlayerTurn=True netTransitMsApprox=423,4
[Info   : KayceePvP] Duel: RECEIVED PEER HASH | match=-1913211851 sender=HOST forSeq=100 basedOnActionFromHost=False hash=t9J49c0ZpC/fmHie
[Error  : KayceePvP] Duel: STATE HASH MISMATCH | match=-1913211851 forSeq=100 basedOnActionFromHost=False localHash=wG+OW+mtvRJ70vQV peerHash=t9J49c0ZpC/fmHie
[Error  : KayceePvP] Duel: local state dump (forSeq=100) | HOST=[Bee/1/1/[19];DireWolfCub/1/1/[5,28];Beehive/0/2/[2,9];MudTurtle/2/2/[54]] PEER=[Bloodhound/2/3/[18];Beehive/0/1/[2,9];Squirrel/0/1/[];EMPTY] BAL=5 TURN=11 BATTLE=2 HW=1 PW=0
[Info   : KayceePvP] Duel: captured sacrifice of 'Squirrel' at slot 2 - will attach to the next card_played broadcast.
[Info   : KayceePvP] Duel: captured sacrifice of 'Beehive' at slot 1 - will attach to the next card_played broadcast.
[Info   : KayceePvP] Duel: SENDING | match=-1913211851 turn=11 seq=102 sender=PEER type=card_played card=DireWolfCub slot=1 sacrificedSlots=[2,1]
[Info   : KayceePvP] Duel: LOCAL STATE HASH | match=-1913211851 forSeq=102 basedOnActionFromHost=False hash=+4Xj9wWHFoiBxnho state=[HOST=[Bee/1/1/[19];DireWolfCub/1/1/[5,28];Beehive/0/2/[2,9];MudTurtle/2/2/[54]] PEER=[Bloodhound/2/3/[18];DireWolfCub/1/1/[5,28];EMPTY;EMPTY] BAL=5 TURN=11 BATTLE=2 HW=1 PW=0]
[Info   : KayceePvP] Duel: TRACE_HANDLE_MESSAGE | self=PEER sender=HOST type=duel_state_hash match=-1913211851 battle=2 turn=11 seq=106 currentTurn=11 isPlayerTurn=True netTransitMsApprox=426,2
[Info   : KayceePvP] Duel: RECEIVED PEER HASH | match=-1913211851 sender=HOST forSeq=102 basedOnActionFromHost=False hash=Oi9skDXo/s0Q2s2b
[Error  : KayceePvP] Duel: STATE HASH MISMATCH | match=-1913211851 forSeq=102 basedOnActionFromHost=False localHash=+4Xj9wWHFoiBxnho peerHash=Oi9skDXo/s0Q2s2b
[Error  : KayceePvP] Duel: local state dump (forSeq=102) | HOST=[Bee/1/1/[19];DireWolfCub/1/1/[5,28];Beehive/0/2/[2,9];MudTurtle/2/2/[54]] PEER=[Bloodhound/2/3/[18];DireWolfCub/1/1/[5,28];EMPTY;EMPTY] BAL=5 TURN=11 BATTLE=2 HW=1 PW=0
[Info   : KayceePvP] Duel (card-sync): SEND card='Bee' | SELF=PEER BASE=[Flying] PERMANENT_MOD_ABILITIES=[DrawCopy] PERMANENT_MOD_NEGATIONS=[] TEMPORARY_MOD_ABILITIES=[] EFFECTIVE=[19+9] WIRE=[19+9] hasTotemAbility=False
[Info   : KayceePvP] Duel: SENDING | match=-1913211851 turn=11 seq=104 sender=PEER type=card_played card=Bee slot=2
[Info   : KayceePvP] Duel: LOCAL STATE HASH | match=-1913211851 forSeq=104 basedOnActionFromHost=False hash=3asd8i/NnEN6uqwh state=[HOST=[Bee/1/1/[19];DireWolfCub/1/1/[5,28];Beehive/0/2/[2,9];MudTurtle/2/2/[54]] PEER=[Bloodhound/2/3/[18];DireWolfCub/1/1/[5,28];Bee/1/1/[9,19];EMPTY] BAL=5 TURN=11 BATTLE=2 HW=1 PW=0]
[Info   : KayceePvP] Duel (ownership): DrawCreatedCard fired | ABSOLUTE_OWNER=PEER LOCAL_SIDE=PLAYER SELF=PEER ABILITY=DrawCreatedCard card='Bee' -> proceeding (local card).
[Warning:InscryptionAPI] More than 1 card are using the same CardInfo. This can cause unexpected problems with dynamic costs! Bee
[Info   : KayceePvP] Duel: TRACE_HANDLE_MESSAGE | self=PEER sender=HOST type=duel_state_hash match=-1913211851 battle=2 turn=11 seq=107 currentTurn=11 isPlayerTurn=True netTransitMsApprox=444,1
[Info   : KayceePvP] Duel: RECEIVED PEER HASH | match=-1913211851 sender=HOST forSeq=104 basedOnActionFromHost=False hash=PzXcBVErmu0fjcUu
[Error  : KayceePvP] Duel: STATE HASH MISMATCH | match=-1913211851 forSeq=104 basedOnActionFromHost=False localHash=3asd8i/NnEN6uqwh peerHash=PzXcBVErmu0fjcUu
[Error  : KayceePvP] Duel: local state dump (forSeq=104) | HOST=[Bee/1/1/[19];DireWolfCub/1/1/[5,28];Beehive/0/2/[2,9];MudTurtle/2/2/[54]] PEER=[Bloodhound/2/3/[18];DireWolfCub/1/1/[5,28];Bee/1/1/[9,19];EMPTY] BAL=5 TURN=11 BATTLE=2 HW=1 PW=0
[Info   : KayceePvP] Duel: SENDING | match=-1913211851 turn=11 seq=106 sender=PEER type=end_turn cardsPlayedThisTurn=3
[Info   : KayceePvP] Duel (combat): COMBAT_PHASE_STARTED | self=PEER generation=12 playerIsAttacker=True
[Info   : KayceePvP] Duel (combat): COMBAT_PHASE_RESOLVED | self=PEER generation=12 playerIsAttacker=True
[Info   : KayceePvP] Duel (ability-trigger): GlobalTriggerHandler.TriggerCardsOnBoard(Trigger.TurnEnd) DISPATCHED | SELF=PEER playerTurnEndArg=True
[Info   : KayceePvP] Duel: LOCAL STATE HASH | match=-1913211851 forSeq=106 basedOnActionFromHost=False hash=YtmiQGHV/fv5seY+ state=[HOST=[EMPTY;EMPTY;Beehive/0/2/[2,9];MudTurtle/2/2/[54]] PEER=[Bloodhound/2/3/[18];DireWolfCub/1/1/[5,28];Bee/1/1/[9,19];EMPTY] BAL=5 TURN=12 BATTLE=2 HW=1 PW=0]
[Info   : KayceePvP] Duel: TRACE_HANDLE_MESSAGE | self=PEER sender=HOST type=duel_state_hash match=-1913211851 battle=2 turn=12 seq=108 currentTurn=12 isPlayerTurn=True netTransitMsApprox=433,5
[Info   : KayceePvP] Duel: RECEIVED PEER HASH | match=-1913211851 sender=HOST forSeq=106 basedOnActionFromHost=False hash=0Y8fEyCh7iDpM4sv
[Error  : KayceePvP] Duel: STATE HASH MISMATCH | match=-1913211851 forSeq=106 basedOnActionFromHost=False localHash=YtmiQGHV/fv5seY+ peerHash=0Y8fEyCh7iDpM4sv
[Error  : KayceePvP] Duel: local state dump (forSeq=106) | HOST=[EMPTY;EMPTY;Beehive/0/2/[2,9];MudTurtle/2/2/[54]] PEER=[Bloodhound/2/3/[18];DireWolfCub/1/1/[5,28];Bee/1/1/[9,19];EMPTY] BAL=5 TURN=12 BATTLE=2 HW=1 PW=0
[Info   : KayceePvP] NetworkOpponent: waiting for the peer's turn (4 opponent slots available). gen=14
[Info   : KayceePvP] Duel: TRACE_HANDLE_MESSAGE | self=PEER sender=HOST type=card_played match=-1913211851 battle=2 turn=12 seq=109 currentTurn=12 isPlayerTurn=False netTransitMsApprox=436,5
[Info   : KayceePvP] Duel: RECEIVED | match=-1913211851 battle=2 turn=12 seq=109 sender=HOST type=card_played card=Squirrel slot=1 queueBefore=0 queueAfter=1 currentTurn=12
[Info   : KayceePvP] NetworkOpponent: PROCESSING | gen=14 match=-1913211851 battle=2 turn=12 seq=109 type=card_played queueBefore=1 queueAfter=0 currentTurn=12 isPlayerTurn=False queueDwellMs=7,0
[Info   : KayceePvP] NetworkOpponent: queueing 'Squirrel' onto opponent slot 1.
[Info   : KayceePvP] Duel: TRACE_HANDLE_MESSAGE | self=PEER sender=HOST type=duel_state_hash match=-1913211851 battle=2 turn=12 seq=110 currentTurn=12 isPlayerTurn=False netTransitMsApprox=423,4
[Info   : KayceePvP] Duel: RECEIVED PEER HASH | match=-1913211851 sender=HOST forSeq=109 basedOnActionFromHost=True hash=ZNVhh2tYCVv2QnRX
[Info   : KayceePvP] Duel: LOCAL STATE HASH | match=-1913211851 forSeq=109 basedOnActionFromHost=True hash=9WvpeLDznhF6WPeo state=[HOST=[EMPTY;Squirrel/0/1/[];Beehive/0/2/[2,9];MudTurtle/2/2/[54]] PEER=[Bloodhound/2/3/[18];DireWolfCub/1/1/[5,28];Bee/1/1/[9,19];EMPTY] BAL=5 TURN=12 BATTLE=2 HW=1 PW=0]
[Error  : KayceePvP] Duel: STATE HASH MISMATCH | match=-1913211851 forSeq=109 basedOnActionFromHost=True localHash=9WvpeLDznhF6WPeo peerHash=ZNVhh2tYCVv2QnRX
[Error  : KayceePvP] Duel: local state dump (forSeq=109) | HOST=[EMPTY;Squirrel/0/1/[];Beehive/0/2/[2,9];MudTurtle/2/2/[54]] PEER=[Bloodhound/2/3/[18];DireWolfCub/1/1/[5,28];Bee/1/1/[9,19];EMPTY] BAL=5 TURN=12 BATTLE=2 HW=1 PW=0
[Info   : KayceePvP] Duel: TRACE_HANDLE_MESSAGE | self=PEER sender=HOST type=card_played match=-1913211851 battle=2 turn=12 seq=111 currentTurn=12 isPlayerTurn=False netTransitMsApprox=424,0
[Info   : KayceePvP] Duel: RECEIVED | match=-1913211851 battle=2 turn=12 seq=111 sender=HOST type=card_played card=Pronghorn slot=2 queueBefore=0 queueAfter=1 currentTurn=12
[Info   : KayceePvP] NetworkOpponent: PROCESSING | gen=14 match=-1913211851 battle=2 turn=12 seq=111 type=card_played queueBefore=1 queueAfter=0 currentTurn=12 isPlayerTurn=False queueDwellMs=6,0
[Info   : KayceePvP] NetworkOpponent: applying remote sacrifice at slot 1 ('Squirrel').
[Info   : KayceePvP] Duel: TRACE_HANDLE_MESSAGE | self=PEER sender=HOST type=duel_state_hash match=-1913211851 battle=2 turn=12 seq=112 currentTurn=12 isPlayerTurn=False netTransitMsApprox=434,8
[Info   : KayceePvP] Duel: RECEIVED PEER HASH | match=-1913211851 sender=HOST forSeq=111 basedOnActionFromHost=True hash=yAsyIys6MGu+CXw6
[Info   : KayceePvP] NetworkOpponent: applying remote sacrifice at slot 2 ('Beehive').
[Info   : KayceePvP] Duel (card-sync): RECV card='Pronghorn' | SELF=PEER RECONSTRUCTED_BASE=[3+24] WIRE=[3+24] TO_ADD=[] TO_NEGATE=[] FINAL_EFFECTIVE=[3+24]
[Info   : KayceePvP] NetworkOpponent: queueing 'Pronghorn' onto opponent slot 2.
[Info   : KayceePvP] Duel: TRACE_HANDLE_MESSAGE | self=PEER sender=HOST type=end_turn match=-1913211851 battle=2 turn=12 seq=113 currentTurn=12 isPlayerTurn=False netTransitMsApprox=426,6
[Info   : KayceePvP] Duel: RECEIVED | match=-1913211851 battle=2 turn=12 seq=113 sender=HOST type=end_turn queueBefore=0 queueAfter=1 currentTurn=12
[Info   : KayceePvP] Duel: LOCAL STATE HASH | match=-1913211851 forSeq=111 basedOnActionFromHost=True hash=LHHpUcsBSb24WxF3 state=[HOST=[EMPTY;EMPTY;Pronghorn/1/3/[3,24];MudTurtle/2/2/[54]] PEER=[Bloodhound/2/3/[18];DireWolfCub/1/1/[5,28];Bee/1/1/[9,19];EMPTY] BAL=5 TURN=12 BATTLE=2 HW=1 PW=0]
[Error  : KayceePvP] Duel: STATE HASH MISMATCH | match=-1913211851 forSeq=111 basedOnActionFromHost=True localHash=LHHpUcsBSb24WxF3 peerHash=yAsyIys6MGu+CXw6
[Error  : KayceePvP] Duel: local state dump (forSeq=111) | HOST=[EMPTY;EMPTY;Pronghorn/1/3/[3,24];MudTurtle/2/2/[54]] PEER=[Bloodhound/2/3/[18];DireWolfCub/1/1/[5,28];Bee/1/1/[9,19];EMPTY] BAL=5 TURN=12 BATTLE=2 HW=1 PW=0
[Info   : KayceePvP] NetworkOpponent: PROCESSING | gen=14 match=-1913211851 battle=2 turn=12 seq=113 type=end_turn queueBefore=1 queueAfter=0 currentTurn=12 isPlayerTurn=False queueDwellMs=523,4
[Info   : KayceePvP] Duel (combat): COMBAT_PHASE_STARTED | self=PEER generation=13 playerIsAttacker=False
[Info   : KayceePvP] Duel: TRACE_HANDLE_MESSAGE | self=PEER sender=HOST type=duel_state_hash match=-1913211851 battle=2 turn=13 seq=114 currentTurn=12 isPlayerTurn=False netTransitMsApprox=428,2
[Info   : KayceePvP] Duel: RECEIVED PEER HASH | match=-1913211851 sender=HOST forSeq=113 basedOnActionFromHost=True hash=2Cm3fI6Di66JHNU7
[Info   : KayceePvP] Duel (combat): COMBAT_PHASE_RESOLVED | self=PEER generation=13 playerIsAttacker=False
[Info   : KayceePvP] Duel (ability-trigger): GlobalTriggerHandler.TriggerCardsOnBoard(Trigger.TurnEnd) DISPATCHED | SELF=PEER playerTurnEndArg=False
[Info   : KayceePvP] Duel: LOCAL STATE HASH | match=-1913211851 forSeq=113 basedOnActionFromHost=True hash=2Cm3fI6Di66JHNU7 state=[HOST=[EMPTY;EMPTY;Pronghorn/1/3/[3,24];MudTurtle/2/2/[54]] PEER=[Bloodhound/2/3/[18];EMPTY;Bee/1/1/[9,19];EMPTY] BAL=5 TURN=13 BATTLE=2 HW=1 PW=0]
[Info   : KayceePvP] Duel: STATE HASH MATCH | match=-1913211851 forSeq=113 basedOnActionFromHost=True hash=2Cm3fI6Di66JHNU7
[Info   : KayceePvP] Duel (ability-trigger): Strafe.RespondsToTurnEnd | ABILITY=Strafe CARD='Pronghorn' CARD_ABSOLUTE_OWNER=HOST LOCAL_SIDE=OPPONENT SELF=PEER playerTurnEnd=False RESULT=True
[Info   : KayceePvP] Duel (ability-trigger): Strafe.RespondsToTurnEnd | ABILITY=Strafe CARD='Pronghorn' CARD_ABSOLUTE_OWNER=HOST LOCAL_SIDE=OPPONENT SELF=PEER playerTurnEnd=False RESULT=True
[Info   : KayceePvP] Duel (ability-trigger): Strafe.OnTurnEnd STARTED | ABILITY=Strafe CARD='Pronghorn' CARD_ABSOLUTE_OWNER=HOST LOCAL_SIDE=OPPONENT SELF=PEER playerTurnEnd=False cardSlot=2
[Info   : KayceePvP] Duel: SENDING | match=-1913211851 turn=13 seq=111 sender=PEER type=card_played card=Rattler slot=1
[Info   : KayceePvP] Duel: LOCAL STATE HASH | match=-1913211851 forSeq=111 basedOnActionFromHost=False hash=50i7Qwiid0T3aeAT state=[HOST=[EMPTY;Pronghorn/1/3/[3,24];EMPTY;MudTurtle/2/2/[54]] PEER=[Bloodhound/2/3/[18];Rattler/3/1/[];Bee/1/1/[9,19];EMPTY] BAL=5 TURN=13 BATTLE=2 HW=1 PW=0]
[Info   : KayceePvP] Duel: TRACE_HANDLE_MESSAGE | self=PEER sender=HOST type=duel_state_hash match=-1913211851 battle=2 turn=13 seq=115 currentTurn=13 isPlayerTurn=True netTransitMsApprox=426,2
[Info   : KayceePvP] Duel: RECEIVED PEER HASH | match=-1913211851 sender=HOST forSeq=111 basedOnActionFromHost=False hash=50i7Qwiid0T3aeAT
[Info   : KayceePvP] Duel: STATE HASH MATCH | match=-1913211851 forSeq=111 basedOnActionFromHost=False hash=50i7Qwiid0T3aeAT
[Info   : KayceePvP] Duel: captured sacrifice of 'Bee' at slot 2 - will attach to the next card_played broadcast.
[Info   : KayceePvP] Duel: SENDING | match=-1913211851 turn=13 seq=113 sender=PEER type=card_played card=MantisGod slot=2 sacrificedSlots=[2]
[Info   : KayceePvP] Duel: LOCAL STATE HASH | match=-1913211851 forSeq=113 basedOnActionFromHost=False hash=Mf9tIjJpCmqLZeYs state=[HOST=[EMPTY;Pronghorn/1/3/[3,24];EMPTY;MudTurtle/2/2/[54]] PEER=[Bloodhound/2/3/[18];Rattler/3/1/[];MantisGod/1/1/[25];EMPTY] BAL=5 TURN=13 BATTLE=2 HW=1 PW=0]
[Info   : KayceePvP] Duel: TRACE_HANDLE_MESSAGE | self=PEER sender=HOST type=duel_state_hash match=-1913211851 battle=2 turn=13 seq=116 currentTurn=13 isPlayerTurn=True netTransitMsApprox=418,8
[Info   : KayceePvP] Duel: RECEIVED PEER HASH | match=-1913211851 sender=HOST forSeq=113 basedOnActionFromHost=False hash=Mf9tIjJpCmqLZeYs
[Info   : KayceePvP] Duel: STATE HASH MATCH | match=-1913211851 forSeq=113 basedOnActionFromHost=False hash=Mf9tIjJpCmqLZeYs
[Info   : KayceePvP] Duel: SENDING | match=-1913211851 turn=13 seq=115 sender=PEER type=end_turn cardsPlayedThisTurn=2
[Info   : KayceePvP] Duel (combat): COMBAT_PHASE_STARTED | self=PEER generation=14 playerIsAttacker=True
[Info   : KayceePvP] Duel: TRACE_HANDLE_MESSAGE | self=PEER sender=HOST type=duel_state_hash match=-1913211851 battle=2 turn=14 seq=117 currentTurn=13 isPlayerTurn=True netTransitMsApprox=428,7
[Info   : KayceePvP] Duel: RECEIVED PEER HASH | match=-1913211851 sender=HOST forSeq=115 basedOnActionFromHost=False hash=Txj4AN9CDcbhySrW
[Info   : KayceePvP] Duel (combat): COMBAT_PHASE_RESOLVED | self=PEER generation=14 playerIsAttacker=True
[Info   : KayceePvP] Duel (ability-trigger): GlobalTriggerHandler.TriggerCardsOnBoard(Trigger.TurnEnd) DISPATCHED | SELF=PEER playerTurnEndArg=True
[Info   : KayceePvP] Duel: LOCAL STATE HASH | match=-1913211851 forSeq=115 basedOnActionFromHost=False hash=2T8GdxA7lY2ctNgk state=[HOST=[EMPTY;EMPTY;EMPTY;MudTurtle/2/1/[54]] PEER=[Bloodhound/2/3/[18];Rattler/3/1/[];MantisGod/1/1/[25];EMPTY] BAL=5 TURN=14 BATTLE=2 HW=1 PW=0]
[Error  : KayceePvP] Duel: STATE HASH MISMATCH | match=-1913211851 forSeq=115 basedOnActionFromHost=False localHash=2T8GdxA7lY2ctNgk peerHash=Txj4AN9CDcbhySrW
[Error  : KayceePvP] Duel: local state dump (forSeq=115) | HOST=[EMPTY;EMPTY;EMPTY;MudTurtle/2/1/[54]] PEER=[Bloodhound/2/3/[18];Rattler/3/1/[];MantisGod/1/1/[25];EMPTY] BAL=5 TURN=14 BATTLE=2 HW=1 PW=0
[Info   : KayceePvP] NetworkOpponent: waiting for the peer's turn (4 opponent slots available). gen=15
[Info   : KayceePvP] Duel: TRACE_HANDLE_MESSAGE | self=PEER sender=HOST type=end_turn match=-1913211851 battle=2 turn=14 seq=118 currentTurn=14 isPlayerTurn=False netTransitMsApprox=418,7
[Info   : KayceePvP] Duel: RECEIVED | match=-1913211851 battle=2 turn=14 seq=118 sender=HOST type=end_turn queueBefore=0 queueAfter=1 currentTurn=14
[Info   : KayceePvP] NetworkOpponent: PROCESSING | gen=15 match=-1913211851 battle=2 turn=14 seq=118 type=end_turn queueBefore=1 queueAfter=0 currentTurn=14 isPlayerTurn=False queueDwellMs=11,9
[Info   : KayceePvP] Duel (combat): COMBAT_PHASE_STARTED | self=PEER generation=15 playerIsAttacker=False
[Info   : KayceePvP] Duel (combat): COMBAT_PHASE_RESOLVED | self=PEER generation=15 playerIsAttacker=False
[Info   : KayceePvP] Duel (ability-trigger): GlobalTriggerHandler.TriggerCardsOnBoard(Trigger.TurnEnd) DISPATCHED | SELF=PEER playerTurnEndArg=False
[Info   : KayceePvP] Duel: TRACE_HANDLE_MESSAGE | self=PEER sender=HOST type=duel_state_hash match=-1913211851 battle=2 turn=15 seq=119 currentTurn=14 isPlayerTurn=False netTransitMsApprox=422,9
[Info   : KayceePvP] Duel: RECEIVED PEER HASH | match=-1913211851 sender=HOST forSeq=118 basedOnActionFromHost=True hash=49jR9dt/IgZQ08iX
[Info   : KayceePvP] Duel: LOCAL STATE HASH | match=-1913211851 forSeq=118 basedOnActionFromHost=True hash=7Kv1tKcVXd4ZRhjC state=[HOST=[EMPTY;EMPTY;EMPTY;MudTurtle/2/1/[54]] PEER=[Bloodhound/2/3/[18];Rattler/3/1/[];MantisGod/1/1/[25];EMPTY] BAL=5 TURN=15 BATTLE=2 HW=1 PW=0]
[Error  : KayceePvP] Duel: STATE HASH MISMATCH | match=-1913211851 forSeq=118 basedOnActionFromHost=True localHash=7Kv1tKcVXd4ZRhjC peerHash=49jR9dt/IgZQ08iX
[Error  : KayceePvP] Duel: local state dump (forSeq=118) | HOST=[EMPTY;EMPTY;EMPTY;MudTurtle/2/1/[54]] PEER=[Bloodhound/2/3/[18];Rattler/3/1/[];MantisGod/1/1/[25];EMPTY] BAL=5 TURN=15 BATTLE=2 HW=1 PW=0
[Info   : KayceePvP] Duel: SENDING | match=-1913211851 turn=15 seq=118 sender=PEER type=card_played card=Tadpole slot=3
[Info   : KayceePvP] Duel: LOCAL STATE HASH | match=-1913211851 forSeq=118 basedOnActionFromHost=False hash=peygmvXoNywz9xqy state=[HOST=[EMPTY;EMPTY;EMPTY;MudTurtle/2/1/[54]] PEER=[Bloodhound/2/3/[18];Rattler/3/1/[];MantisGod/1/1/[25];Tadpole/0/1/[5,13]] BAL=5 TURN=15 BATTLE=2 HW=1 PW=0]
[Info   : KayceePvP] Duel: TRACE_HANDLE_MESSAGE | self=PEER sender=HOST type=duel_state_hash match=-1913211851 battle=2 turn=15 seq=120 currentTurn=15 isPlayerTurn=True netTransitMsApprox=426,2
[Info   : KayceePvP] Duel: RECEIVED PEER HASH | match=-1913211851 sender=HOST forSeq=118 basedOnActionFromHost=False hash=Ri/3L095Uhr73CAm
[Error  : KayceePvP] Duel: STATE HASH MISMATCH | match=-1913211851 forSeq=118 basedOnActionFromHost=False localHash=peygmvXoNywz9xqy peerHash=Ri/3L095Uhr73CAm
[Error  : KayceePvP] Duel: local state dump (forSeq=118) | HOST=[EMPTY;EMPTY;EMPTY;MudTurtle/2/1/[54]] PEER=[Bloodhound/2/3/[18];Rattler/3/1/[];MantisGod/1/1/[25];Tadpole/0/1/[5,13]] BAL=5 TURN=15 BATTLE=2 HW=1 PW=0
[Info   : KayceePvP] Duel: captured sacrifice of 'Tadpole' at slot 3 - will attach to the next card_played broadcast.
[Info   : KayceePvP] Duel (card-sync): SEND card='Cuckoo' | SELF=PEER BASE=[Flying+CreateEgg] PERMANENT_MOD_ABILITIES=[SplitStrike] PERMANENT_MOD_NEGATIONS=[] TEMPORARY_MOD_ABILITIES=[] EFFECTIVE=[19+99+24] WIRE=[19+99+24] hasTotemAbility=False
[Info   : KayceePvP] Duel: SENDING | match=-1913211851 turn=15 seq=120 sender=PEER type=card_played card=Cuckoo slot=3 sacrificedSlots=[3]
[Info   : KayceePvP] Duel: LOCAL STATE HASH | match=-1913211851 forSeq=120 basedOnActionFromHost=False hash=Y22+oT/UvrXKZo0U state=[HOST=[EMPTY;EMPTY;EMPTY;MudTurtle/2/1/[54]] PEER=[Bloodhound/2/3/[18];Rattler/3/1/[];MantisGod/1/1/[25];Cuckoo/1/1/[19,24,99]] BAL=5 TURN=15 BATTLE=2 HW=1 PW=0]
[Info   : KayceePvP] Duel: TRACE_HANDLE_MESSAGE | self=PEER sender=HOST type=duel_state_hash match=-1913211851 battle=2 turn=15 seq=121 currentTurn=15 isPlayerTurn=True netTransitMsApprox=450,8
[Info   : KayceePvP] Duel: RECEIVED PEER HASH | match=-1913211851 sender=HOST forSeq=120 basedOnActionFromHost=False hash=spJ+aed2gmiLhQnR
[Error  : KayceePvP] Duel: STATE HASH MISMATCH | match=-1913211851 forSeq=120 basedOnActionFromHost=False localHash=Y22+oT/UvrXKZo0U peerHash=spJ+aed2gmiLhQnR
[Error  : KayceePvP] Duel: local state dump (forSeq=120) | HOST=[EMPTY;EMPTY;EMPTY;MudTurtle/2/1/[54]] PEER=[Bloodhound/2/3/[18];Rattler/3/1/[];MantisGod/1/1/[25];Cuckoo/1/1/[19,24,99]] BAL=5 TURN=15 BATTLE=2 HW=1 PW=0
[Info   : KayceePvP] Duel: SENDING | match=-1913211851 turn=15 seq=122 sender=PEER type=end_turn cardsPlayedThisTurn=2
[Info   : KayceePvP] Duel (combat): COMBAT_PHASE_STARTED | self=PEER generation=16 playerIsAttacker=True
[Info   : KayceePvP] Duel: TRACE_HANDLE_MESSAGE | self=PEER sender=HOST type=duel_state_hash match=-1913211851 battle=2 turn=16 seq=122 currentTurn=15 isPlayerTurn=True netTransitMsApprox=417,3
[Info   : KayceePvP] Duel: RECEIVED PEER HASH | match=-1913211851 sender=HOST forSeq=122 basedOnActionFromHost=False hash=2HLX/aQvd4pQQA4U
[Info   : KayceePvP] Duel (combat): COMBAT_PHASE_RESOLVED | self=PEER generation=16 playerIsAttacker=True
[Info   : KayceePvP] Duel (ability-trigger): GlobalTriggerHandler.TriggerCardsOnBoard(Trigger.TurnEnd) DISPATCHED | SELF=PEER playerTurnEndArg=True
[Info   : KayceePvP] Duel: LOCAL STATE HASH | match=-1913211851 forSeq=122 basedOnActionFromHost=False hash=TzI97I8FX7FUUxSo state=[HOST=[EMPTY;EMPTY;EMPTY;EMPTY] PEER=[Bloodhound/2/3/[18];Rattler/3/1/[];MantisGod/1/1/[25];Cuckoo/1/1/[19,24,99]] BAL=-1 TURN=16 BATTLE=2 HW=1 PW=0]
[Error  : KayceePvP] Duel: STATE HASH MISMATCH | match=-1913211851 forSeq=122 basedOnActionFromHost=False localHash=TzI97I8FX7FUUxSo peerHash=2HLX/aQvd4pQQA4U
[Error  : KayceePvP] Duel: local state dump (forSeq=122) | HOST=[EMPTY;EMPTY;EMPTY;EMPTY] PEER=[Bloodhound/2/3/[18];Rattler/3/1/[];MantisGod/1/1/[25];Cuckoo/1/1/[19,24,99]] BAL=-1 TURN=16 BATTLE=2 HW=1 PW=0
[Info   : KayceePvP] NetworkOpponent: waiting for the peer's turn (4 opponent slots available). gen=16
[Info   : KayceePvP] Duel: TRACE_HANDLE_MESSAGE | self=PEER sender=HOST type=card_played match=-1913211851 battle=2 turn=16 seq=123 currentTurn=16 isPlayerTurn=False netTransitMsApprox=429,5
[Info   : KayceePvP] Duel: RECEIVED | match=-1913211851 battle=2 turn=16 seq=123 sender=HOST type=card_played card=Squirrel slot=2 queueBefore=0 queueAfter=1 currentTurn=16
[Info   : KayceePvP] NetworkOpponent: PROCESSING | gen=16 match=-1913211851 battle=2 turn=16 seq=123 type=card_played queueBefore=1 queueAfter=0 currentTurn=16 isPlayerTurn=False queueDwellMs=9,0
[Info   : KayceePvP] NetworkOpponent: queueing 'Squirrel' onto opponent slot 2.
[Info   : KayceePvP] Duel: TRACE_HANDLE_MESSAGE | self=PEER sender=HOST type=duel_state_hash match=-1913211851 battle=2 turn=16 seq=124 currentTurn=16 isPlayerTurn=False netTransitMsApprox=419,9
[Info   : KayceePvP] Duel: RECEIVED PEER HASH | match=-1913211851 sender=HOST forSeq=123 basedOnActionFromHost=True hash=jEOw7OA/Ke79MpGR
[Info   : KayceePvP] Duel: LOCAL STATE HASH | match=-1913211851 forSeq=123 basedOnActionFromHost=True hash=3ORkb64c/BO7BU6J state=[HOST=[EMPTY;EMPTY;Squirrel/0/1/[];EMPTY] PEER=[Bloodhound/2/3/[18];Rattler/3/1/[];MantisGod/1/1/[25];Cuckoo/1/1/[19,24,99]] BAL=-1 TURN=16 BATTLE=2 HW=1 PW=0]
[Error  : KayceePvP] Duel: STATE HASH MISMATCH | match=-1913211851 forSeq=123 basedOnActionFromHost=True localHash=3ORkb64c/BO7BU6J peerHash=jEOw7OA/Ke79MpGR
[Error  : KayceePvP] Duel: local state dump (forSeq=123) | HOST=[EMPTY;EMPTY;Squirrel/0/1/[];EMPTY] PEER=[Bloodhound/2/3/[18];Rattler/3/1/[];MantisGod/1/1/[25];Cuckoo/1/1/[19,24,99]] BAL=-1 TURN=16 BATTLE=2 HW=1 PW=0
[Info   : KayceePvP] Duel: TRACE_HANDLE_MESSAGE | self=PEER sender=HOST type=card_played match=-1913211851 battle=2 turn=16 seq=125 currentTurn=16 isPlayerTurn=False netTransitMsApprox=434,4
[Info   : KayceePvP] Duel: RECEIVED | match=-1913211851 battle=2 turn=16 seq=125 sender=HOST type=card_played card=WolfCub slot=2 queueBefore=0 queueAfter=1 currentTurn=16
[Info   : KayceePvP] NetworkOpponent: PROCESSING | gen=16 match=-1913211851 battle=2 turn=16 seq=125 type=card_played queueBefore=1 queueAfter=0 currentTurn=16 isPlayerTurn=False queueDwellMs=9,2
[Info   : KayceePvP] NetworkOpponent: applying remote sacrifice at slot 2 ('Squirrel').
[Info   : KayceePvP] Duel: TRACE_HANDLE_MESSAGE | self=PEER sender=HOST type=duel_state_hash match=-1913211851 battle=2 turn=16 seq=126 currentTurn=16 isPlayerTurn=False netTransitMsApprox=451,3
[Info   : KayceePvP] Duel: RECEIVED PEER HASH | match=-1913211851 sender=HOST forSeq=125 basedOnActionFromHost=True hash=+7VtW5DUqahdTl21
[Info   : KayceePvP] Duel (card-sync): RECV card='WolfCub' | SELF=PEER RECONSTRUCTED_BASE=[5] WIRE=[5] TO_ADD=[] TO_NEGATE=[] FINAL_EFFECTIVE=[5]
[Info   : KayceePvP] NetworkOpponent: queueing 'WolfCub' onto opponent slot 2.
[Info   : KayceePvP] Duel: TRACE_HANDLE_MESSAGE | self=PEER sender=HOST type=end_turn match=-1913211851 battle=2 turn=16 seq=127 currentTurn=16 isPlayerTurn=False netTransitMsApprox=426,3
[Info   : KayceePvP] Duel: RECEIVED | match=-1913211851 battle=2 turn=16 seq=127 sender=HOST type=end_turn queueBefore=0 queueAfter=1 currentTurn=16
[Info   : KayceePvP] Duel: LOCAL STATE HASH | match=-1913211851 forSeq=125 basedOnActionFromHost=True hash=aES/+3JWe1JU2AzM state=[HOST=[EMPTY;EMPTY;WolfCub/1/1/[5];EMPTY] PEER=[Bloodhound/2/3/[18];Rattler/3/1/[];MantisGod/1/1/[25];Cuckoo/1/1/[19,24,99]] BAL=-1 TURN=16 BATTLE=2 HW=1 PW=0]
[Error  : KayceePvP] Duel: STATE HASH MISMATCH | match=-1913211851 forSeq=125 basedOnActionFromHost=True localHash=aES/+3JWe1JU2AzM peerHash=+7VtW5DUqahdTl21
[Error  : KayceePvP] Duel: local state dump (forSeq=125) | HOST=[EMPTY;EMPTY;WolfCub/1/1/[5];EMPTY] PEER=[Bloodhound/2/3/[18];Rattler/3/1/[];MantisGod/1/1/[25];Cuckoo/1/1/[19,24,99]] BAL=-1 TURN=16 BATTLE=2 HW=1 PW=0
[Info   : KayceePvP] NetworkOpponent: PROCESSING | gen=16 match=-1913211851 battle=2 turn=16 seq=127 type=end_turn queueBefore=1 queueAfter=0 currentTurn=16 isPlayerTurn=False queueDwellMs=282,3
[Info   : KayceePvP] Duel (combat): COMBAT_PHASE_STARTED | self=PEER generation=17 playerIsAttacker=False
[Info   : KayceePvP] Duel: TRACE_HANDLE_MESSAGE | self=PEER sender=HOST type=duel_state_hash match=-1913211851 battle=2 turn=17 seq=128 currentTurn=16 isPlayerTurn=False netTransitMsApprox=428,7
[Info   : KayceePvP] Duel: RECEIVED PEER HASH | match=-1913211851 sender=HOST forSeq=127 basedOnActionFromHost=True hash=/Z1iTVpEWx+SA8qc
[Info   : KayceePvP] Duel (combat): COMBAT_PHASE_RESOLVED | self=PEER generation=17 playerIsAttacker=False
[Info   : KayceePvP] Duel (ability-trigger): GlobalTriggerHandler.TriggerCardsOnBoard(Trigger.TurnEnd) DISPATCHED | SELF=PEER playerTurnEndArg=False
[Info   : KayceePvP] Duel: LOCAL STATE HASH | match=-1913211851 forSeq=127 basedOnActionFromHost=True hash=x0hmT4gVx/tlz4lq state=[HOST=[EMPTY;EMPTY;WolfCub/1/1/[5];EMPTY] PEER=[Bloodhound/2/3/[18];Rattler/3/1/[];EMPTY;Cuckoo/1/1/[19,24,99]] BAL=-1 TURN=17 BATTLE=2 HW=1 PW=0]
[Error  : KayceePvP] Duel: STATE HASH MISMATCH | match=-1913211851 forSeq=127 basedOnActionFromHost=True localHash=x0hmT4gVx/tlz4lq peerHash=/Z1iTVpEWx+SA8qc
[Error  : KayceePvP] Duel: local state dump (forSeq=127) | HOST=[EMPTY;EMPTY;WolfCub/1/1/[5];EMPTY] PEER=[Bloodhound/2/3/[18];Rattler/3/1/[];EMPTY;Cuckoo/1/1/[19,24,99]] BAL=-1 TURN=17 BATTLE=2 HW=1 PW=0
[Info   : KayceePvP] Duel: SENDING | match=-1913211851 turn=17 seq=127 sender=PEER type=card_played card=Opossum slot=2
[Info   : KayceePvP] Duel: LOCAL STATE HASH | match=-1913211851 forSeq=127 basedOnActionFromHost=False hash=vn/3MNfqruJUPr2m state=[HOST=[EMPTY;EMPTY;WolfCub/1/1/[5];EMPTY] PEER=[Bloodhound/2/3/[18];Rattler/3/1/[];Opossum/1/1/[];Cuckoo/1/1/[19,24,99]] BAL=-1 TURN=17 BATTLE=2 HW=1 PW=0]
[Info   : KayceePvP] Duel: TRACE_HANDLE_MESSAGE | self=PEER sender=HOST type=duel_state_hash match=-1913211851 battle=2 turn=17 seq=129 currentTurn=17 isPlayerTurn=True netTransitMsApprox=443,2
[Info   : KayceePvP] Duel: RECEIVED PEER HASH | match=-1913211851 sender=HOST forSeq=127 basedOnActionFromHost=False hash=qQsC7Ktn/7T7qi1J
[Error  : KayceePvP] Duel: STATE HASH MISMATCH | match=-1913211851 forSeq=127 basedOnActionFromHost=False localHash=vn/3MNfqruJUPr2m peerHash=qQsC7Ktn/7T7qi1J
[Error  : KayceePvP] Duel: local state dump (forSeq=127) | HOST=[EMPTY;EMPTY;WolfCub/1/1/[5];EMPTY] PEER=[Bloodhound/2/3/[18];Rattler/3/1/[];Opossum/1/1/[];Cuckoo/1/1/[19,24,99]] BAL=-1 TURN=17 BATTLE=2 HW=1 PW=0
[Info   : KayceePvP] Duel: SENDING | match=-1913211851 turn=17 seq=129 sender=PEER type=end_turn cardsPlayedThisTurn=1
[Info   : KayceePvP] Duel (combat): COMBAT_PHASE_STARTED | self=PEER generation=18 playerIsAttacker=True
[Info   : KayceePvP] Duel: TRACE_HANDLE_MESSAGE | self=PEER sender=HOST type=duel_state_hash match=-1913211851 battle=2 turn=18 seq=130 currentTurn=17 isPlayerTurn=True netTransitMsApprox=442,1
[Info   : KayceePvP] Duel: RECEIVED PEER HASH | match=-1913211851 sender=HOST forSeq=129 basedOnActionFromHost=False hash=4DfiFNytdIEZ3YyX
[Info   : KayceePvP] Duel (combat): COMBAT_PHASE_RESOLVED | self=PEER generation=18 playerIsAttacker=True
[Info   : KayceePvP] Duel (ability-trigger): GlobalTriggerHandler.TriggerCardsOnBoard(Trigger.TurnEnd) DISPATCHED | SELF=PEER playerTurnEndArg=True
[Info   : KayceePvP] Duel: LOCAL STATE HASH | match=-1913211851 forSeq=129 basedOnActionFromHost=False hash=4DfiFNytdIEZ3YyX state=[HOST=[EMPTY;EMPTY;EMPTY;EMPTY] PEER=[Bloodhound/2/3/[18];Rattler/3/1/[];Opossum/1/1/[];Cuckoo/1/1/[19,24,99]] BAL=-5 TURN=18 BATTLE=2 HW=1 PW=0]
[Info   : KayceePvP] Duel: STATE HASH MATCH | match=-1913211851 forSeq=129 basedOnActionFromHost=False hash=4DfiFNytdIEZ3YyX
[Info   : KayceePvP] NetworkOpponent: waiting for the peer's turn (4 opponent slots available). gen=17
[Info   : KayceePvP] Duel: TRACE_HANDLE_MESSAGE | self=PEER sender=HOST type=end_turn match=-1913211851 battle=2 turn=18 seq=131 currentTurn=18 isPlayerTurn=False netTransitMsApprox=424,1
[Info   : KayceePvP] Duel: RECEIVED | match=-1913211851 battle=2 turn=18 seq=131 sender=HOST type=end_turn queueBefore=0 queueAfter=1 currentTurn=18
[Info   : KayceePvP] NetworkOpponent: PROCESSING | gen=17 match=-1913211851 battle=2 turn=18 seq=131 type=end_turn queueBefore=1 queueAfter=0 currentTurn=18 isPlayerTurn=False queueDwellMs=8,2
[Info   : KayceePvP] Duel (combat): COMBAT_PHASE_STARTED | self=PEER generation=19 playerIsAttacker=False
[Info   : KayceePvP] Duel (combat): COMBAT_PHASE_RESOLVED | self=PEER generation=19 playerIsAttacker=False
[Info   : KayceePvP] Duel (ability-trigger): GlobalTriggerHandler.TriggerCardsOnBoard(Trigger.TurnEnd) DISPATCHED | SELF=PEER playerTurnEndArg=False
[Info   : KayceePvP] Duel: LOCAL STATE HASH | match=-1913211851 forSeq=131 basedOnActionFromHost=True hash=ZSU/ieYLwSWAqDf7 state=[HOST=[EMPTY;EMPTY;EMPTY;EMPTY] PEER=[Bloodhound/2/3/[18];Rattler/3/1/[];Opossum/1/1/[];Cuckoo/1/1/[19,24,99]] BAL=-5 TURN=19 BATTLE=2 HW=1 PW=0]
[Info   : KayceePvP] Duel: TRACE_HANDLE_MESSAGE | self=PEER sender=HOST type=duel_state_hash match=-1913211851 battle=2 turn=19 seq=132 currentTurn=19 isPlayerTurn=True netTransitMsApprox=452,8
[Info   : KayceePvP] Duel: RECEIVED PEER HASH | match=-1913211851 sender=HOST forSeq=131 basedOnActionFromHost=True hash=ZSU/ieYLwSWAqDf7
[Info   : KayceePvP] Duel: STATE HASH MATCH | match=-1913211851 forSeq=131 basedOnActionFromHost=True hash=ZSU/ieYLwSWAqDf7
[Info   : KayceePvP] Duel: SENDING | match=-1913211851 turn=19 seq=132 sender=PEER type=end_turn cardsPlayedThisTurn=0
[Info   : KayceePvP] Duel (combat): COMBAT_PHASE_STARTED | self=PEER generation=20 playerIsAttacker=True
[Info   : KayceePvP] Duel: TRACE_HANDLE_MESSAGE | self=PEER sender=HOST type=battle_result match=-1913211851 battle=2 turn=19 seq=133 currentTurn=19 isPlayerTurn=True netTransitMsApprox=419,9
[Info   : KayceePvP] Duel: RECEIVED battle_result | self=PEER match=-1913211851 battle=2 loser=HOST hostWins=1 peerWins=1 balance=-18 reason=balance isMatchFinal=False
[Info   : KayceePvP] Duel: BATTLE_RESULT_CONFIRMED | self=PEER match=-1913211851 battle=2 loser=HOST hostWins=1 peerWins=1 isMatchFinal=False
[Info   : KayceePvP] Duel: ROUND_CONCLUSION_REQUESTED | self=PEER match=-1913211851 battle=2 winnerIsHost=False localPlayerWon=True isMatchFinal=False balance=5 incomingCount=0 playerSurrendered=False->False opponentSurrendered=False->True numLives=1
[Info   : KayceePvP] Duel (interbattle): LEAVING_BATTLE | self=PEER match=-1913211851 concludedBattle=2 isMatchFinal=False
[Info   : KayceePvP] Duel (lobby-match): INTERBATTLE_RELOAD_LATCH_ON | match=-1913211851 battle=2
[Info   : KayceePvP] Duel: TRACE_HANDLE_MESSAGE | self=PEER sender=HOST type=battle_return_ready match=-1913211851 battle=3 turn=19 seq=134 currentTurn=19 isPlayerTurn=True netTransitMsApprox=430,9
[Info   : KayceePvP] Duel: RECEIVED battle_return_ready | match=-1913211851 battle=3 (peerReadyBattle now 3)
[Info   : KayceePvP] Duel: COMBAT_GATE_CANCELLED_BATTLE_ENDED | match=-1913211851 battleAtStart=2 currentBattle=3 forSeq=132 generationBefore=19 resolvedGeneration=19
[Info   : KayceePvP] Duel: TRACE_HANDLE_MESSAGE | self=PEER sender=HOST type=battle_begin match=-1913211851 battle=3 turn=19 seq=135 currentTurn=19 isPlayerTurn=True netTransitMsApprox=420,4
[Info   : KayceePvP] Duel: RECEIVED battle_begin | match=-1913211851 battle=3
[Info   : KayceePvP] Duel (interbattle): NEXT_BATTLE_READY | self=PEER match=-1913211851 battle=3
[Info   : KayceePvP] Duel (interbattle): SCENE_RELOAD_BEGIN | self=PEER match=-1913211851 battle=3
[Info   : KayceePvP] Duel (combat): COMBAT_PHASE_RESOLVED | self=PEER generation=20 playerIsAttacker=True
[Info   : KayceePvP] DIAG PlayerIsWinner | role=PEER result=True opponent.NumLives=1 opponent.Surrendered=True
[Info   : KayceePvP] DIAG GameIsOver | role=PEER result=True balance=5 opponent.NumLives=1 opponent.Surrendered=True PlayerSurrendered=False MatchEnded=False
[Info   : KayceePvP] DIAG PlayerIsWinner | role=PEER result=True opponent.NumLives=1 opponent.Surrendered=True
[Warning: Singleton] Got null in Singleton<DiskCardGame.GlobalTriggerHandler>.FindInstance
[Info   : KayceePvP] Duel (interbattle-reload): INTERBATTLE_AWAKE_SUPPRESSED | self=PEER match=-1913211851 battle=3
[Debug  :InscryptionCommunityPatch] Card pool has Energy cards? False. Card pool has Gem cards? False.
[Info   : KayceePvP] Duel (interbattle-reload): INTERBATTLE_INITIAL_MAP_TRANSITION_SUPPRESSED | self=PEER match=-1913211851 battle=3
[Info   : KayceePvP] Duel (interbattle): SCENE_RELOAD_DONE | self=PEER match=-1913211851 battle=3
[Info   : KayceePvP] Duel (interbattle): NEW_TURN_MANAGER_READY | self=PEER match=-1913211851 battle=3
[Info   : KayceePvP] Duel: ARMED_TURN_OWNERSHIP | self=PEER match=-1913211851 battle=3 hostGoesFirstThisBattle=False soloDebugMode=False localFirstTurn=0 expectedOutgoing=0 expectedIncoming=1
[Info   : KayceePvP] Duel (combat): CombatResolutionSignalPatch.ResetForMatch - reason='ResetForNewBattle', generation 20 -> 0.
[Info   : KayceePvP] Duel: starting battle 3 with 14 cards (hostWins=1 peerWins=1).
[Info   : KayceePvP] Duel (totem): SNAPSHOT at battle begin (battle 3) | matchId=-1913211851 battleNumber=3 SELF=PEER ownTotems=[none]
[Info   : KayceePvP] Duel (interbattle): NEXT_BATTLE_BEGIN | self=PEER match=-1913211851 battle=3
[Info   : KayceePvP] Duel (lobby-match): INTERBATTLE_RELOAD_LATCH_OFF | match=-1913211851 battle=3
[Warning: Singleton] Got null in Singleton<DiskCardGame.ConduitCircuitManager>.FindInstance
[Info   : KayceePvP] Duel (deck-shuffle): role=PEER matchId=-1913211851 battleNumber=3 seed=1858809859 firstPicks=[Squirrel,Squirrel,Squirrel]
[Info   : KayceePvP] Duel (deck-shuffle): role=PEER matchId=-1913211851 battleNumber=3 seed=1858809859 firstPicks=[Cuckoo,Pronghorn,Bloodhound]
[Info   : KayceePvP] DIAG PlayerIsWinner | role=PEER result=False opponent.NumLives=1 opponent.Surrendered=False
[Info   : KayceePvP] DIAG GameIsOver | role=PEER result=False balance=0 opponent.NumLives=1 opponent.Surrendered=False PlayerSurrendered=False MatchEnded=False
[Info   : KayceePvP] Duel: SENDING | match=-1913211851 turn=0 seq=134 sender=PEER type=card_played card=Squirrel slot=2
[Info   : KayceePvP] Duel: LOCAL STATE HASH | match=-1913211851 forSeq=134 basedOnActionFromHost=False hash=7JVf04CNm8StU2OO state=[HOST=[EMPTY;EMPTY;EMPTY;EMPTY] PEER=[EMPTY;EMPTY;Squirrel/0/1/[];EMPTY] BAL=0 TURN=0 BATTLE=3 HW=1 PW=1]
[Info   : KayceePvP] Duel: TRACE_HANDLE_MESSAGE | self=PEER sender=HOST type=duel_state_hash match=-1913211851 battle=3 turn=0 seq=136 currentTurn=0 isPlayerTurn=True netTransitMsApprox=426,0
[Info   : KayceePvP] Duel: RECEIVED PEER HASH | match=-1913211851 sender=HOST forSeq=134 basedOnActionFromHost=False hash=7JVf04CNm8StU2OO
[Info   : KayceePvP] Duel: STATE HASH MATCH | match=-1913211851 forSeq=134 basedOnActionFromHost=False hash=7JVf04CNm8StU2OO
[Info   : KayceePvP] Duel: captured sacrifice of 'Squirrel' at slot 2 - will attach to the next card_played broadcast.
[Info   : KayceePvP] Duel (card-sync): SEND card='Cuckoo' | SELF=PEER BASE=[Flying+CreateEgg] PERMANENT_MOD_ABILITIES=[SplitStrike] PERMANENT_MOD_NEGATIONS=[] TEMPORARY_MOD_ABILITIES=[] EFFECTIVE=[19+99+24] WIRE=[19+99+24] hasTotemAbility=False
[Info   : KayceePvP] Duel: SENDING | match=-1913211851 turn=0 seq=136 sender=PEER type=card_played card=Cuckoo slot=2 sacrificedSlots=[2]
[Info   : KayceePvP] Duel: LOCAL STATE HASH | match=-1913211851 forSeq=136 basedOnActionFromHost=False hash=ARunWMYHyFq+kObI state=[HOST=[EMPTY;EMPTY;EMPTY;EMPTY] PEER=[EMPTY;EMPTY;Cuckoo/1/1/[19,24,99];EMPTY] BAL=0 TURN=0 BATTLE=3 HW=1 PW=1]
[Info   : KayceePvP] Duel: TRACE_HANDLE_MESSAGE | self=PEER sender=HOST type=duel_state_hash match=-1913211851 battle=3 turn=0 seq=137 currentTurn=0 isPlayerTurn=True netTransitMsApprox=409,8
[Info   : KayceePvP] Duel: RECEIVED PEER HASH | match=-1913211851 sender=HOST forSeq=136 basedOnActionFromHost=False hash=zuRHFQ3dNDuSh6ER
[Error  : KayceePvP] Duel: STATE HASH MISMATCH | match=-1913211851 forSeq=136 basedOnActionFromHost=False localHash=ARunWMYHyFq+kObI peerHash=zuRHFQ3dNDuSh6ER
[Error  : KayceePvP] Duel: local state dump (forSeq=136) | HOST=[EMPTY;EMPTY;EMPTY;EMPTY] PEER=[EMPTY;EMPTY;Cuckoo/1/1/[19,24,99];EMPTY] BAL=0 TURN=0 BATTLE=3 HW=1 PW=1
[Info   : KayceePvP] Duel: SENDING | match=-1913211851 turn=0 seq=138 sender=PEER type=end_turn cardsPlayedThisTurn=2
[Info   : KayceePvP] Duel (combat): COMBAT_PHASE_STARTED | self=PEER generation=1 playerIsAttacker=True
[Info   : KayceePvP] Duel (combat): COMBAT_PHASE_RESOLVED | self=PEER generation=1 playerIsAttacker=True
[Info   : KayceePvP] Duel (ability-trigger): GlobalTriggerHandler.TriggerCardsOnBoard(Trigger.TurnEnd) DISPATCHED | SELF=PEER playerTurnEndArg=True
[Info   : KayceePvP] Duel: LOCAL STATE HASH | match=-1913211851 forSeq=138 basedOnActionFromHost=False hash=iy9Zdvv/ZDs0LJKT state=[HOST=[EMPTY;EMPTY;BrokenEgg/0/1/[];EMPTY] PEER=[EMPTY;EMPTY;Cuckoo/1/1/[19,24,99];EMPTY] BAL=-2 TURN=1 BATTLE=3 HW=1 PW=1]
[Info   : KayceePvP] Duel: TRACE_HANDLE_MESSAGE | self=PEER sender=HOST type=duel_state_hash match=-1913211851 battle=3 turn=1 seq=138 currentTurn=1 isPlayerTurn=True netTransitMsApprox=434,9
[Info   : KayceePvP] Duel: RECEIVED PEER HASH | match=-1913211851 sender=HOST forSeq=138 basedOnActionFromHost=False hash=iy9Zdvv/ZDs0LJKT
[Info   : KayceePvP] Duel: STATE HASH MATCH | match=-1913211851 forSeq=138 basedOnActionFromHost=False hash=iy9Zdvv/ZDs0LJKT
[Info   : KayceePvP] NetworkOpponent: waiting for the peer's turn (4 opponent slots available). gen=18
[Info   : KayceePvP] Duel: TRACE_HANDLE_MESSAGE | self=PEER sender=HOST type=card_played match=-1913211851 battle=3 turn=1 seq=139 currentTurn=1 isPlayerTurn=False netTransitMsApprox=418,2
[Info   : KayceePvP] Duel: RECEIVED | match=-1913211851 battle=3 turn=1 seq=139 sender=HOST type=card_played card=Squirrel slot=1 queueBefore=0 queueAfter=1 currentTurn=1
[Info   : KayceePvP] NetworkOpponent: PROCESSING | gen=18 match=-1913211851 battle=3 turn=1 seq=139 type=card_played queueBefore=1 queueAfter=0 currentTurn=1 isPlayerTurn=False queueDwellMs=8,1
[Info   : KayceePvP] NetworkOpponent: queueing 'Squirrel' onto opponent slot 1.
[Info   : KayceePvP] Duel: TRACE_HANDLE_MESSAGE | self=PEER sender=HOST type=duel_state_hash match=-1913211851 battle=3 turn=1 seq=140 currentTurn=1 isPlayerTurn=False netTransitMsApprox=417,6
[Info   : KayceePvP] Duel: RECEIVED PEER HASH | match=-1913211851 sender=HOST forSeq=139 basedOnActionFromHost=True hash=jXEsXiWoAsho/CTt
[Info   : KayceePvP] Duel: LOCAL STATE HASH | match=-1913211851 forSeq=139 basedOnActionFromHost=True hash=jXEsXiWoAsho/CTt state=[HOST=[EMPTY;Squirrel/0/1/[];BrokenEgg/0/1/[];EMPTY] PEER=[EMPTY;EMPTY;Cuckoo/1/1/[19,24,99];EMPTY] BAL=-2 TURN=1 BATTLE=3 HW=1 PW=1]
[Info   : KayceePvP] Duel: STATE HASH MATCH | match=-1913211851 forSeq=139 basedOnActionFromHost=True hash=jXEsXiWoAsho/CTt
[Info   : KayceePvP] Duel: TRACE_HANDLE_MESSAGE | self=PEER sender=HOST type=card_played match=-1913211851 battle=3 turn=1 seq=141 currentTurn=1 isPlayerTurn=False netTransitMsApprox=422,2
[Info   : KayceePvP] Duel: RECEIVED | match=-1913211851 battle=3 turn=1 seq=141 sender=HOST type=card_played card=Tadpole slot=0 queueBefore=0 queueAfter=1 currentTurn=1
[Info   : KayceePvP] NetworkOpponent: PROCESSING | gen=18 match=-1913211851 battle=3 turn=1 seq=141 type=card_played queueBefore=1 queueAfter=0 currentTurn=1 isPlayerTurn=False queueDwellMs=7,6
[Info   : KayceePvP] Duel (card-sync): RECV card='Tadpole' | SELF=PEER RECONSTRUCTED_BASE=[13+5] WIRE=[13+5+9] TO_ADD=[9] TO_NEGATE=[] FINAL_EFFECTIVE=[13+5+9]
[Info   : KayceePvP] NetworkOpponent: queueing 'Tadpole' onto opponent slot 0.
[Info   : KayceePvP] Duel: TRACE_HANDLE_MESSAGE | self=PEER sender=HOST type=duel_state_hash match=-1913211851 battle=3 turn=1 seq=142 currentTurn=1 isPlayerTurn=False netTransitMsApprox=447,8
[Info   : KayceePvP] Duel: RECEIVED PEER HASH | match=-1913211851 sender=HOST forSeq=141 basedOnActionFromHost=True hash=q0kmCxIrZ1ULV3su
[Info   : KayceePvP] Duel (ownership): suppressed DrawCreatedCard's card-to-hand | ABSOLUTE_OWNER=HOST LOCAL_SIDE=OPPONENT SELF=PEER ABILITY=DrawCreatedCard card='Tadpole' - would have wrongly gone to the local player's hand.
[Info   : KayceePvP] Duel: LOCAL STATE HASH | match=-1913211851 forSeq=141 basedOnActionFromHost=True hash=q0kmCxIrZ1ULV3su state=[HOST=[Tadpole/0/1/[5,9,13];Squirrel/0/1/[];BrokenEgg/0/1/[];EMPTY] PEER=[EMPTY;EMPTY;Cuckoo/1/1/[19,24,99];EMPTY] BAL=-2 TURN=1 BATTLE=3 HW=1 PW=1]
[Info   : KayceePvP] Duel: STATE HASH MATCH | match=-1913211851 forSeq=141 basedOnActionFromHost=True hash=q0kmCxIrZ1ULV3su
[Info   : KayceePvP] Duel: TRACE_HANDLE_MESSAGE | self=PEER sender=HOST type=card_played match=-1913211851 battle=3 turn=1 seq=143 currentTurn=1 isPlayerTurn=False netTransitMsApprox=454,0
[Info   : KayceePvP] Duel: RECEIVED | match=-1913211851 battle=3 turn=1 seq=143 sender=HOST type=card_played card=Pronghorn slot=1 queueBefore=0 queueAfter=1 currentTurn=1
[Info   : KayceePvP] Duel: TRACE_HANDLE_MESSAGE | self=PEER sender=HOST type=duel_state_hash match=-1913211851 battle=3 turn=1 seq=144 currentTurn=1 isPlayerTurn=False netTransitMsApprox=413,6
[Info   : KayceePvP] Duel: RECEIVED PEER HASH | match=-1913211851 sender=HOST forSeq=143 basedOnActionFromHost=True hash=F0Di/yxjcyIuHU9q
[Info   : KayceePvP] NetworkOpponent: PROCESSING | gen=18 match=-1913211851 battle=3 turn=1 seq=143 type=card_played queueBefore=1 queueAfter=0 currentTurn=1 isPlayerTurn=False queueDwellMs=7,2
[Info   : KayceePvP] NetworkOpponent: applying remote sacrifice at slot 0 ('Tadpole').
[Info   : KayceePvP] NetworkOpponent: applying remote sacrifice at slot 1 ('Squirrel').
[Info   : KayceePvP] Duel (card-sync): RECV card='Pronghorn' | SELF=PEER RECONSTRUCTED_BASE=[3+24] WIRE=[3+24] TO_ADD=[] TO_NEGATE=[] FINAL_EFFECTIVE=[3+24]
[Info   : KayceePvP] NetworkOpponent: queueing 'Pronghorn' onto opponent slot 1.
[Info   : KayceePvP] Duel: LOCAL STATE HASH | match=-1913211851 forSeq=143 basedOnActionFromHost=True hash=F0Di/yxjcyIuHU9q state=[HOST=[EMPTY;Pronghorn/1/3/[3,24];BrokenEgg/0/1/[];EMPTY] PEER=[EMPTY;EMPTY;Cuckoo/1/1/[19,24,99];EMPTY] BAL=-2 TURN=1 BATTLE=3 HW=1 PW=1]
[Info   : KayceePvP] Duel: STATE HASH MATCH | match=-1913211851 forSeq=143 basedOnActionFromHost=True hash=F0Di/yxjcyIuHU9q
[Info   : KayceePvP] Duel: TRACE_HANDLE_MESSAGE | self=PEER sender=HOST type=card_played match=-1913211851 battle=3 turn=1 seq=145 currentTurn=1 isPlayerTurn=False netTransitMsApprox=419,8
[Info   : KayceePvP] Duel: RECEIVED | match=-1913211851 battle=3 turn=1 seq=145 sender=HOST type=card_played card=Tadpole slot=3 queueBefore=0 queueAfter=1 currentTurn=1
[Info   : KayceePvP] NetworkOpponent: PROCESSING | gen=18 match=-1913211851 battle=3 turn=1 seq=145 type=card_played queueBefore=1 queueAfter=0 currentTurn=1 isPlayerTurn=False queueDwellMs=8,5
[Info   : KayceePvP] Duel (card-sync): RECV card='Tadpole' | SELF=PEER RECONSTRUCTED_BASE=[13+5] WIRE=[13+5] TO_ADD=[] TO_NEGATE=[] FINAL_EFFECTIVE=[13+5]
[Info   : KayceePvP] NetworkOpponent: queueing 'Tadpole' onto opponent slot 3.
[Info   : KayceePvP] Duel: TRACE_HANDLE_MESSAGE | self=PEER sender=HOST type=duel_state_hash match=-1913211851 battle=3 turn=1 seq=146 currentTurn=1 isPlayerTurn=False netTransitMsApprox=420,2
[Info   : KayceePvP] Duel: RECEIVED PEER HASH | match=-1913211851 sender=HOST forSeq=145 basedOnActionFromHost=True hash=6ga61F/w7jfPbXsz
[Info   : KayceePvP] Duel: LOCAL STATE HASH | match=-1913211851 forSeq=145 basedOnActionFromHost=True hash=YU86L9ISldwQZVjg state=[HOST=[EMPTY;Pronghorn/1/3/[3,24];BrokenEgg/0/1/[];Tadpole/0/1/[5,13]] PEER=[EMPTY;EMPTY;Cuckoo/1/1/[19,24,99];EMPTY] BAL=-2 TURN=1 BATTLE=3 HW=1 PW=1]
[Error  : KayceePvP] Duel: STATE HASH MISMATCH | match=-1913211851 forSeq=145 basedOnActionFromHost=True localHash=YU86L9ISldwQZVjg peerHash=6ga61F/w7jfPbXsz
[Error  : KayceePvP] Duel: local state dump (forSeq=145) | HOST=[EMPTY;Pronghorn/1/3/[3,24];BrokenEgg/0/1/[];Tadpole/0/1/[5,13]] PEER=[EMPTY;EMPTY;Cuckoo/1/1/[19,24,99];EMPTY] BAL=-2 TURN=1 BATTLE=3 HW=1 PW=1
[Info   : KayceePvP] Duel: TRACE_HANDLE_MESSAGE | self=PEER sender=HOST type=card_played match=-1913211851 battle=3 turn=1 seq=147 currentTurn=1 isPlayerTurn=False netTransitMsApprox=438,6
[Info   : KayceePvP] Duel: RECEIVED | match=-1913211851 battle=3 turn=1 seq=147 sender=HOST type=card_played card=WolfCub slot=3 queueBefore=0 queueAfter=1 currentTurn=1
[Info   : KayceePvP] NetworkOpponent: PROCESSING | gen=18 match=-1913211851 battle=3 turn=1 seq=147 type=card_played queueBefore=1 queueAfter=0 currentTurn=1 isPlayerTurn=False queueDwellMs=10,6
[Info   : KayceePvP] NetworkOpponent: applying remote sacrifice at slot 3 ('Tadpole').
[Info   : KayceePvP] Duel: TRACE_HANDLE_MESSAGE | self=PEER sender=HOST type=duel_state_hash match=-1913211851 battle=3 turn=1 seq=148 currentTurn=1 isPlayerTurn=False netTransitMsApprox=445,6
[Info   : KayceePvP] Duel: RECEIVED PEER HASH | match=-1913211851 sender=HOST forSeq=147 basedOnActionFromHost=True hash=7eZKovLf13Wyb5nJ
[Info   : KayceePvP] Duel (card-sync): RECV card='WolfCub' | SELF=PEER RECONSTRUCTED_BASE=[5] WIRE=[5] TO_ADD=[] TO_NEGATE=[] FINAL_EFFECTIVE=[5]
[Info   : KayceePvP] NetworkOpponent: queueing 'WolfCub' onto opponent slot 3.
[Info   : KayceePvP] Duel: TRACE_HANDLE_MESSAGE | self=PEER sender=HOST type=end_turn match=-1913211851 battle=3 turn=1 seq=149 currentTurn=1 isPlayerTurn=False netTransitMsApprox=445,1
[Info   : KayceePvP] Duel: RECEIVED | match=-1913211851 battle=3 turn=1 seq=149 sender=HOST type=end_turn queueBefore=0 queueAfter=1 currentTurn=1
[Info   : KayceePvP] Duel: LOCAL STATE HASH | match=-1913211851 forSeq=147 basedOnActionFromHost=True hash=7eZKovLf13Wyb5nJ state=[HOST=[EMPTY;Pronghorn/1/3/[3,24];BrokenEgg/0/1/[];WolfCub/1/1/[5]] PEER=[EMPTY;EMPTY;Cuckoo/1/1/[19,24,99];EMPTY] BAL=-2 TURN=1 BATTLE=3 HW=1 PW=1]
[Info   : KayceePvP] Duel: STATE HASH MATCH | match=-1913211851 forSeq=147 basedOnActionFromHost=True hash=7eZKovLf13Wyb5nJ
[Info   : KayceePvP] NetworkOpponent: PROCESSING | gen=18 match=-1913211851 battle=3 turn=1 seq=149 type=end_turn queueBefore=1 queueAfter=0 currentTurn=1 isPlayerTurn=False queueDwellMs=136,2
[Info   : KayceePvP] Duel (combat): COMBAT_PHASE_STARTED | self=PEER generation=2 playerIsAttacker=False
[Info   : KayceePvP] Duel: TRACE_HANDLE_MESSAGE | self=PEER sender=HOST type=duel_state_hash match=-1913211851 battle=3 turn=2 seq=150 currentTurn=1 isPlayerTurn=False netTransitMsApprox=423,7
[Info   : KayceePvP] Duel: RECEIVED PEER HASH | match=-1913211851 sender=HOST forSeq=149 basedOnActionFromHost=True hash=Hm/+Jv6aJ6N+VEdJ
[Info   : KayceePvP] Duel (combat): COMBAT_PHASE_RESOLVED | self=PEER generation=2 playerIsAttacker=False
[Info   : KayceePvP] Duel (ability-trigger): GlobalTriggerHandler.TriggerCardsOnBoard(Trigger.TurnEnd) DISPATCHED | SELF=PEER playerTurnEndArg=False
[Info   : KayceePvP] Duel: LOCAL STATE HASH | match=-1913211851 forSeq=149 basedOnActionFromHost=True hash=Hm/+Jv6aJ6N+VEdJ state=[HOST=[EMPTY;Pronghorn/1/3/[3,24];BrokenEgg/0/1/[];WolfCub/1/1/[5]] PEER=[EMPTY;EMPTY;EMPTY;EMPTY] BAL=0 TURN=2 BATTLE=3 HW=1 PW=1]
[Info   : KayceePvP] Duel: STATE HASH MATCH | match=-1913211851 forSeq=149 basedOnActionFromHost=True hash=Hm/+Jv6aJ6N+VEdJ
[Info   : KayceePvP] Duel (ability-trigger): Strafe.RespondsToTurnEnd | ABILITY=Strafe CARD='Pronghorn' CARD_ABSOLUTE_OWNER=HOST LOCAL_SIDE=OPPONENT SELF=PEER playerTurnEnd=False RESULT=True
[Info   : KayceePvP] Duel (ability-trigger): Strafe.RespondsToTurnEnd | ABILITY=Strafe CARD='Pronghorn' CARD_ABSOLUTE_OWNER=HOST LOCAL_SIDE=OPPONENT SELF=PEER playerTurnEnd=False RESULT=True
[Info   : KayceePvP] Duel (ability-trigger): Strafe.OnTurnEnd STARTED | ABILITY=Strafe CARD='Pronghorn' CARD_ABSOLUTE_OWNER=HOST LOCAL_SIDE=OPPONENT SELF=PEER playerTurnEnd=False cardSlot=1
[Info   : KayceePvP] Duel: SENDING | match=-1913211851 turn=2 seq=146 sender=PEER type=end_turn cardsPlayedThisTurn=0
[Info   : KayceePvP] Duel (combat): COMBAT_PHASE_STARTED | self=PEER generation=3 playerIsAttacker=True
[Info   : KayceePvP] Duel: TRACE_HANDLE_MESSAGE | self=PEER sender=HOST type=duel_state_hash match=-1913211851 battle=3 turn=3 seq=151 currentTurn=2 isPlayerTurn=True netTransitMsApprox=422,3
[Info   : KayceePvP] Duel: RECEIVED PEER HASH | match=-1913211851 sender=HOST forSeq=146 basedOnActionFromHost=False hash=Mz7G7PD+sryvoGGD
[Info   : KayceePvP] Duel (combat): COMBAT_PHASE_RESOLVED | self=PEER generation=3 playerIsAttacker=True
[Info   : KayceePvP] Duel (ability-trigger): GlobalTriggerHandler.TriggerCardsOnBoard(Trigger.TurnEnd) DISPATCHED | SELF=PEER playerTurnEndArg=True
[Info   : KayceePvP] Duel: LOCAL STATE HASH | match=-1913211851 forSeq=146 basedOnActionFromHost=False hash=Mz7G7PD+sryvoGGD state=[HOST=[Pronghorn/1/3/[3,24];EMPTY;BrokenEgg/0/1/[];WolfCub/1/1/[5]] PEER=[EMPTY;EMPTY;EMPTY;EMPTY] BAL=0 TURN=3 BATTLE=3 HW=1 PW=1]
[Info   : KayceePvP] Duel: STATE HASH MATCH | match=-1913211851 forSeq=146 basedOnActionFromHost=False hash=Mz7G7PD+sryvoGGD
[Info   : KayceePvP] Duel (ability-trigger): Strafe.RespondsToTurnEnd | ABILITY=Strafe CARD='Pronghorn' CARD_ABSOLUTE_OWNER=HOST LOCAL_SIDE=OPPONENT SELF=PEER playerTurnEnd=True RESULT=False
[Info   : KayceePvP] NetworkOpponent: waiting for the peer's turn (4 opponent slots available). gen=19
[Info   : KayceePvP] Duel: TRACE_HANDLE_MESSAGE | self=PEER sender=HOST type=end_turn match=-1913211851 battle=3 turn=3 seq=152 currentTurn=3 isPlayerTurn=False netTransitMsApprox=432,4
[Info   : KayceePvP] Duel: RECEIVED | match=-1913211851 battle=3 turn=3 seq=152 sender=HOST type=end_turn queueBefore=0 queueAfter=1 currentTurn=3
[Info   : KayceePvP] NetworkOpponent: PROCESSING | gen=19 match=-1913211851 battle=3 turn=3 seq=152 type=end_turn queueBefore=1 queueAfter=0 currentTurn=3 isPlayerTurn=False queueDwellMs=6,6
[Info   : KayceePvP] Duel (combat): COMBAT_PHASE_STARTED | self=PEER generation=4 playerIsAttacker=False
[Info   : KayceePvP] Duel (combat): COMBAT_PHASE_RESOLVED | self=PEER generation=4 playerIsAttacker=False
[Info   : KayceePvP] Duel (ability-trigger): GlobalTriggerHandler.TriggerCardsOnBoard(Trigger.TurnEnd) DISPATCHED | SELF=PEER playerTurnEndArg=False
[Info   : KayceePvP] Duel: LOCAL STATE HASH | match=-1913211851 forSeq=152 basedOnActionFromHost=True hash=cVLZ7tp46NoGDcJ1 state=[HOST=[Pronghorn/1/3/[3,24];EMPTY;BrokenEgg/0/1/[];Wolf/3/2/[]] PEER=[EMPTY;EMPTY;EMPTY;EMPTY] BAL=4 TURN=4 BATTLE=3 HW=1 PW=1]
[Info   : KayceePvP] Duel (ability-trigger): Strafe.RespondsToTurnEnd | ABILITY=Strafe CARD='Pronghorn' CARD_ABSOLUTE_OWNER=HOST LOCAL_SIDE=OPPONENT SELF=PEER playerTurnEnd=False RESULT=True
[Info   : KayceePvP] Duel (ability-trigger): Strafe.RespondsToTurnEnd | ABILITY=Strafe CARD='Pronghorn' CARD_ABSOLUTE_OWNER=HOST LOCAL_SIDE=OPPONENT SELF=PEER playerTurnEnd=False RESULT=True
[Info   : KayceePvP] Duel (ability-trigger): Strafe.OnTurnEnd STARTED | ABILITY=Strafe CARD='Pronghorn' CARD_ABSOLUTE_OWNER=HOST LOCAL_SIDE=OPPONENT SELF=PEER playerTurnEnd=False cardSlot=0
[Info   : KayceePvP] Duel: TRACE_HANDLE_MESSAGE | self=PEER sender=HOST type=duel_state_hash match=-1913211851 battle=3 turn=4 seq=153 currentTurn=4 isPlayerTurn=False netTransitMsApprox=428,3
[Info   : KayceePvP] Duel: RECEIVED PEER HASH | match=-1913211851 sender=HOST forSeq=152 basedOnActionFromHost=True hash=cVLZ7tp46NoGDcJ1
[Info   : KayceePvP] Duel: STATE HASH MATCH | match=-1913211851 forSeq=152 basedOnActionFromHost=True hash=cVLZ7tp46NoGDcJ1
[Info   : KayceePvP] Duel: SENDING | match=-1913211851 turn=4 seq=149 sender=PEER type=card_played card=Squirrel slot=1
[Info   : KayceePvP] Duel: LOCAL STATE HASH | match=-1913211851 forSeq=149 basedOnActionFromHost=False hash=L384GhrENNGvkfPH state=[HOST=[EMPTY;Pronghorn/1/3/[3,24];BrokenEgg/0/1/[];Wolf/3/2/[]] PEER=[EMPTY;Squirrel/0/1/[];EMPTY;EMPTY] BAL=4 TURN=4 BATTLE=3 HW=1 PW=1]
[Info   : KayceePvP] Duel: TRACE_HANDLE_MESSAGE | self=PEER sender=HOST type=duel_state_hash match=-1913211851 battle=3 turn=4 seq=154 currentTurn=4 isPlayerTurn=True netTransitMsApprox=495,1
[Info   : KayceePvP] Duel: RECEIVED PEER HASH | match=-1913211851 sender=HOST forSeq=149 basedOnActionFromHost=False hash=L384GhrENNGvkfPH
[Info   : KayceePvP] Duel: STATE HASH MATCH | match=-1913211851 forSeq=149 basedOnActionFromHost=False hash=L384GhrENNGvkfPH
[Info   : KayceePvP] Duel: captured sacrifice of 'Squirrel' at slot 1 - will attach to the next card_played broadcast.
[Info   : KayceePvP] Duel: SENDING | match=-1913211851 turn=4 seq=151 sender=PEER type=card_played card=WolfCub slot=1 sacrificedSlots=[1]
[Info   : KayceePvP] Duel: LOCAL STATE HASH | match=-1913211851 forSeq=151 basedOnActionFromHost=False hash=PCE1FciZWFcAKhk2 state=[HOST=[EMPTY;Pronghorn/1/3/[3,24];BrokenEgg/0/1/[];Wolf/3/2/[]] PEER=[EMPTY;WolfCub/1/1/[5];EMPTY;EMPTY] BAL=4 TURN=4 BATTLE=3 HW=1 PW=1]
[Info   : KayceePvP] Duel: TRACE_HANDLE_MESSAGE | self=PEER sender=HOST type=duel_state_hash match=-1913211851 battle=3 turn=4 seq=155 currentTurn=4 isPlayerTurn=True netTransitMsApprox=422,5
[Info   : KayceePvP] Duel: RECEIVED PEER HASH | match=-1913211851 sender=HOST forSeq=151 basedOnActionFromHost=False hash=PCE1FciZWFcAKhk2
[Info   : KayceePvP] Duel: STATE HASH MATCH | match=-1913211851 forSeq=151 basedOnActionFromHost=False hash=PCE1FciZWFcAKhk2
[Info   : KayceePvP] Duel: SENDING | match=-1913211851 turn=4 seq=153 sender=PEER type=end_turn cardsPlayedThisTurn=2
[Info   : KayceePvP] Duel (combat): COMBAT_PHASE_STARTED | self=PEER generation=5 playerIsAttacker=True
[Info   : KayceePvP] Duel (combat): COMBAT_PHASE_RESOLVED | self=PEER generation=5 playerIsAttacker=True
[Info   : KayceePvP] Duel (ability-trigger): GlobalTriggerHandler.TriggerCardsOnBoard(Trigger.TurnEnd) DISPATCHED | SELF=PEER playerTurnEndArg=True
[Info   : KayceePvP] Duel: LOCAL STATE HASH | match=-1913211851 forSeq=153 basedOnActionFromHost=False hash=WfWcMVo9TBbqYi3W state=[HOST=[EMPTY;Pronghorn/1/2/[3,24];BrokenEgg/0/1/[];Wolf/3/2/[]] PEER=[EMPTY;WolfCub/1/1/[5];EMPTY;EMPTY] BAL=4 TURN=5 BATTLE=3 HW=1 PW=1]
[Info   : KayceePvP] Duel (ability-trigger): Strafe.RespondsToTurnEnd | ABILITY=Strafe CARD='Pronghorn' CARD_ABSOLUTE_OWNER=HOST LOCAL_SIDE=OPPONENT SELF=PEER playerTurnEnd=True RESULT=False
[Info   : KayceePvP] Duel: TRACE_HANDLE_MESSAGE | self=PEER sender=HOST type=duel_state_hash match=-1913211851 battle=3 turn=5 seq=156 currentTurn=5 isPlayerTurn=True netTransitMsApprox=417,6
[Info   : KayceePvP] Duel: RECEIVED PEER HASH | match=-1913211851 sender=HOST forSeq=153 basedOnActionFromHost=False hash=WfWcMVo9TBbqYi3W
[Info   : KayceePvP] Duel: STATE HASH MATCH | match=-1913211851 forSeq=153 basedOnActionFromHost=False hash=WfWcMVo9TBbqYi3W
[Info   : KayceePvP] NetworkOpponent: waiting for the peer's turn (4 opponent slots available). gen=20
[Info   : KayceePvP] Duel: TRACE_HANDLE_MESSAGE | self=PEER sender=HOST type=end_turn match=-1913211851 battle=3 turn=5 seq=157 currentTurn=5 isPlayerTurn=False netTransitMsApprox=432,9
[Info   : KayceePvP] Duel: RECEIVED | match=-1913211851 battle=3 turn=5 seq=157 sender=HOST type=end_turn queueBefore=0 queueAfter=1 currentTurn=5
[Info   : KayceePvP] NetworkOpponent: PROCESSING | gen=20 match=-1913211851 battle=3 turn=5 seq=157 type=end_turn queueBefore=1 queueAfter=0 currentTurn=5 isPlayerTurn=False queueDwellMs=9,8
[Info   : KayceePvP] Duel (combat): COMBAT_PHASE_STARTED | self=PEER generation=6 playerIsAttacker=False
[Info   : KayceePvP] Duel (combat): COMBAT_PHASE_RESOLVED | self=PEER generation=6 playerIsAttacker=False
[Info   : KayceePvP] Duel (ability-trigger): GlobalTriggerHandler.TriggerCardsOnBoard(Trigger.TurnEnd) DISPATCHED | SELF=PEER playerTurnEndArg=False
[Info   : KayceePvP] Duel: LOCAL STATE HASH | match=-1913211851 forSeq=157 basedOnActionFromHost=True hash=ZDVlprOtFoQLL2Xe state=[HOST=[EMPTY;Pronghorn/1/2/[3,24];BrokenEgg/0/1/[];Wolf/3/2/[]] PEER=[EMPTY;WolfCub/1/1/[5];EMPTY;EMPTY] BAL=5 TURN=6 BATTLE=3 HW=1 PW=1]
[Info   : KayceePvP] Duel (ability-trigger): Strafe.RespondsToTurnEnd | ABILITY=Strafe CARD='Pronghorn' CARD_ABSOLUTE_OWNER=HOST LOCAL_SIDE=OPPONENT SELF=PEER playerTurnEnd=False RESULT=True
[Info   : KayceePvP] Duel (ability-trigger): Strafe.RespondsToTurnEnd | ABILITY=Strafe CARD='Pronghorn' CARD_ABSOLUTE_OWNER=HOST LOCAL_SIDE=OPPONENT SELF=PEER playerTurnEnd=False RESULT=True
[Info   : KayceePvP] Duel (ability-trigger): Strafe.OnTurnEnd STARTED | ABILITY=Strafe CARD='Pronghorn' CARD_ABSOLUTE_OWNER=HOST LOCAL_SIDE=OPPONENT SELF=PEER playerTurnEnd=False cardSlot=1
[Info   : KayceePvP] Duel: TRACE_HANDLE_MESSAGE | self=PEER sender=HOST type=duel_state_hash match=-1913211851 battle=3 turn=6 seq=158 currentTurn=6 isPlayerTurn=False netTransitMsApprox=437,8
[Info   : KayceePvP] Duel: RECEIVED PEER HASH | match=-1913211851 sender=HOST forSeq=157 basedOnActionFromHost=True hash=ZDVlprOtFoQLL2Xe
[Info   : KayceePvP] Duel: STATE HASH MATCH | match=-1913211851 forSeq=157 basedOnActionFromHost=True hash=ZDVlprOtFoQLL2Xe
[Info   : KayceePvP] Duel: SENDING | match=-1913211851 turn=6 seq=156 sender=PEER type=card_played card=Squirrel slot=2
[Info   : KayceePvP] Duel: LOCAL STATE HASH | match=-1913211851 forSeq=156 basedOnActionFromHost=False hash=/0txVjnh8wIqMspE state=[HOST=[Pronghorn/1/2/[3,24];EMPTY;BrokenEgg/0/1/[];Wolf/3/2/[]] PEER=[EMPTY;Wolf/3/2/[];Squirrel/0/1/[];EMPTY] BAL=5 TURN=6 BATTLE=3 HW=1 PW=1]
[Info   : KayceePvP] Duel: TRACE_HANDLE_MESSAGE | self=PEER sender=HOST type=duel_state_hash match=-1913211851 battle=3 turn=6 seq=159 currentTurn=6 isPlayerTurn=True netTransitMsApprox=418,3
[Info   : KayceePvP] Duel: RECEIVED PEER HASH | match=-1913211851 sender=HOST forSeq=156 basedOnActionFromHost=False hash=/0txVjnh8wIqMspE
[Info   : KayceePvP] Duel: STATE HASH MATCH | match=-1913211851 forSeq=156 basedOnActionFromHost=False hash=/0txVjnh8wIqMspE
[Info   : KayceePvP] Duel: captured sacrifice of 'Wolf' at slot 1 - will attach to the next card_played broadcast.
[Info   : KayceePvP] Duel: captured sacrifice of 'Squirrel' at slot 2 - will attach to the next card_played broadcast.
[Info   : KayceePvP] Duel: SENDING | match=-1913211851 turn=6 seq=158 sender=PEER type=card_played card=Bloodhound slot=3 sacrificedSlots=[1,2]
[Info   : KayceePvP] Duel: LOCAL STATE HASH | match=-1913211851 forSeq=158 basedOnActionFromHost=False hash=Sb77OJ2JP370m8U5 state=[HOST=[Pronghorn/1/2/[3,24];EMPTY;BrokenEgg/0/1/[];Wolf/3/2/[]] PEER=[EMPTY;EMPTY;EMPTY;Bloodhound/2/3/[18]] BAL=5 TURN=6 BATTLE=3 HW=1 PW=1]
[Info   : KayceePvP] Duel: TRACE_HANDLE_MESSAGE | self=PEER sender=HOST type=duel_state_hash match=-1913211851 battle=3 turn=6 seq=160 currentTurn=6 isPlayerTurn=True netTransitMsApprox=442,2
[Info   : KayceePvP] Duel: RECEIVED PEER HASH | match=-1913211851 sender=HOST forSeq=158 basedOnActionFromHost=False hash=Sb77OJ2JP370m8U5
[Info   : KayceePvP] Duel: STATE HASH MATCH | match=-1913211851 forSeq=158 basedOnActionFromHost=False hash=Sb77OJ2JP370m8U5
[Info   : KayceePvP] Duel: SENDING | match=-1913211851 turn=6 seq=160 sender=PEER type=end_turn cardsPlayedThisTurn=2
[Info   : KayceePvP] Duel (combat): COMBAT_PHASE_STARTED | self=PEER generation=7 playerIsAttacker=True
[Info   : KayceePvP] Duel (combat): COMBAT_PHASE_RESOLVED | self=PEER generation=7 playerIsAttacker=True
[Info   : KayceePvP] Duel (ability-trigger): GlobalTriggerHandler.TriggerCardsOnBoard(Trigger.TurnEnd) DISPATCHED | SELF=PEER playerTurnEndArg=True
[Info   : KayceePvP] Duel: LOCAL STATE HASH | match=-1913211851 forSeq=160 basedOnActionFromHost=False hash=bYHz+Fqy2Kwbz5/o state=[HOST=[Pronghorn/1/2/[3,24];EMPTY;BrokenEgg/0/1/[];EMPTY] PEER=[EMPTY;EMPTY;EMPTY;Bloodhound/2/3/[18]] BAL=5 TURN=7 BATTLE=3 HW=1 PW=1]
[Info   : KayceePvP] Duel (ability-trigger): Strafe.RespondsToTurnEnd | ABILITY=Strafe CARD='Pronghorn' CARD_ABSOLUTE_OWNER=HOST LOCAL_SIDE=OPPONENT SELF=PEER playerTurnEnd=True RESULT=False
[Info   : KayceePvP] Duel: TRACE_HANDLE_MESSAGE | self=PEER sender=HOST type=duel_state_hash match=-1913211851 battle=3 turn=7 seq=161 currentTurn=7 isPlayerTurn=False netTransitMsApprox=427,0
[Info   : KayceePvP] Duel: RECEIVED PEER HASH | match=-1913211851 sender=HOST forSeq=160 basedOnActionFromHost=False hash=bYHz+Fqy2Kwbz5/o
[Info   : KayceePvP] Duel: STATE HASH MATCH | match=-1913211851 forSeq=160 basedOnActionFromHost=False hash=bYHz+Fqy2Kwbz5/o
[Info   : KayceePvP] NetworkOpponent: waiting for the peer's turn (4 opponent slots available). gen=21
[Info   : KayceePvP] Duel: TRACE_HANDLE_MESSAGE | self=PEER sender=HOST type=card_played match=-1913211851 battle=3 turn=7 seq=162 currentTurn=7 isPlayerTurn=False netTransitMsApprox=442,1
[Info   : KayceePvP] Duel: RECEIVED | match=-1913211851 battle=3 turn=7 seq=162 sender=HOST type=card_played card=Alpha slot=1 queueBefore=0 queueAfter=1 currentTurn=7
[Info   : KayceePvP] NetworkOpponent: PROCESSING | gen=21 match=-1913211851 battle=3 turn=7 seq=162 type=card_played queueBefore=1 queueAfter=0 currentTurn=7 isPlayerTurn=False queueDwellMs=9,2
[Info   : KayceePvP] Duel (card-sync): RECV card='Alpha' | SELF=PEER RECONSTRUCTED_BASE=[34] WIRE=[34] TO_ADD=[] TO_NEGATE=[] FINAL_EFFECTIVE=[34]
[Info   : KayceePvP] NetworkOpponent: queueing 'Alpha' onto opponent slot 1.
[Info   : KayceePvP] Duel: TRACE_HANDLE_MESSAGE | self=PEER sender=HOST type=duel_state_hash match=-1913211851 battle=3 turn=7 seq=163 currentTurn=7 isPlayerTurn=False netTransitMsApprox=446,2
[Info   : KayceePvP] Duel: RECEIVED PEER HASH | match=-1913211851 sender=HOST forSeq=162 basedOnActionFromHost=True hash=TnLfzhYQJh4Nd/Rj
[Info   : KayceePvP] Duel: LOCAL STATE HASH | match=-1913211851 forSeq=162 basedOnActionFromHost=True hash=XAJueIGPxhM1wo01 state=[HOST=[Pronghorn/2/2/[3,24];Alpha/1/2/[34];BrokenEgg/1/1/[];EMPTY] PEER=[EMPTY;Bloodhound/2/3/[18];EMPTY;EMPTY] BAL=5 TURN=7 BATTLE=3 HW=1 PW=1]
[Error  : KayceePvP] Duel: STATE HASH MISMATCH | match=-1913211851 forSeq=162 basedOnActionFromHost=True localHash=XAJueIGPxhM1wo01 peerHash=TnLfzhYQJh4Nd/Rj
[Error  : KayceePvP] Duel: local state dump (forSeq=162) | HOST=[Pronghorn/2/2/[3,24];Alpha/1/2/[34];BrokenEgg/1/1/[];EMPTY] PEER=[EMPTY;Bloodhound/2/3/[18];EMPTY;EMPTY] BAL=5 TURN=7 BATTLE=3 HW=1 PW=1
[Info   : KayceePvP] Duel: TRACE_HANDLE_MESSAGE | self=PEER sender=HOST type=end_turn match=-1913211851 battle=3 turn=7 seq=164 currentTurn=7 isPlayerTurn=False netTransitMsApprox=418,7
[Info   : KayceePvP] Duel: RECEIVED | match=-1913211851 battle=3 turn=7 seq=164 sender=HOST type=end_turn queueBefore=0 queueAfter=1 currentTurn=7
[Info   : KayceePvP] NetworkOpponent: PROCESSING | gen=21 match=-1913211851 battle=3 turn=7 seq=164 type=end_turn queueBefore=1 queueAfter=0 currentTurn=7 isPlayerTurn=False queueDwellMs=17,4
[Info   : KayceePvP] Duel (combat): COMBAT_PHASE_STARTED | self=PEER generation=8 playerIsAttacker=False
[Info   : KayceePvP] Duel (combat): COMBAT_PHASE_RESOLVED | self=PEER generation=8 playerIsAttacker=False
[Info   : KayceePvP] Duel (ability-trigger): GlobalTriggerHandler.TriggerCardsOnBoard(Trigger.TurnEnd) DISPATCHED | SELF=PEER playerTurnEndArg=False
[Info   : KayceePvP] Duel: LOCAL STATE HASH | match=-1913211851 forSeq=164 basedOnActionFromHost=True hash=nCLaLhp/auh15izh state=[HOST=[Pronghorn/2/2/[3,24];Alpha/1/2/[34];BrokenEgg/1/1/[];EMPTY] PEER=[EMPTY;EMPTY;EMPTY;EMPTY] BAL=5 TURN=8 BATTLE=3 HW=1 PW=1]
[Info   : KayceePvP] Duel (ability-trigger): Strafe.RespondsToTurnEnd | ABILITY=Strafe CARD='Pronghorn' CARD_ABSOLUTE_OWNER=HOST LOCAL_SIDE=OPPONENT SELF=PEER playerTurnEnd=False RESULT=True
[Info   : KayceePvP] Duel (ability-trigger): Strafe.RespondsToTurnEnd | ABILITY=Strafe CARD='Pronghorn' CARD_ABSOLUTE_OWNER=HOST LOCAL_SIDE=OPPONENT SELF=PEER playerTurnEnd=False RESULT=True
[Info   : KayceePvP] Duel (ability-trigger): Strafe.OnTurnEnd STARTED | ABILITY=Strafe CARD='Pronghorn' CARD_ABSOLUTE_OWNER=HOST LOCAL_SIDE=OPPONENT SELF=PEER playerTurnEnd=False cardSlot=0
[Info   : KayceePvP] Duel: TRACE_HANDLE_MESSAGE | self=PEER sender=HOST type=duel_state_hash match=-1913211851 battle=3 turn=8 seq=165 currentTurn=8 isPlayerTurn=True netTransitMsApprox=422,9
[Info   : KayceePvP] Duel: RECEIVED PEER HASH | match=-1913211851 sender=HOST forSeq=164 basedOnActionFromHost=True hash=nCLaLhp/auh15izh
[Info   : KayceePvP] Duel: STATE HASH MATCH | match=-1913211851 forSeq=164 basedOnActionFromHost=True hash=nCLaLhp/auh15izh
[Info   : KayceePvP] Duel: SENDING | match=-1913211851 turn=8 seq=164 sender=PEER type=end_turn cardsPlayedThisTurn=0
[Info   : KayceePvP] Duel (combat): COMBAT_PHASE_STARTED | self=PEER generation=9 playerIsAttacker=True
[Info   : KayceePvP] Duel: TRACE_HANDLE_MESSAGE | self=PEER sender=HOST type=duel_state_hash match=-1913211851 battle=3 turn=9 seq=166 currentTurn=8 isPlayerTurn=True netTransitMsApprox=420,2
[Info   : KayceePvP] Duel: RECEIVED PEER HASH | match=-1913211851 sender=HOST forSeq=164 basedOnActionFromHost=False hash=vCOxeE7P06PfYmX5
[Info   : KayceePvP] Duel (combat): COMBAT_PHASE_RESOLVED | self=PEER generation=9 playerIsAttacker=True
[Info   : KayceePvP] Duel (ability-trigger): GlobalTriggerHandler.TriggerCardsOnBoard(Trigger.TurnEnd) DISPATCHED | SELF=PEER playerTurnEndArg=True
[Info   : KayceePvP] Duel: LOCAL STATE HASH | match=-1913211851 forSeq=164 basedOnActionFromHost=False hash=vCOxeE7P06PfYmX5 state=[HOST=[Pronghorn/2/2/[3,24];Alpha/1/2/[34];BrokenEgg/1/1/[];EMPTY] PEER=[EMPTY;EMPTY;EMPTY;EMPTY] BAL=5 TURN=9 BATTLE=3 HW=1 PW=1]
[Info   : KayceePvP] Duel: STATE HASH MATCH | match=-1913211851 forSeq=164 basedOnActionFromHost=False hash=vCOxeE7P06PfYmX5
[Info   : KayceePvP] Duel (ability-trigger): Strafe.RespondsToTurnEnd | ABILITY=Strafe CARD='Pronghorn' CARD_ABSOLUTE_OWNER=HOST LOCAL_SIDE=OPPONENT SELF=PEER playerTurnEnd=True RESULT=False
[Info   : KayceePvP] NetworkOpponent: waiting for the peer's turn (4 opponent slots available). gen=22
[Info   : KayceePvP] Duel: TRACE_HANDLE_MESSAGE | self=PEER sender=HOST type=end_turn match=-1913211851 battle=3 turn=9 seq=167 currentTurn=9 isPlayerTurn=False netTransitMsApprox=418,5
[Info   : KayceePvP] Duel: RECEIVED | match=-1913211851 battle=3 turn=9 seq=167 sender=HOST type=end_turn queueBefore=0 queueAfter=1 currentTurn=9
[Info   : KayceePvP] NetworkOpponent: PROCESSING | gen=22 match=-1913211851 battle=3 turn=9 seq=167 type=end_turn queueBefore=1 queueAfter=0 currentTurn=9 isPlayerTurn=False queueDwellMs=13,4
[Info   : KayceePvP] Duel (combat): COMBAT_PHASE_STARTED | self=PEER generation=10 playerIsAttacker=False
[Info   : KayceePvP] Duel (combat): COMBAT_PHASE_RESOLVED | self=PEER generation=10 playerIsAttacker=False
[Info   : KayceePvP] Duel (ability-trigger): GlobalTriggerHandler.TriggerCardsOnBoard(Trigger.TurnEnd) DISPATCHED | SELF=PEER playerTurnEndArg=False
[Info   : KayceePvP] Duel: LOCAL STATE HASH | match=-1913211851 forSeq=167 basedOnActionFromHost=True hash=qM2HuJUrKlllCC8+ state=[HOST=[Pronghorn/2/2/[3,24];Alpha/1/2/[34];BrokenEgg/1/1/[];EMPTY] PEER=[EMPTY;EMPTY;EMPTY;EMPTY] BAL=5 TURN=10 BATTLE=3 HW=1 PW=1]
[Info   : KayceePvP] Duel (ability-trigger): Strafe.RespondsToTurnEnd | ABILITY=Strafe CARD='Pronghorn' CARD_ABSOLUTE_OWNER=HOST LOCAL_SIDE=OPPONENT SELF=PEER playerTurnEnd=False RESULT=True
[Info   : KayceePvP] Duel (ability-trigger): Strafe.RespondsToTurnEnd | ABILITY=Strafe CARD='Pronghorn' CARD_ABSOLUTE_OWNER=HOST LOCAL_SIDE=OPPONENT SELF=PEER playerTurnEnd=False RESULT=True
[Info   : KayceePvP] Duel (ability-trigger): Strafe.OnTurnEnd STARTED | ABILITY=Strafe CARD='Pronghorn' CARD_ABSOLUTE_OWNER=HOST LOCAL_SIDE=OPPONENT SELF=PEER playerTurnEnd=False cardSlot=0
[Info   : KayceePvP] Duel: TRACE_HANDLE_MESSAGE | self=PEER sender=HOST type=duel_state_hash match=-1913211851 battle=3 turn=10 seq=168 currentTurn=10 isPlayerTurn=True netTransitMsApprox=445,5
[Info   : KayceePvP] Duel: RECEIVED PEER HASH | match=-1913211851 sender=HOST forSeq=167 basedOnActionFromHost=True hash=qM2HuJUrKlllCC8+
[Info   : KayceePvP] Duel: STATE HASH MATCH | match=-1913211851 forSeq=167 basedOnActionFromHost=True hash=qM2HuJUrKlllCC8+
[Info   : KayceePvP] Duel: SENDING | match=-1913211851 turn=10 seq=167 sender=PEER type=card_played card=Rattler slot=1
[Info   : KayceePvP] Duel: LOCAL STATE HASH | match=-1913211851 forSeq=167 basedOnActionFromHost=False hash=jomeYbZwdnX+wlsp state=[HOST=[Pronghorn/2/2/[3,24];Alpha/1/2/[34];BrokenEgg/1/1/[];EMPTY] PEER=[EMPTY;Rattler/3/1/[];EMPTY;EMPTY] BAL=5 TURN=10 BATTLE=3 HW=1 PW=1]
[Info   : KayceePvP] Duel: TRACE_HANDLE_MESSAGE | self=PEER sender=HOST type=duel_state_hash match=-1913211851 battle=3 turn=10 seq=169 currentTurn=10 isPlayerTurn=True netTransitMsApprox=439,1
[Info   : KayceePvP] Duel: RECEIVED PEER HASH | match=-1913211851 sender=HOST forSeq=167 basedOnActionFromHost=False hash=jomeYbZwdnX+wlsp
[Info   : KayceePvP] Duel: STATE HASH MATCH | match=-1913211851 forSeq=167 basedOnActionFromHost=False hash=jomeYbZwdnX+wlsp
[Info   : KayceePvP] Duel: SENDING | match=-1913211851 turn=10 seq=169 sender=PEER type=card_played card=Squirrel slot=3
[Info   : KayceePvP] Duel: LOCAL STATE HASH | match=-1913211851 forSeq=169 basedOnActionFromHost=False hash=IWRqNKhdJMzSGuhY state=[HOST=[Pronghorn/2/2/[3,24];Alpha/1/2/[34];BrokenEgg/1/1/[];EMPTY] PEER=[EMPTY;Rattler/3/1/[];EMPTY;Squirrel/0/1/[]] BAL=5 TURN=10 BATTLE=3 HW=1 PW=1]
[Info   : KayceePvP] Duel: TRACE_HANDLE_MESSAGE | self=PEER sender=HOST type=duel_state_hash match=-1913211851 battle=3 turn=10 seq=170 currentTurn=10 isPlayerTurn=True netTransitMsApprox=416,5
[Info   : KayceePvP] Duel: RECEIVED PEER HASH | match=-1913211851 sender=HOST forSeq=169 basedOnActionFromHost=False hash=IWRqNKhdJMzSGuhY
[Info   : KayceePvP] Duel: STATE HASH MATCH | match=-1913211851 forSeq=169 basedOnActionFromHost=False hash=IWRqNKhdJMzSGuhY
[Info   : KayceePvP] Duel: SENDING | match=-1913211851 turn=10 seq=171 sender=PEER type=end_turn cardsPlayedThisTurn=2
[Info   : KayceePvP] Duel (combat): COMBAT_PHASE_STARTED | self=PEER generation=11 playerIsAttacker=True
[Info   : KayceePvP] Duel (combat): COMBAT_PHASE_RESOLVED | self=PEER generation=11 playerIsAttacker=True
[Info   : KayceePvP] Duel (ability-trigger): GlobalTriggerHandler.TriggerCardsOnBoard(Trigger.TurnEnd) DISPATCHED | SELF=PEER playerTurnEndArg=True
[Info   : KayceePvP] Duel: LOCAL STATE HASH | match=-1913211851 forSeq=171 basedOnActionFromHost=False hash=hHSlDpYw2qYHau+U state=[HOST=[Pronghorn/1/2/[3,24];EMPTY;BrokenEgg/0/1/[];EMPTY] PEER=[EMPTY;Rattler/3/1/[];EMPTY;Squirrel/0/1/[]] BAL=5 TURN=11 BATTLE=3 HW=1 PW=1]
[Info   : KayceePvP] Duel (ability-trigger): Strafe.RespondsToTurnEnd | ABILITY=Strafe CARD='Pronghorn' CARD_ABSOLUTE_OWNER=HOST LOCAL_SIDE=OPPONENT SELF=PEER playerTurnEnd=True RESULT=False
[Info   : KayceePvP] Duel: TRACE_HANDLE_MESSAGE | self=PEER sender=HOST type=duel_state_hash match=-1913211851 battle=3 turn=11 seq=171 currentTurn=11 isPlayerTurn=False netTransitMsApprox=441,2
[Info   : KayceePvP] Duel: RECEIVED PEER HASH | match=-1913211851 sender=HOST forSeq=171 basedOnActionFromHost=False hash=hHSlDpYw2qYHau+U
[Info   : KayceePvP] Duel: STATE HASH MATCH | match=-1913211851 forSeq=171 basedOnActionFromHost=False hash=hHSlDpYw2qYHau+U
[Info   : KayceePvP] NetworkOpponent: waiting for the peer's turn (4 opponent slots available). gen=23
[Info   : KayceePvP] Duel: TRACE_HANDLE_MESSAGE | self=PEER sender=HOST type=end_turn match=-1913211851 battle=3 turn=11 seq=172 currentTurn=11 isPlayerTurn=False netTransitMsApprox=428,8
[Info   : KayceePvP] Duel: RECEIVED | match=-1913211851 battle=3 turn=11 seq=172 sender=HOST type=end_turn queueBefore=0 queueAfter=1 currentTurn=11
[Info   : KayceePvP] NetworkOpponent: PROCESSING | gen=23 match=-1913211851 battle=3 turn=11 seq=172 type=end_turn queueBefore=1 queueAfter=0 currentTurn=11 isPlayerTurn=False queueDwellMs=8,8
[Info   : KayceePvP] Duel (combat): COMBAT_PHASE_STARTED | self=PEER generation=12 playerIsAttacker=False
[Info   : KayceePvP] Duel: TRACE_HANDLE_MESSAGE | self=PEER sender=HOST type=duel_state_hash match=-1913211851 battle=3 turn=12 seq=173 currentTurn=11 isPlayerTurn=False netTransitMsApprox=443,6
[Info   : KayceePvP] Duel: RECEIVED PEER HASH | match=-1913211851 sender=HOST forSeq=172 basedOnActionFromHost=True hash=CY7VNDLQgRrB+PtI
[Info   : KayceePvP] Duel (combat): COMBAT_PHASE_RESOLVED | self=PEER generation=12 playerIsAttacker=False
[Info   : KayceePvP] Duel (ability-trigger): GlobalTriggerHandler.TriggerCardsOnBoard(Trigger.TurnEnd) DISPATCHED | SELF=PEER playerTurnEndArg=False
[Info   : KayceePvP] Duel: LOCAL STATE HASH | match=-1913211851 forSeq=172 basedOnActionFromHost=True hash=CY7VNDLQgRrB+PtI state=[HOST=[Pronghorn/1/2/[3,24];EMPTY;BrokenEgg/0/1/[];EMPTY] PEER=[EMPTY;EMPTY;EMPTY;Squirrel/0/1/[]] BAL=5 TURN=12 BATTLE=3 HW=1 PW=1]
[Info   : KayceePvP] Duel: STATE HASH MATCH | match=-1913211851 forSeq=172 basedOnActionFromHost=True hash=CY7VNDLQgRrB+PtI
[Info   : KayceePvP] Duel (ability-trigger): Strafe.RespondsToTurnEnd | ABILITY=Strafe CARD='Pronghorn' CARD_ABSOLUTE_OWNER=HOST LOCAL_SIDE=OPPONENT SELF=PEER playerTurnEnd=False RESULT=True
[Info   : KayceePvP] Duel (ability-trigger): Strafe.RespondsToTurnEnd | ABILITY=Strafe CARD='Pronghorn' CARD_ABSOLUTE_OWNER=HOST LOCAL_SIDE=OPPONENT SELF=PEER playerTurnEnd=False RESULT=True
[Info   : KayceePvP] Duel (ability-trigger): Strafe.OnTurnEnd STARTED | ABILITY=Strafe CARD='Pronghorn' CARD_ABSOLUTE_OWNER=HOST LOCAL_SIDE=OPPONENT SELF=PEER playerTurnEnd=False cardSlot=0
[Info   : KayceePvP] Duel: SENDING | match=-1913211851 turn=12 seq=174 sender=PEER type=card_played card=Tadpole slot=2
[Info   : KayceePvP] Duel: LOCAL STATE HASH | match=-1913211851 forSeq=174 basedOnActionFromHost=False hash=u14XZmEUCm2WYCfm state=[HOST=[EMPTY;Pronghorn/1/2/[3,24];BrokenEgg/0/1/[];EMPTY] PEER=[EMPTY;EMPTY;Tadpole/0/1/[5,13];Squirrel/0/1/[]] BAL=5 TURN=12 BATTLE=3 HW=1 PW=1]
[Info   : KayceePvP] Duel: TRACE_HANDLE_MESSAGE | self=PEER sender=HOST type=duel_state_hash match=-1913211851 battle=3 turn=12 seq=174 currentTurn=12 isPlayerTurn=True netTransitMsApprox=409,3
[Info   : KayceePvP] Duel: RECEIVED PEER HASH | match=-1913211851 sender=HOST forSeq=174 basedOnActionFromHost=False hash=u14XZmEUCm2WYCfm
[Info   : KayceePvP] Duel: STATE HASH MATCH | match=-1913211851 forSeq=174 basedOnActionFromHost=False hash=u14XZmEUCm2WYCfm
[Info   : KayceePvP] Duel: captured sacrifice of 'Tadpole' at slot 2 - will attach to the next card_played broadcast.
[Info   : KayceePvP] Duel: captured sacrifice of 'Squirrel' at slot 3 - will attach to the next card_played broadcast.
[Info   : KayceePvP] Duel: SENDING | match=-1913211851 turn=12 seq=176 sender=PEER type=card_played card=Pronghorn slot=2 sacrificedSlots=[2,3]
[Info   : KayceePvP] Duel: LOCAL STATE HASH | match=-1913211851 forSeq=176 basedOnActionFromHost=False hash=YrQ5U0PH7KZkscMO state=[HOST=[EMPTY;Pronghorn/1/2/[3,24];BrokenEgg/0/1/[];EMPTY] PEER=[EMPTY;EMPTY;Pronghorn/1/3/[3,24];EMPTY] BAL=5 TURN=12 BATTLE=3 HW=1 PW=1]
[Info   : KayceePvP] Duel: TRACE_HANDLE_MESSAGE | self=PEER sender=HOST type=duel_state_hash match=-1913211851 battle=3 turn=12 seq=175 currentTurn=12 isPlayerTurn=True netTransitMsApprox=418,2
[Info   : KayceePvP] Duel: RECEIVED PEER HASH | match=-1913211851 sender=HOST forSeq=176 basedOnActionFromHost=False hash=YrQ5U0PH7KZkscMO
[Info   : KayceePvP] Duel: STATE HASH MATCH | match=-1913211851 forSeq=176 basedOnActionFromHost=False hash=YrQ5U0PH7KZkscMO
[Info   : KayceePvP] Duel: SENDING | match=-1913211851 turn=12 seq=178 sender=PEER type=end_turn cardsPlayedThisTurn=2
[Info   : KayceePvP] Duel (combat): COMBAT_PHASE_STARTED | self=PEER generation=13 playerIsAttacker=True
[Info   : KayceePvP] Duel (combat): COMBAT_PHASE_RESOLVED | self=PEER generation=13 playerIsAttacker=True
[Info   : KayceePvP] Duel (ability-trigger): GlobalTriggerHandler.TriggerCardsOnBoard(Trigger.TurnEnd) DISPATCHED | SELF=PEER playerTurnEndArg=True
[Info   : KayceePvP] Duel: LOCAL STATE HASH | match=-1913211851 forSeq=178 basedOnActionFromHost=False hash=n16jxdFK7lqAHh6i state=[HOST=[EMPTY;Pronghorn/1/1/[3,24];BrokenEgg/0/1/[];EMPTY] PEER=[EMPTY;EMPTY;Pronghorn/1/3/[3,24];EMPTY] BAL=5 TURN=13 BATTLE=3 HW=1 PW=1]
[Info   : KayceePvP] Duel (ability-trigger): Strafe.RespondsToTurnEnd | ABILITY=Strafe CARD='Pronghorn' CARD_ABSOLUTE_OWNER=PEER LOCAL_SIDE=PLAYER SELF=PEER playerTurnEnd=True RESULT=True
[Info   : KayceePvP] Duel (ability-trigger): Strafe.RespondsToTurnEnd | ABILITY=Strafe CARD='Pronghorn' CARD_ABSOLUTE_OWNER=PEER LOCAL_SIDE=PLAYER SELF=PEER playerTurnEnd=True RESULT=True
[Info   : KayceePvP] Duel (ability-trigger): Strafe.OnTurnEnd STARTED | ABILITY=Strafe CARD='Pronghorn' CARD_ABSOLUTE_OWNER=PEER LOCAL_SIDE=PLAYER SELF=PEER playerTurnEnd=True cardSlot=2
[Info   : KayceePvP] Duel: TRACE_HANDLE_MESSAGE | self=PEER sender=HOST type=duel_state_hash match=-1913211851 battle=3 turn=13 seq=176 currentTurn=13 isPlayerTurn=True netTransitMsApprox=430,7
[Info   : KayceePvP] Duel: RECEIVED PEER HASH | match=-1913211851 sender=HOST forSeq=178 basedOnActionFromHost=False hash=uAojrbU2vxk1/ob5
[Error  : KayceePvP] Duel: STATE HASH MISMATCH | match=-1913211851 forSeq=178 basedOnActionFromHost=False localHash=n16jxdFK7lqAHh6i peerHash=uAojrbU2vxk1/ob5
[Error  : KayceePvP] Duel: local state dump (forSeq=178) | HOST=[EMPTY;Pronghorn/1/1/[3,24];BrokenEgg/0/1/[];EMPTY] PEER=[EMPTY;EMPTY;Pronghorn/1/3/[3,24];EMPTY] BAL=5 TURN=13 BATTLE=3 HW=1 PW=1
[Info   : KayceePvP] Duel (ability-trigger): Strafe.RespondsToTurnEnd | ABILITY=Strafe CARD='Pronghorn' CARD_ABSOLUTE_OWNER=HOST LOCAL_SIDE=OPPONENT SELF=PEER playerTurnEnd=True RESULT=False
[Info   : KayceePvP] NetworkOpponent: waiting for the peer's turn (4 opponent slots available). gen=24
[Info   : KayceePvP] Duel: TRACE_HANDLE_MESSAGE | self=PEER sender=HOST type=end_turn match=-1913211851 battle=3 turn=13 seq=177 currentTurn=13 isPlayerTurn=False netTransitMsApprox=439,0
[Info   : KayceePvP] Duel: RECEIVED | match=-1913211851 battle=3 turn=13 seq=177 sender=HOST type=end_turn queueBefore=0 queueAfter=1 currentTurn=13
[Info   : KayceePvP] NetworkOpponent: PROCESSING | gen=24 match=-1913211851 battle=3 turn=13 seq=177 type=end_turn queueBefore=1 queueAfter=0 currentTurn=13 isPlayerTurn=False queueDwellMs=9,6
[Info   : KayceePvP] Duel (combat): COMBAT_PHASE_STARTED | self=PEER generation=14 playerIsAttacker=False
[Info   : KayceePvP] Duel (combat): COMBAT_PHASE_RESOLVED | self=PEER generation=14 playerIsAttacker=False
[Info   : KayceePvP] Duel: OUTCOME_OBSERVED_LOCAL | self=PEER match=-1913211851 battle=3 loserAbsoluteSide=PEER localBalance=-15 hostRelativeBalance=15 reason=balance
[Info   : KayceePvP] Duel: OUTCOME_REQUEST_SENT | self=PEER match=-1913211851 battle=3 loserAbsoluteSide=PEER hostRelativeBalance=15
[Info   : KayceePvP] Duel: LOCAL STATE HASH | match=-1913211851 forSeq=177 basedOnActionFromHost=True hash=6K+6J4peoInPypQj state=[HOST=[EMPTY;Pronghorn/1/1/[3,24];BrokenEgg/0/1/[];EMPTY] PEER=[EMPTY;EMPTY;EMPTY;Pronghorn/1/3/[3,24]] BAL=5 TURN=14 BATTLE=3 HW=1 PW=1]
[Info   : KayceePvP] Duel: TRACE_HANDLE_MESSAGE | self=PEER sender=HOST type=battle_result match=-1913211851 battle=3 turn=13 seq=178 currentTurn=14 isPlayerTurn=False netTransitMsApprox=414,3
[Info   : KayceePvP] Duel: RECEIVED battle_result | self=PEER match=-1913211851 battle=3 loser=PEER hostWins=2 peerWins=1 balance=15 reason=balance isMatchFinal=True
[Info   : KayceePvP] Duel: BATTLE_RESULT_CONFIRMED | self=PEER match=-1913211851 battle=3 loser=PEER hostWins=2 peerWins=1 isMatchFinal=True
[Info   : KayceePvP] Duel: ROUND_CONCLUSION_REQUESTED | self=PEER match=-1913211851 battle=3 winnerIsHost=True localPlayerWon=False isMatchFinal=True balance=-15 incomingCount=0 playerSurrendered=False->True opponentSurrendered=False->False numLives=1
[Info   : KayceePvP] Duel (interbattle): LEAVING_BATTLE | self=PEER match=-1913211851 concludedBattle=3 isMatchFinal=True
[Info   : KayceePvP] Duel (totem): SNAPSHOT at battle end (final battle 3, match concluded) | matchId=-1913211851 battleNumber=3 SELF=PEER ownTotems=[none]
[Info   : KayceePvP] Duel (lobby-match): INTERBATTLE_RELOAD_LATCH_ON | match=-1913211851 battle=3
[Info   : KayceePvP] Duel: TRACE_HANDLE_MESSAGE | self=PEER sender=HOST type=battle_return_ready match=-1913211851 battle=3 turn=13 seq=179 currentTurn=14 isPlayerTurn=False netTransitMsApprox=417,0
[Info   : KayceePvP] Duel: RECEIVED battle_return_ready | match=-1913211851 battle=3 (peerReadyBattle now 3)
[Info   : KayceePvP] Duel: TRACE_HANDLE_MESSAGE | self=PEER sender=HOST type=battle_begin match=-1913211851 battle=3 turn=13 seq=180 currentTurn=14 isPlayerTurn=False netTransitMsApprox=430,6
[Info   : KayceePvP] Duel: RECEIVED battle_begin | match=-1913211851 battle=3
[Info   : KayceePvP] Duel (interbattle): FINAL_BATTLE_ACK | self=PEER match=-1913211851 battle=3 hostWins=2 peerWins=1
[Info   : KayceePvP] Duel (interbattle): FINAL_SCENE_EXIT_BEGIN | self=PEER match=-1913211851 battle=3
[Info   : KayceePvP] DIAG PlayerIsWinner | role=PEER result=False opponent.NumLives=1 opponent.Surrendered=False
[Info   : KayceePvP] DIAG GameIsOver | role=PEER result=True balance=-15 opponent.NumLives=1 opponent.Surrendered=False PlayerSurrendered=True MatchEnded=True
[Info   : KayceePvP] DIAG PlayerIsWinner | role=PEER result=False opponent.NumLives=1 opponent.Surrendered=False
[Info   : KayceePvP] Duel (interbattle-reload): INTERBATTLE_AWAKE_SUPPRESSED | self=PEER match=-1913211851 battle=3
[Debug  :InscryptionCommunityPatch] Card pool has Energy cards? False. Card pool has Gem cards? False.
[Info   : KayceePvP] Duel (interbattle-reload): INTERBATTLE_INITIAL_MAP_TRANSITION_SUPPRESSED | self=PEER match=-1913211851 battle=3
[Info   : KayceePvP] Duel: ARMED_TURN_OWNERSHIP | self=PEER match=-1913211851 battle=3 hostGoesFirstThisBattle=False soloDebugMode=False localFirstTurn=0 expectedOutgoing=0 expectedIncoming=1
[Info   : KayceePvP] Duel (combat): CombatResolutionSignalPatch.ResetForMatch - reason='ResetForNewBattle', generation 14 -> 0.
[Info   : KayceePvP] Duel (interbattle): FINAL_SCENE_EXIT_DONE | self=PEER match=-1913211851 battle=3 IsDuelActive=False
[Info   : KayceePvP] Duel (interbattle): MATCH_RESULT_PRESENTED | self=PEER match=-1913211851 battle=3 winner=HOST hostWins=2 peerWins=1
[Info   : KayceePvP] Duel (match-result): FINAL_SCREEN_SHOWN | winner=HOST hostWins=2 peerWins=1
[Info   : KayceePvP] Duel (lobby-match): INTERBATTLE_RELOAD_LATCH_OFF | match=-1913211851 battle=3
[Info   : KayceePvP] Duel (lobby-match): EndMatch | match=-1913211851 finalHostWins=2 finalPeerWins=1
[Info   : KayceePvP] Duel (lobby-match): INTERBATTLE_RELOAD_LATCH_OFF | match=-1913211851 battle=3
[Info   : KayceePvP] Duel (interbattle): ResetBattleFlowForMatch - reason='match concluded (final battle)', matchId -1913211851 -> -1913211851, _handledBattle 3 -> 0.
[Info   : KayceePvP] Duel (interbattle): FINALIZE_MATCH_DONE | self=PEER match=-1913211851
[Info   : KayceePvP] Duel (rematch): local player requested a rematch | match=-1913211851
[Info   : KayceePvP] Duel (rematch): peer requested a rematch | localRequested=True peerRequested=True
[Info   : KayceePvP] Duel (rematch): BEGIN | previousMatch=-1913211851 newMatch=-781580248
[Info   : KayceePvP] Duel (combat): CombatResolutionSignalPatch.ResetForMatch - reason='PrepareForMatch(-781580248)', generation 0 -> 0.
[Info   : KayceePvP] Duel: prepared for match -781580248 - sequence/turn counters reset.
[Info   : KayceePvP] Duel (lobby-match): INTERBATTLE_RELOAD_LATCH_OFF | match=-1913211851 battle=3
[Info   : KayceePvP] Duel (interbattle): ResetBattleFlowForMatch - reason='PvpCardCreationFlow.ShowReadyScreenAndCountdown (real ready phase)', matchId -1913211851 -> -781580248, _handledBattle 0 -> 0.
[Info   : KayceePvP] PvP: duel_begin confirmed by host protocol - starting the duel now.
[Info   : KayceePvP] PvP items: replaced preparation inventory with exactly one SquirrelBottle for series -781580248.
[Info   : KayceePvP] Duel (lobby-match): BeginMatch | match=-781580248 frozenLocalDeckCount=14
[Info   : KayceePvP] Duel: ARMED_TURN_OWNERSHIP | self=PEER match=-781580248 battle=1 hostGoesFirstThisBattle=True soloDebugMode=False localFirstTurn=1 expectedOutgoing=1 expectedIncoming=0
[Info   : KayceePvP] Duel: starting with 14 cards.
[Info   : KayceePvP] Duel (totem): SNAPSHOT at battle begin (battle 1) | matchId=-781580248 battleNumber=1 SELF=PEER ownTotems=[none]
[Warning: Singleton] Got null in Singleton<DiskCardGame.ConduitCircuitManager>.FindInstance
[Info   : KayceePvP] Duel (deck-shuffle): role=PEER matchId=-781580248 battleNumber=1 seed=103697500 firstPicks=[Squirrel,Squirrel,Squirrel]
[Info   : KayceePvP] Duel (deck-shuffle): role=PEER matchId=-781580248 battleNumber=1 seed=103697500 firstPicks=[Tadpole,DireWolfCub,Bloodhound]
[Info   : KayceePvP] NetworkOpponent: waiting for the peer's turn (4 opponent slots available). gen=25
[Info   : KayceePvP] Duel: TRACE_HANDLE_MESSAGE | self=PEER sender=HOST type=card_played match=-781580248 battle=1 turn=0 seq=0 currentTurn=0 isPlayerTurn=False netTransitMsApprox=462,3
[Info   : KayceePvP] Duel: RECEIVED | match=-781580248 battle=1 turn=0 seq=0 sender=HOST type=card_played card=Squirrel slot=1 queueBefore=0 queueAfter=1 currentTurn=0
[Info   : KayceePvP] NetworkOpponent: PROCESSING | gen=25 match=-781580248 battle=1 turn=0 seq=0 type=card_played queueBefore=1 queueAfter=0 currentTurn=0 isPlayerTurn=False queueDwellMs=8,0
[Info   : KayceePvP] Duel: TRACE_HANDLE_MESSAGE | self=PEER sender=HOST type=duel_state_hash match=-781580248 battle=1 turn=0 seq=1 currentTurn=0 isPlayerTurn=False netTransitMsApprox=425,3
[Info   : KayceePvP] Duel: RECEIVED PEER HASH | match=-781580248 sender=HOST forSeq=0 basedOnActionFromHost=True hash=gTdTz5wshTHQWsmd
[Info   : KayceePvP] NetworkOpponent: queueing 'Squirrel' onto opponent slot 1.
[Info   : KayceePvP] Duel: LOCAL STATE HASH | match=-781580248 forSeq=0 basedOnActionFromHost=True hash=gTdTz5wshTHQWsmd state=[HOST=[EMPTY;Squirrel/0/1/[];EMPTY;EMPTY] PEER=[EMPTY;EMPTY;EMPTY;EMPTY] BAL=0 TURN=0 BATTLE=1 HW=0 PW=0]
[Info   : KayceePvP] Duel: STATE HASH MATCH | match=-781580248 forSeq=0 basedOnActionFromHost=True hash=gTdTz5wshTHQWsmd
[Info   : KayceePvP] Duel: TRACE_HANDLE_MESSAGE | self=PEER sender=HOST type=card_played match=-781580248 battle=1 turn=0 seq=2 currentTurn=0 isPlayerTurn=False netTransitMsApprox=420,2
[Info   : KayceePvP] Duel: RECEIVED | match=-781580248 battle=1 turn=0 seq=2 sender=HOST type=card_played card=Cuckoo slot=1 queueBefore=0 queueAfter=1 currentTurn=0
[Info   : KayceePvP] NetworkOpponent: PROCESSING | gen=25 match=-781580248 battle=1 turn=0 seq=2 type=card_played queueBefore=1 queueAfter=0 currentTurn=0 isPlayerTurn=False queueDwellMs=5,5
[Info   : KayceePvP] NetworkOpponent: applying remote sacrifice at slot 1 ('Squirrel').
[Info   : KayceePvP] Duel: TRACE_HANDLE_MESSAGE | self=PEER sender=HOST type=duel_state_hash match=-781580248 battle=1 turn=0 seq=3 currentTurn=0 isPlayerTurn=False netTransitMsApprox=445,6
[Info   : KayceePvP] Duel: RECEIVED PEER HASH | match=-781580248 sender=HOST forSeq=2 basedOnActionFromHost=True hash=b1y4HTx1C+yOhgFY
[Info   : KayceePvP] Duel (card-sync): RECV card='Cuckoo' | SELF=PEER RECONSTRUCTED_BASE=[19+99] WIRE=[19+99+24] TO_ADD=[24] TO_NEGATE=[] FINAL_EFFECTIVE=[19+99+24]
[Info   : KayceePvP] NetworkOpponent: queueing 'Cuckoo' onto opponent slot 1.
[Info   : KayceePvP] Duel: LOCAL STATE HASH | match=-781580248 forSeq=2 basedOnActionFromHost=True hash=tTL85wgR3tAVlvHr state=[HOST=[EMPTY;Cuckoo/1/1/[19,24,99];EMPTY;EMPTY] PEER=[EMPTY;BrokenEgg/0/1/[];EMPTY;EMPTY] BAL=0 TURN=0 BATTLE=1 HW=0 PW=0]
[Error  : KayceePvP] Duel: STATE HASH MISMATCH | match=-781580248 forSeq=2 basedOnActionFromHost=True localHash=tTL85wgR3tAVlvHr peerHash=b1y4HTx1C+yOhgFY
[Error  : KayceePvP] Duel: local state dump (forSeq=2) | HOST=[EMPTY;Cuckoo/1/1/[19,24,99];EMPTY;EMPTY] PEER=[EMPTY;BrokenEgg/0/1/[];EMPTY;EMPTY] BAL=0 TURN=0 BATTLE=1 HW=0 PW=0
[Info   : KayceePvP] Duel: TRACE_HANDLE_MESSAGE | self=PEER sender=HOST type=end_turn match=-781580248 battle=1 turn=0 seq=4 currentTurn=0 isPlayerTurn=False netTransitMsApprox=434,8
[Info   : KayceePvP] Duel: RECEIVED | match=-781580248 battle=1 turn=0 seq=4 sender=HOST type=end_turn queueBefore=0 queueAfter=1 currentTurn=0
[Info   : KayceePvP] NetworkOpponent: PROCESSING | gen=25 match=-781580248 battle=1 turn=0 seq=4 type=end_turn queueBefore=1 queueAfter=0 currentTurn=0 isPlayerTurn=False queueDwellMs=8,1
[Info   : KayceePvP] NetworkOpponent: end_turn (seq=4) arrived during SetupPhase's QueueFirstCardBeforePlayer mirror - vanilla never calls DoCombatPhase for this turn on its own, running it here before releasing this side's own first turn. gen=25 generationBefore=0
[Info   : KayceePvP] Duel (combat): COMBAT_PHASE_STARTED | self=PEER generation=1 playerIsAttacker=False
[Info   : KayceePvP] Duel: TRACE_HANDLE_MESSAGE | self=PEER sender=HOST type=duel_state_hash match=-781580248 battle=1 turn=1 seq=5 currentTurn=0 isPlayerTurn=False netTransitMsApprox=435,4
[Info   : KayceePvP] Duel: RECEIVED PEER HASH | match=-781580248 sender=HOST forSeq=4 basedOnActionFromHost=True hash=+AtEXR5y3+pO63yO
[Info   : KayceePvP] Duel (combat): COMBAT_PHASE_RESOLVED | self=PEER generation=1 playerIsAttacker=False
[Info   : KayceePvP] NetworkOpponent: SetupPhase-mirrored combat for end_turn seq=4 resolved - dispatching the TurnEnd trigger OpponentTurn() would have fired here, so mirrored TurnEnd abilities (e.g. Strafe) move on this side too. gen=25
[Info   : KayceePvP] Duel (ability-trigger): GlobalTriggerHandler.TriggerCardsOnBoard(Trigger.TurnEnd) DISPATCHED | SELF=PEER playerTurnEndArg=False
[Info   : KayceePvP] Duel: LOCAL STATE HASH | match=-781580248 forSeq=4 basedOnActionFromHost=True hash=+AtEXR5y3+pO63yO state=[HOST=[EMPTY;Cuckoo/1/1/[19,24,99];EMPTY;EMPTY] PEER=[EMPTY;BrokenEgg/0/1/[];EMPTY;EMPTY] BAL=2 TURN=1 BATTLE=1 HW=0 PW=0]
[Info   : KayceePvP] Duel: STATE HASH MATCH | match=-781580248 forSeq=4 basedOnActionFromHost=True hash=+AtEXR5y3+pO63yO
[Info   : KayceePvP] DIAG PlayerIsWinner | role=PEER result=False opponent.NumLives=1 opponent.Surrendered=False
[Info   : KayceePvP] DIAG GameIsOver | role=PEER result=False balance=-2 opponent.NumLives=1 opponent.Surrendered=False PlayerSurrendered=False MatchEnded=False
[Info   : KayceePvP] Duel (card-sync): SEND card='Tadpole' | SELF=PEER BASE=[Submerge+Evolve] PERMANENT_MOD_ABILITIES=[DrawCopy] PERMANENT_MOD_NEGATIONS=[] TEMPORARY_MOD_ABILITIES=[] EFFECTIVE=[13+5+9] WIRE=[13+5+9] hasTotemAbility=False
[Info   : KayceePvP] Duel: SENDING | match=-781580248 turn=1 seq=3 sender=PEER type=card_played card=Tadpole slot=2
[Info   : KayceePvP] Duel: LOCAL STATE HASH | match=-781580248 forSeq=3 basedOnActionFromHost=False hash=sYcfMHtqXEvjBIHi state=[HOST=[EMPTY;Cuckoo/1/1/[19,24,99];EMPTY;EMPTY] PEER=[EMPTY;BrokenEgg/0/1/[];Tadpole/0/1/[5,9,13];EMPTY] BAL=2 TURN=1 BATTLE=1 HW=0 PW=0]
[Info   : KayceePvP] Duel (ownership): DrawCreatedCard fired | ABSOLUTE_OWNER=PEER LOCAL_SIDE=PLAYER SELF=PEER ABILITY=DrawCreatedCard card='Tadpole' -> proceeding (local card).
[Warning:InscryptionAPI] More than 1 card are using the same CardInfo. This can cause unexpected problems with dynamic costs! Tadpole
[Info   : KayceePvP] Duel: TRACE_HANDLE_MESSAGE | self=PEER sender=HOST type=duel_state_hash match=-781580248 battle=1 turn=1 seq=6 currentTurn=1 isPlayerTurn=True netTransitMsApprox=421,7
[Info   : KayceePvP] Duel: RECEIVED PEER HASH | match=-781580248 sender=HOST forSeq=3 basedOnActionFromHost=False hash=sYcfMHtqXEvjBIHi
[Info   : KayceePvP] Duel: STATE HASH MATCH | match=-781580248 forSeq=3 basedOnActionFromHost=False hash=sYcfMHtqXEvjBIHi
[Info   : KayceePvP] Duel (card-sync): SEND card='Tadpole' | SELF=PEER BASE=[Submerge+Evolve] PERMANENT_MOD_ABILITIES=[DrawCopy] PERMANENT_MOD_NEGATIONS=[] TEMPORARY_MOD_ABILITIES=[] EFFECTIVE=[13+5+9] WIRE=[13+5] hasTotemAbility=False
[Info   : KayceePvP] Duel: SENDING | match=-781580248 turn=1 seq=5 sender=PEER type=card_played card=Tadpole slot=3
[Info   : KayceePvP] Duel: LOCAL STATE HASH | match=-781580248 forSeq=5 basedOnActionFromHost=False hash=x2Gf3+n35bvDIGCe state=[HOST=[EMPTY;Cuckoo/1/1/[19,24,99];EMPTY;EMPTY] PEER=[EMPTY;BrokenEgg/0/1/[];Tadpole/0/1/[5,9,13];Tadpole/0/1/[5,9,13]] BAL=2 TURN=1 BATTLE=1 HW=0 PW=0]
[Info   : KayceePvP] Duel: TRACE_HANDLE_MESSAGE | self=PEER sender=HOST type=duel_state_hash match=-781580248 battle=1 turn=1 seq=7 currentTurn=1 isPlayerTurn=True netTransitMsApprox=418,8
[Info   : KayceePvP] Duel: RECEIVED PEER HASH | match=-781580248 sender=HOST forSeq=5 basedOnActionFromHost=False hash=lzS5KQKzdSNikHAf
[Error  : KayceePvP] Duel: STATE HASH MISMATCH | match=-781580248 forSeq=5 basedOnActionFromHost=False localHash=x2Gf3+n35bvDIGCe peerHash=lzS5KQKzdSNikHAf
[Error  : KayceePvP] Duel: local state dump (forSeq=5) | HOST=[EMPTY;Cuckoo/1/1/[19,24,99];EMPTY;EMPTY] PEER=[EMPTY;BrokenEgg/0/1/[];Tadpole/0/1/[5,9,13];Tadpole/0/1/[5,9,13]] BAL=2 TURN=1 BATTLE=1 HW=0 PW=0
[Info   : KayceePvP] Duel: captured sacrifice of 'Tadpole' at slot 2 - will attach to the next card_played broadcast.
[Info   : KayceePvP] Duel: captured sacrifice of 'Tadpole' at slot 3 - will attach to the next card_played broadcast.
[Info   : KayceePvP] Duel: SENDING | match=-781580248 turn=1 seq=7 sender=PEER type=card_played card=DireWolfCub slot=2 sacrificedSlots=[2,3]
[Info   : KayceePvP] Duel: LOCAL STATE HASH | match=-781580248 forSeq=7 basedOnActionFromHost=False hash=c+TDHFExHiRklPv3 state=[HOST=[EMPTY;Cuckoo/1/1/[19,24,99];EMPTY;EMPTY] PEER=[EMPTY;BrokenEgg/0/1/[];DireWolfCub/1/1/[5,28];EMPTY] BAL=2 TURN=1 BATTLE=1 HW=0 PW=0]
[Info   : KayceePvP] Duel: TRACE_HANDLE_MESSAGE | self=PEER sender=HOST type=duel_state_hash match=-781580248 battle=1 turn=1 seq=8 currentTurn=1 isPlayerTurn=True netTransitMsApprox=420,6
[Info   : KayceePvP] Duel: RECEIVED PEER HASH | match=-781580248 sender=HOST forSeq=7 basedOnActionFromHost=False hash=c+TDHFExHiRklPv3
[Info   : KayceePvP] Duel: STATE HASH MATCH | match=-781580248 forSeq=7 basedOnActionFromHost=False hash=c+TDHFExHiRklPv3
[Info   : KayceePvP] Duel: SENDING | match=-781580248 turn=1 seq=9 sender=PEER type=end_turn cardsPlayedThisTurn=3
[Info   : KayceePvP] Duel (combat): COMBAT_PHASE_STARTED | self=PEER generation=2 playerIsAttacker=True
[Info   : KayceePvP] Duel (combat): COMBAT_PHASE_RESOLVED | self=PEER generation=2 playerIsAttacker=True
[Info   : KayceePvP] Duel (ability-trigger): GlobalTriggerHandler.TriggerCardsOnBoard(Trigger.TurnEnd) DISPATCHED | SELF=PEER playerTurnEndArg=True
[Info   : KayceePvP] Duel: TRACE_HANDLE_MESSAGE | self=PEER sender=HOST type=duel_state_hash match=-781580248 battle=1 turn=2 seq=9 currentTurn=1 isPlayerTurn=True netTransitMsApprox=427,3
[Info   : KayceePvP] Duel: RECEIVED PEER HASH | match=-781580248 sender=HOST forSeq=9 basedOnActionFromHost=False hash=bf21n1XbI6hlg4GK
[Info   : KayceePvP] Duel: LOCAL STATE HASH | match=-781580248 forSeq=9 basedOnActionFromHost=False hash=bf21n1XbI6hlg4GK state=[HOST=[EMPTY;Cuckoo/1/1/[19,24,99];EMPTY;EMPTY] PEER=[EMPTY;BrokenEgg/0/1/[];DireWolfCub/1/1/[5,28];EMPTY] BAL=1 TURN=2 BATTLE=1 HW=0 PW=0]
[Info   : KayceePvP] Duel: STATE HASH MATCH | match=-781580248 forSeq=9 basedOnActionFromHost=False hash=bf21n1XbI6hlg4GK
[Info   : KayceePvP] NetworkOpponent: waiting for the peer's turn (4 opponent slots available). gen=26
[Info   : KayceePvP] Duel: TRACE_HANDLE_MESSAGE | self=PEER sender=HOST type=card_played match=-781580248 battle=1 turn=2 seq=10 currentTurn=2 isPlayerTurn=False netTransitMsApprox=433,9
[Info   : KayceePvP] Duel: RECEIVED | match=-781580248 battle=1 turn=2 seq=10 sender=HOST type=card_played card=Squirrel slot=2 queueBefore=0 queueAfter=1 currentTurn=2
[Info   : KayceePvP] NetworkOpponent: PROCESSING | gen=26 match=-781580248 battle=1 turn=2 seq=10 type=card_played queueBefore=1 queueAfter=0 currentTurn=2 isPlayerTurn=False queueDwellMs=7,1
[Info   : KayceePvP] Duel: TRACE_HANDLE_MESSAGE | self=PEER sender=HOST type=duel_state_hash match=-781580248 battle=1 turn=2 seq=11 currentTurn=2 isPlayerTurn=False netTransitMsApprox=416,9
[Info   : KayceePvP] Duel: RECEIVED PEER HASH | match=-781580248 sender=HOST forSeq=10 basedOnActionFromHost=True hash=48s/YYshMxY9Ml90
[Info   : KayceePvP] NetworkOpponent: queueing 'Squirrel' onto opponent slot 2.
[Info   : KayceePvP] Duel: LOCAL STATE HASH | match=-781580248 forSeq=10 basedOnActionFromHost=True hash=48s/YYshMxY9Ml90 state=[HOST=[EMPTY;Cuckoo/1/1/[19,24,99];Squirrel/0/1/[];EMPTY] PEER=[EMPTY;BrokenEgg/0/1/[];DireWolfCub/1/1/[5,28];EMPTY] BAL=1 TURN=2 BATTLE=1 HW=0 PW=0]
[Info   : KayceePvP] Duel: STATE HASH MATCH | match=-781580248 forSeq=10 basedOnActionFromHost=True hash=48s/YYshMxY9Ml90
[Info   : KayceePvP] Duel: TRACE_HANDLE_MESSAGE | self=PEER sender=HOST type=card_played match=-781580248 battle=1 turn=2 seq=12 currentTurn=2 isPlayerTurn=False netTransitMsApprox=426,4
[Info   : KayceePvP] Duel: RECEIVED | match=-781580248 battle=1 turn=2 seq=12 sender=HOST type=card_played card=WolfCub slot=2 queueBefore=0 queueAfter=1 currentTurn=2
[Info   : KayceePvP] NetworkOpponent: PROCESSING | gen=26 match=-781580248 battle=1 turn=2 seq=12 type=card_played queueBefore=1 queueAfter=0 currentTurn=2 isPlayerTurn=False queueDwellMs=10,2
[Info   : KayceePvP] NetworkOpponent: applying remote sacrifice at slot 2 ('Squirrel').
[Info   : KayceePvP] Duel: TRACE_HANDLE_MESSAGE | self=PEER sender=HOST type=duel_state_hash match=-781580248 battle=1 turn=2 seq=13 currentTurn=2 isPlayerTurn=False netTransitMsApprox=434,9
[Info   : KayceePvP] Duel: RECEIVED PEER HASH | match=-781580248 sender=HOST forSeq=12 basedOnActionFromHost=True hash=I+i2YeFbL/Vxr7PO
[Info   : KayceePvP] Duel (card-sync): RECV card='WolfCub' | SELF=PEER RECONSTRUCTED_BASE=[5] WIRE=[5] TO_ADD=[] TO_NEGATE=[] FINAL_EFFECTIVE=[5]
[Info   : KayceePvP] NetworkOpponent: queueing 'WolfCub' onto opponent slot 2.
[Info   : KayceePvP] Duel: LOCAL STATE HASH | match=-781580248 forSeq=12 basedOnActionFromHost=True hash=I+i2YeFbL/Vxr7PO state=[HOST=[EMPTY;Cuckoo/1/1/[19,24,99];WolfCub/1/1/[5];EMPTY] PEER=[EMPTY;BrokenEgg/0/1/[];DireWolfCub/1/1/[5,28];EMPTY] BAL=1 TURN=2 BATTLE=1 HW=0 PW=0]
[Info   : KayceePvP] Duel: STATE HASH MATCH | match=-781580248 forSeq=12 basedOnActionFromHost=True hash=I+i2YeFbL/Vxr7PO
[Info   : KayceePvP] Duel: TRACE_HANDLE_MESSAGE | self=PEER sender=HOST type=end_turn match=-781580248 battle=1 turn=2 seq=14 currentTurn=2 isPlayerTurn=False netTransitMsApprox=427,3
[Info   : KayceePvP] Duel: RECEIVED | match=-781580248 battle=1 turn=2 seq=14 sender=HOST type=end_turn queueBefore=0 queueAfter=1 currentTurn=2
[Info   : KayceePvP] NetworkOpponent: PROCESSING | gen=26 match=-781580248 battle=1 turn=2 seq=14 type=end_turn queueBefore=1 queueAfter=0 currentTurn=2 isPlayerTurn=False queueDwellMs=21,2
[Info   : KayceePvP] Duel (combat): COMBAT_PHASE_STARTED | self=PEER generation=3 playerIsAttacker=False
[Info   : KayceePvP] Duel: TRACE_HANDLE_MESSAGE | self=PEER sender=HOST type=duel_state_hash match=-781580248 battle=1 turn=3 seq=15 currentTurn=2 isPlayerTurn=False netTransitMsApprox=428,8
[Info   : KayceePvP] Duel: RECEIVED PEER HASH | match=-781580248 sender=HOST forSeq=14 basedOnActionFromHost=True hash=DWv4O2L9pguFoz//
[Info   : KayceePvP] Duel (combat): COMBAT_PHASE_RESOLVED | self=PEER generation=3 playerIsAttacker=False
[Info   : KayceePvP] Duel (ability-trigger): GlobalTriggerHandler.TriggerCardsOnBoard(Trigger.TurnEnd) DISPATCHED | SELF=PEER playerTurnEndArg=False
[Info   : KayceePvP] Duel: LOCAL STATE HASH | match=-781580248 forSeq=14 basedOnActionFromHost=True hash=DWv4O2L9pguFoz// state=[HOST=[EMPTY;Cuckoo/1/1/[19,24,99];WolfCub/1/1/[5];EMPTY] PEER=[EMPTY;BrokenEgg/0/1/[];EMPTY;EMPTY] BAL=3 TURN=3 BATTLE=1 HW=0 PW=0]
[Info   : KayceePvP] Duel: STATE HASH MATCH | match=-781580248 forSeq=14 basedOnActionFromHost=True hash=DWv4O2L9pguFoz//
[Info   : KayceePvP] Duel: SENDING | match=-781580248 turn=3 seq=14 sender=PEER type=card_played card=Squirrel slot=3
[Info   : KayceePvP] Duel: LOCAL STATE HASH | match=-781580248 forSeq=14 basedOnActionFromHost=False hash=uWtwjC5596dvC4Hk state=[HOST=[EMPTY;Cuckoo/1/1/[19,24,99];WolfCub/1/1/[5];EMPTY] PEER=[EMPTY;BrokenEgg/0/1/[];EMPTY;Squirrel/0/1/[]] BAL=3 TURN=3 BATTLE=1 HW=0 PW=0]
[Info   : KayceePvP] Duel: TRACE_HANDLE_MESSAGE | self=PEER sender=HOST type=duel_state_hash match=-781580248 battle=1 turn=3 seq=16 currentTurn=3 isPlayerTurn=True netTransitMsApprox=429,4
[Info   : KayceePvP] Duel: RECEIVED PEER HASH | match=-781580248 sender=HOST forSeq=14 basedOnActionFromHost=False hash=uWtwjC5596dvC4Hk
[Info   : KayceePvP] Duel: STATE HASH MATCH | match=-781580248 forSeq=14 basedOnActionFromHost=False hash=uWtwjC5596dvC4Hk
[Info   : KayceePvP] Duel: SENDING | match=-781580248 turn=3 seq=16 sender=PEER type=card_played card=Squirrel slot=2
[Info   : KayceePvP] Duel: LOCAL STATE HASH | match=-781580248 forSeq=16 basedOnActionFromHost=False hash=ZpOx8Qo2eJYQmzfP state=[HOST=[EMPTY;Cuckoo/1/1/[19,24,99];WolfCub/1/1/[5];EMPTY] PEER=[EMPTY;BrokenEgg/0/1/[];Squirrel/0/1/[];Squirrel/0/1/[]] BAL=3 TURN=3 BATTLE=1 HW=0 PW=0]
[Info   : KayceePvP] Duel: TRACE_HANDLE_MESSAGE | self=PEER sender=HOST type=duel_state_hash match=-781580248 battle=1 turn=3 seq=17 currentTurn=3 isPlayerTurn=True netTransitMsApprox=443,9
[Info   : KayceePvP] Duel: RECEIVED PEER HASH | match=-781580248 sender=HOST forSeq=16 basedOnActionFromHost=False hash=ZpOx8Qo2eJYQmzfP
[Info   : KayceePvP] Duel: STATE HASH MATCH | match=-781580248 forSeq=16 basedOnActionFromHost=False hash=ZpOx8Qo2eJYQmzfP
[Info   : KayceePvP] Duel: captured sacrifice of 'Squirrel' at slot 3 - will attach to the next card_played broadcast.
[Info   : KayceePvP] Duel: captured sacrifice of 'Squirrel' at slot 2 - will attach to the next card_played broadcast.
[Info   : KayceePvP] Duel: SENDING | match=-781580248 turn=3 seq=18 sender=PEER type=card_played card=Bloodhound slot=2 sacrificedSlots=[3,2]
[Info   : KayceePvP] Duel: LOCAL STATE HASH | match=-781580248 forSeq=18 basedOnActionFromHost=False hash=Ndz1cIY7wdQI/2Zo state=[HOST=[EMPTY;Cuckoo/1/1/[19,24,99];WolfCub/1/1/[5];EMPTY] PEER=[EMPTY;BrokenEgg/0/1/[];Bloodhound/2/3/[18];EMPTY] BAL=3 TURN=3 BATTLE=1 HW=0 PW=0]
[Info   : KayceePvP] Duel: SENDING | match=-781580248 turn=3 seq=20 sender=PEER type=end_turn cardsPlayedThisTurn=3
[Info   : KayceePvP] Duel (combat): COMBAT_PHASE_STARTED | self=PEER generation=4 playerIsAttacker=True
[Info   : KayceePvP] Duel: TRACE_HANDLE_MESSAGE | self=PEER sender=HOST type=duel_state_hash match=-781580248 battle=1 turn=3 seq=18 currentTurn=3 isPlayerTurn=True netTransitMsApprox=444,5
[Info   : KayceePvP] Duel: RECEIVED PEER HASH | match=-781580248 sender=HOST forSeq=18 basedOnActionFromHost=False hash=Ndz1cIY7wdQI/2Zo
[Info   : KayceePvP] Duel: STATE HASH MATCH | match=-781580248 forSeq=18 basedOnActionFromHost=False hash=Ndz1cIY7wdQI/2Zo
[Info   : KayceePvP] Duel (combat): COMBAT_PHASE_RESOLVED | self=PEER generation=4 playerIsAttacker=True
[Info   : KayceePvP] Duel (ability-trigger): GlobalTriggerHandler.TriggerCardsOnBoard(Trigger.TurnEnd) DISPATCHED | SELF=PEER playerTurnEndArg=True
[Info   : KayceePvP] Duel: LOCAL STATE HASH | match=-781580248 forSeq=20 basedOnActionFromHost=False hash=oo3QqLEyF6tmpEt+ state=[HOST=[EMPTY;Cuckoo/1/1/[19,24,99];EMPTY;EMPTY] PEER=[EMPTY;BrokenEgg/0/1/[];Bloodhound/2/3/[18];EMPTY] BAL=3 TURN=4 BATTLE=1 HW=0 PW=0]
[Info   : KayceePvP] NetworkOpponent: waiting for the peer's turn (4 opponent slots available). gen=27
[Info   : KayceePvP] Duel: TRACE_HANDLE_MESSAGE | self=PEER sender=HOST type=duel_state_hash match=-781580248 battle=1 turn=4 seq=19 currentTurn=4 isPlayerTurn=False netTransitMsApprox=429,4
[Info   : KayceePvP] Duel: RECEIVED PEER HASH | match=-781580248 sender=HOST forSeq=20 basedOnActionFromHost=False hash=oo3QqLEyF6tmpEt+
[Info   : KayceePvP] Duel: STATE HASH MATCH | match=-781580248 forSeq=20 basedOnActionFromHost=False hash=oo3QqLEyF6tmpEt+
[Info   : KayceePvP] Duel: TRACE_HANDLE_MESSAGE | self=PEER sender=HOST type=end_turn match=-781580248 battle=1 turn=4 seq=20 currentTurn=4 isPlayerTurn=False netTransitMsApprox=441,2
[Info   : KayceePvP] Duel: RECEIVED | match=-781580248 battle=1 turn=4 seq=20 sender=HOST type=end_turn queueBefore=0 queueAfter=1 currentTurn=4
[Info   : KayceePvP] NetworkOpponent: PROCESSING | gen=27 match=-781580248 battle=1 turn=4 seq=20 type=end_turn queueBefore=1 queueAfter=0 currentTurn=4 isPlayerTurn=False queueDwellMs=9,0
[Info   : KayceePvP] Duel (combat): COMBAT_PHASE_STARTED | self=PEER generation=5 playerIsAttacker=False
[Info   : KayceePvP] Duel: TRACE_HANDLE_MESSAGE | self=PEER sender=HOST type=duel_state_hash match=-781580248 battle=1 turn=5 seq=21 currentTurn=4 isPlayerTurn=False netTransitMsApprox=428,6
[Info   : KayceePvP] Duel: RECEIVED PEER HASH | match=-781580248 sender=HOST forSeq=20 basedOnActionFromHost=True hash=kJbhLfUPhp90HLuG
[Info   : KayceePvP] Duel (combat): COMBAT_PHASE_RESOLVED | self=PEER generation=5 playerIsAttacker=False
[Info   : KayceePvP] Duel (ability-trigger): GlobalTriggerHandler.TriggerCardsOnBoard(Trigger.TurnEnd) DISPATCHED | SELF=PEER playerTurnEndArg=False
[Info   : KayceePvP] Duel: LOCAL STATE HASH | match=-781580248 forSeq=20 basedOnActionFromHost=True hash=kJbhLfUPhp90HLuG state=[HOST=[EMPTY;Cuckoo/1/1/[19,24,99];EMPTY;EMPTY] PEER=[EMPTY;BrokenEgg/0/1/[];Bloodhound/2/3/[18];EMPTY] BAL=5 TURN=5 BATTLE=1 HW=0 PW=0]
[Info   : KayceePvP] Duel: STATE HASH MATCH | match=-781580248 forSeq=20 basedOnActionFromHost=True hash=kJbhLfUPhp90HLuG
[Info   : KayceePvP] Duel: SENDING | match=-781580248 turn=5 seq=23 sender=PEER type=card_played card=Rattler slot=3
[Info   : KayceePvP] Duel: LOCAL STATE HASH | match=-781580248 forSeq=23 basedOnActionFromHost=False hash=i7gE81Fjy6fft8VX state=[HOST=[EMPTY;Cuckoo/1/1/[19,24,99];EMPTY;EMPTY] PEER=[EMPTY;BrokenEgg/0/1/[];Bloodhound/2/3/[18];Rattler/3/1/[]] BAL=5 TURN=5 BATTLE=1 HW=0 PW=0]
[Info   : KayceePvP] Duel: TRACE_HANDLE_MESSAGE | self=PEER sender=HOST type=duel_state_hash match=-781580248 battle=1 turn=5 seq=22 currentTurn=5 isPlayerTurn=True netTransitMsApprox=431,0
[Info   : KayceePvP] Duel: RECEIVED PEER HASH | match=-781580248 sender=HOST forSeq=23 basedOnActionFromHost=False hash=i7gE81Fjy6fft8VX
[Info   : KayceePvP] Duel: STATE HASH MATCH | match=-781580248 forSeq=23 basedOnActionFromHost=False hash=i7gE81Fjy6fft8VX
[Info   : KayceePvP] Duel: SENDING | match=-781580248 turn=5 seq=25 sender=PEER type=end_turn cardsPlayedThisTurn=1
[Info   : KayceePvP] Duel (combat): COMBAT_PHASE_STARTED | self=PEER generation=6 playerIsAttacker=True
[Info   : KayceePvP] Duel (combat): COMBAT_PHASE_RESOLVED | self=PEER generation=6 playerIsAttacker=True
[Info   : KayceePvP] Duel (ability-trigger): GlobalTriggerHandler.TriggerCardsOnBoard(Trigger.TurnEnd) DISPATCHED | SELF=PEER playerTurnEndArg=True
[Info   : KayceePvP] Duel: TRACE_HANDLE_MESSAGE | self=PEER sender=HOST type=duel_state_hash match=-781580248 battle=1 turn=6 seq=23 currentTurn=5 isPlayerTurn=True netTransitMsApprox=433,0
[Info   : KayceePvP] Duel: RECEIVED PEER HASH | match=-781580248 sender=HOST forSeq=25 basedOnActionFromHost=False hash=oHvCa+9UIU4w0Ohr
[Info   : KayceePvP] Duel: LOCAL STATE HASH | match=-781580248 forSeq=25 basedOnActionFromHost=False hash=oHvCa+9UIU4w0Ohr state=[HOST=[EMPTY;Cuckoo/1/1/[19,24,99];EMPTY;EMPTY] PEER=[EMPTY;BrokenEgg/0/1/[];Bloodhound/2/3/[18];Rattler/3/1/[]] BAL=0 TURN=6 BATTLE=1 HW=0 PW=0]
[Info   : KayceePvP] Duel: STATE HASH MATCH | match=-781580248 forSeq=25 basedOnActionFromHost=False hash=oHvCa+9UIU4w0Ohr
[Info   : KayceePvP] NetworkOpponent: waiting for the peer's turn (4 opponent slots available). gen=28
[Info   : KayceePvP] Duel: TRACE_HANDLE_MESSAGE | self=PEER sender=HOST type=card_played match=-781580248 battle=1 turn=6 seq=24 currentTurn=6 isPlayerTurn=False netTransitMsApprox=450,6
[Info   : KayceePvP] Duel: RECEIVED | match=-781580248 battle=1 turn=6 seq=24 sender=HOST type=card_played card=Squirrel slot=2 queueBefore=0 queueAfter=1 currentTurn=6
[Info   : KayceePvP] NetworkOpponent: PROCESSING | gen=28 match=-781580248 battle=1 turn=6 seq=24 type=card_played queueBefore=1 queueAfter=0 currentTurn=6 isPlayerTurn=False queueDwellMs=10,6
[Info   : KayceePvP] Duel: TRACE_HANDLE_MESSAGE | self=PEER sender=HOST type=duel_state_hash match=-781580248 battle=1 turn=6 seq=25 currentTurn=6 isPlayerTurn=False netTransitMsApprox=429,1
[Info   : KayceePvP] Duel: RECEIVED PEER HASH | match=-781580248 sender=HOST forSeq=24 basedOnActionFromHost=True hash=oFJx1fYqqb7tNv2l
[Info   : KayceePvP] NetworkOpponent: queueing 'Squirrel' onto opponent slot 2.
[Info   : KayceePvP] Duel: LOCAL STATE HASH | match=-781580248 forSeq=24 basedOnActionFromHost=True hash=oFJx1fYqqb7tNv2l state=[HOST=[EMPTY;Cuckoo/1/1/[19,24,99];Squirrel/0/1/[];EMPTY] PEER=[EMPTY;BrokenEgg/0/1/[];Bloodhound/2/3/[18];Rattler/3/1/[]] BAL=0 TURN=6 BATTLE=1 HW=0 PW=0]
[Info   : KayceePvP] Duel: STATE HASH MATCH | match=-781580248 forSeq=24 basedOnActionFromHost=True hash=oFJx1fYqqb7tNv2l
[Info   : KayceePvP] Duel: TRACE_HANDLE_MESSAGE | self=PEER sender=HOST type=card_played match=-781580248 battle=1 turn=6 seq=26 currentTurn=6 isPlayerTurn=False netTransitMsApprox=435,1
[Info   : KayceePvP] Duel: RECEIVED | match=-781580248 battle=1 turn=6 seq=26 sender=HOST type=card_played card=Squirrel slot=3 queueBefore=0 queueAfter=1 currentTurn=6
[Info   : KayceePvP] NetworkOpponent: PROCESSING | gen=28 match=-781580248 battle=1 turn=6 seq=26 type=card_played queueBefore=1 queueAfter=0 currentTurn=6 isPlayerTurn=False queueDwellMs=10,2
[Info   : KayceePvP] Duel: TRACE_HANDLE_MESSAGE | self=PEER sender=HOST type=duel_state_hash match=-781580248 battle=1 turn=6 seq=27 currentTurn=6 isPlayerTurn=False netTransitMsApprox=412,2
[Info   : KayceePvP] Duel: RECEIVED PEER HASH | match=-781580248 sender=HOST forSeq=26 basedOnActionFromHost=True hash=+mKPLguafPHid2sq
[Info   : KayceePvP] NetworkOpponent: queueing 'Squirrel' onto opponent slot 3.
[Info   : KayceePvP] Duel: LOCAL STATE HASH | match=-781580248 forSeq=26 basedOnActionFromHost=True hash=+mKPLguafPHid2sq state=[HOST=[EMPTY;Cuckoo/1/1/[19,24,99];Squirrel/0/1/[];Squirrel/0/1/[]] PEER=[EMPTY;BrokenEgg/0/1/[];Bloodhound/2/3/[18];Rattler/3/1/[]] BAL=0 TURN=6 BATTLE=1 HW=0 PW=0]
[Info   : KayceePvP] Duel: STATE HASH MATCH | match=-781580248 forSeq=26 basedOnActionFromHost=True hash=+mKPLguafPHid2sq
[Info   : KayceePvP] Duel: TRACE_HANDLE_MESSAGE | self=PEER sender=HOST type=card_played match=-781580248 battle=1 turn=6 seq=28 currentTurn=6 isPlayerTurn=False netTransitMsApprox=423,7
[Info   : KayceePvP] Duel: RECEIVED | match=-781580248 battle=1 turn=6 seq=28 sender=HOST type=card_played card=DireWolfCub slot=3 queueBefore=0 queueAfter=1 currentTurn=6
[Info   : KayceePvP] NetworkOpponent: PROCESSING | gen=28 match=-781580248 battle=1 turn=6 seq=28 type=card_played queueBefore=1 queueAfter=0 currentTurn=6 isPlayerTurn=False queueDwellMs=6,5
[Info   : KayceePvP] NetworkOpponent: applying remote sacrifice at slot 2 ('Squirrel').
[Info   : KayceePvP] Duel: TRACE_HANDLE_MESSAGE | self=PEER sender=HOST type=duel_state_hash match=-781580248 battle=1 turn=6 seq=29 currentTurn=6 isPlayerTurn=False netTransitMsApprox=431,3
[Info   : KayceePvP] Duel: RECEIVED PEER HASH | match=-781580248 sender=HOST forSeq=28 basedOnActionFromHost=True hash=4+SGD7Fa5x9ZBcNz
[Info   : KayceePvP] NetworkOpponent: applying remote sacrifice at slot 3 ('Squirrel').
[Info   : KayceePvP] Duel (card-sync): RECV card='DireWolfCub' | SELF=PEER RECONSTRUCTED_BASE=[28+5] WIRE=[28+5] TO_ADD=[] TO_NEGATE=[] FINAL_EFFECTIVE=[28+5]
[Info   : KayceePvP] NetworkOpponent: queueing 'DireWolfCub' onto opponent slot 3.
[Info   : KayceePvP] Duel: LOCAL STATE HASH | match=-781580248 forSeq=28 basedOnActionFromHost=True hash=4+SGD7Fa5x9ZBcNz state=[HOST=[EMPTY;Cuckoo/1/1/[19,24,99];EMPTY;DireWolfCub/1/1/[5,28]] PEER=[EMPTY;BrokenEgg/0/1/[];Bloodhound/2/3/[18];Rattler/3/1/[]] BAL=0 TURN=6 BATTLE=1 HW=0 PW=0]
[Info   : KayceePvP] Duel: STATE HASH MATCH | match=-781580248 forSeq=28 basedOnActionFromHost=True hash=4+SGD7Fa5x9ZBcNz
[Info   : KayceePvP] Duel: TRACE_HANDLE_MESSAGE | self=PEER sender=HOST type=end_turn match=-781580248 battle=1 turn=6 seq=30 currentTurn=6 isPlayerTurn=False netTransitMsApprox=435,4
[Info   : KayceePvP] Duel: RECEIVED | match=-781580248 battle=1 turn=6 seq=30 sender=HOST type=end_turn queueBefore=0 queueAfter=1 currentTurn=6
[Info   : KayceePvP] NetworkOpponent: PROCESSING | gen=28 match=-781580248 battle=1 turn=6 seq=30 type=end_turn queueBefore=1 queueAfter=0 currentTurn=6 isPlayerTurn=False queueDwellMs=13,6
[Info   : KayceePvP] Duel (combat): COMBAT_PHASE_STARTED | self=PEER generation=7 playerIsAttacker=False
[Info   : KayceePvP] Duel: TRACE_HANDLE_MESSAGE | self=PEER sender=HOST type=duel_state_hash match=-781580248 battle=1 turn=7 seq=31 currentTurn=6 isPlayerTurn=False netTransitMsApprox=409,2
[Info   : KayceePvP] Duel: RECEIVED PEER HASH | match=-781580248 sender=HOST forSeq=30 basedOnActionFromHost=True hash=dRgsKHbnfz0oNKsU
[Info   : KayceePvP] Duel (combat): COMBAT_PHASE_RESOLVED | self=PEER generation=7 playerIsAttacker=False
[Info   : KayceePvP] Duel (ability-trigger): GlobalTriggerHandler.TriggerCardsOnBoard(Trigger.TurnEnd) DISPATCHED | SELF=PEER playerTurnEndArg=False
[Info   : KayceePvP] Duel: LOCAL STATE HASH | match=-781580248 forSeq=30 basedOnActionFromHost=True hash=dRgsKHbnfz0oNKsU state=[HOST=[EMPTY;Cuckoo/1/1/[19,24,99];EMPTY;DireWolfCub/1/1/[5,28]] PEER=[EMPTY;BrokenEgg/0/1/[];Bloodhound/2/3/[18];EMPTY] BAL=2 TURN=7 BATTLE=1 HW=0 PW=0]
[Info   : KayceePvP] Duel: STATE HASH MATCH | match=-781580248 forSeq=30 basedOnActionFromHost=True hash=dRgsKHbnfz0oNKsU
[Info   : KayceePvP] Duel: SENDING | match=-781580248 turn=7 seq=31 sender=PEER type=card_played card=Squirrel slot=0
[Info   : KayceePvP] Duel: LOCAL STATE HASH | match=-781580248 forSeq=31 basedOnActionFromHost=False hash=DIUsYnyiW9tp15k7 state=[HOST=[EMPTY;Cuckoo/1/1/[19,24,99];EMPTY;DireWolfCub/1/1/[5,28]] PEER=[Squirrel/0/1/[];BrokenEgg/0/1/[];Bloodhound/2/3/[18];EMPTY] BAL=2 TURN=7 BATTLE=1 HW=0 PW=0]
[Info   : KayceePvP] Duel: TRACE_HANDLE_MESSAGE | self=PEER sender=HOST type=duel_state_hash match=-781580248 battle=1 turn=7 seq=32 currentTurn=7 isPlayerTurn=True netTransitMsApprox=441,3
[Info   : KayceePvP] Duel: RECEIVED PEER HASH | match=-781580248 sender=HOST forSeq=31 basedOnActionFromHost=False hash=DIUsYnyiW9tp15k7
[Info   : KayceePvP] Duel: STATE HASH MATCH | match=-781580248 forSeq=31 basedOnActionFromHost=False hash=DIUsYnyiW9tp15k7
[Info   : KayceePvP] Duel: captured sacrifice of 'Squirrel' at slot 0 - will attach to the next card_played broadcast.
[Info   : KayceePvP] Duel (card-sync): SEND card='Cuckoo' | SELF=PEER BASE=[Flying+CreateEgg] PERMANENT_MOD_ABILITIES=[SplitStrike] PERMANENT_MOD_NEGATIONS=[] TEMPORARY_MOD_ABILITIES=[] EFFECTIVE=[19+99+24] WIRE=[19+99+24] hasTotemAbility=False
[Info   : KayceePvP] Duel: SENDING | match=-781580248 turn=7 seq=33 sender=PEER type=card_played card=Cuckoo slot=0 sacrificedSlots=[0]
[Info   : KayceePvP] Duel: LOCAL STATE HASH | match=-781580248 forSeq=33 basedOnActionFromHost=False hash=CBcIeZNpkYVCuMgL state=[HOST=[EMPTY;Cuckoo/1/1/[19,24,99];EMPTY;DireWolfCub/1/1/[5,28]] PEER=[Cuckoo/1/1/[19,24,99];BrokenEgg/0/1/[];Bloodhound/2/3/[18];EMPTY] BAL=2 TURN=7 BATTLE=1 HW=0 PW=0]
[Info   : KayceePvP] Duel: TRACE_HANDLE_MESSAGE | self=PEER sender=HOST type=duel_state_hash match=-781580248 battle=1 turn=7 seq=33 currentTurn=7 isPlayerTurn=True netTransitMsApprox=439,6
[Info   : KayceePvP] Duel: RECEIVED PEER HASH | match=-781580248 sender=HOST forSeq=33 basedOnActionFromHost=False hash=cuhtBn+lJafbVTNk
[Error  : KayceePvP] Duel: STATE HASH MISMATCH | match=-781580248 forSeq=33 basedOnActionFromHost=False localHash=CBcIeZNpkYVCuMgL peerHash=cuhtBn+lJafbVTNk
[Error  : KayceePvP] Duel: local state dump (forSeq=33) | HOST=[EMPTY;Cuckoo/1/1/[19,24,99];EMPTY;DireWolfCub/1/1/[5,28]] PEER=[Cuckoo/1/1/[19,24,99];BrokenEgg/0/1/[];Bloodhound/2/3/[18];EMPTY] BAL=2 TURN=7 BATTLE=1 HW=0 PW=0
[Info   : KayceePvP] Duel: SENDING | match=-781580248 turn=7 seq=35 sender=PEER type=end_turn cardsPlayedThisTurn=2
[Info   : KayceePvP] Duel (combat): COMBAT_PHASE_STARTED | self=PEER generation=8 playerIsAttacker=True
[Info   : KayceePvP] Duel: TRACE_HANDLE_MESSAGE | self=PEER sender=HOST type=duel_state_hash match=-781580248 battle=1 turn=8 seq=34 currentTurn=7 isPlayerTurn=True netTransitMsApprox=426,9
[Info   : KayceePvP] Duel: RECEIVED PEER HASH | match=-781580248 sender=HOST forSeq=35 basedOnActionFromHost=False hash=aW3rLLOABM08phdN
[Info   : KayceePvP] Duel (combat): COMBAT_PHASE_RESOLVED | self=PEER generation=8 playerIsAttacker=True
[Info   : KayceePvP] Duel (ability-trigger): GlobalTriggerHandler.TriggerCardsOnBoard(Trigger.TurnEnd) DISPATCHED | SELF=PEER playerTurnEndArg=True
[Info   : KayceePvP] Duel: LOCAL STATE HASH | match=-781580248 forSeq=35 basedOnActionFromHost=False hash=aW3rLLOABM08phdN state=[HOST=[BrokenEgg/0/1/[];Cuckoo/1/1/[19,24,99];EMPTY;DireWolfCub/1/1/[5,28]] PEER=[Cuckoo/1/1/[19,24,99];BrokenEgg/0/1/[];Bloodhound/2/3/[18];EMPTY] BAL=-1 TURN=8 BATTLE=1 HW=0 PW=0]
[Info   : KayceePvP] Duel: STATE HASH MATCH | match=-781580248 forSeq=35 basedOnActionFromHost=False hash=aW3rLLOABM08phdN
[Info   : KayceePvP] NetworkOpponent: waiting for the peer's turn (4 opponent slots available). gen=29
[Info   : KayceePvP] Duel: TRACE_HANDLE_MESSAGE | self=PEER sender=HOST type=card_played match=-781580248 battle=1 turn=8 seq=35 currentTurn=8 isPlayerTurn=False netTransitMsApprox=432,1
[Info   : KayceePvP] Duel: RECEIVED | match=-781580248 battle=1 turn=8 seq=35 sender=HOST type=card_played card=Tadpole slot=2 queueBefore=0 queueAfter=1 currentTurn=8
[Info   : KayceePvP] NetworkOpponent: PROCESSING | gen=29 match=-781580248 battle=1 turn=8 seq=35 type=card_played queueBefore=1 queueAfter=0 currentTurn=8 isPlayerTurn=False queueDwellMs=8,7
[Info   : KayceePvP] Duel: TRACE_HANDLE_MESSAGE | self=PEER sender=HOST type=duel_state_hash match=-781580248 battle=1 turn=8 seq=36 currentTurn=8 isPlayerTurn=False netTransitMsApprox=419,4
[Info   : KayceePvP] Duel: RECEIVED PEER HASH | match=-781580248 sender=HOST forSeq=35 basedOnActionFromHost=True hash=iGNEx3ZMMM6JIOiE
[Info   : KayceePvP] Duel (card-sync): RECV card='Tadpole' | SELF=PEER RECONSTRUCTED_BASE=[13+5] WIRE=[13+5+9] TO_ADD=[9] TO_NEGATE=[] FINAL_EFFECTIVE=[13+5+9]
[Info   : KayceePvP] NetworkOpponent: queueing 'Tadpole' onto opponent slot 2.
[Info   : KayceePvP] Duel (ownership): suppressed DrawCreatedCard's card-to-hand | ABSOLUTE_OWNER=HOST LOCAL_SIDE=OPPONENT SELF=PEER ABILITY=DrawCreatedCard card='Tadpole' - would have wrongly gone to the local player's hand.
[Info   : KayceePvP] Duel: LOCAL STATE HASH | match=-781580248 forSeq=35 basedOnActionFromHost=True hash=iGNEx3ZMMM6JIOiE state=[HOST=[BrokenEgg/0/1/[];Cuckoo/1/1/[19,24,99];Tadpole/0/1/[5,9,13];DireWolf/2/5/[100]] PEER=[Cuckoo/1/1/[19,24,99];BrokenEgg/0/1/[];Bloodhound/2/3/[18];EMPTY] BAL=-1 TURN=8 BATTLE=1 HW=0 PW=0]
[Info   : KayceePvP] Duel: STATE HASH MATCH | match=-781580248 forSeq=35 basedOnActionFromHost=True hash=iGNEx3ZMMM6JIOiE
[Info   : KayceePvP] Duel: TRACE_HANDLE_MESSAGE | self=PEER sender=HOST type=end_turn match=-781580248 battle=1 turn=8 seq=37 currentTurn=8 isPlayerTurn=False netTransitMsApprox=410,1
[Info   : KayceePvP] Duel: RECEIVED | match=-781580248 battle=1 turn=8 seq=37 sender=HOST type=end_turn queueBefore=0 queueAfter=1 currentTurn=8
[Info   : KayceePvP] NetworkOpponent: PROCESSING | gen=29 match=-781580248 battle=1 turn=8 seq=37 type=end_turn queueBefore=1 queueAfter=0 currentTurn=8 isPlayerTurn=False queueDwellMs=8,6
[Info   : KayceePvP] Duel (combat): COMBAT_PHASE_STARTED | self=PEER generation=9 playerIsAttacker=False
[Info   : KayceePvP] Duel: TRACE_HANDLE_MESSAGE | self=PEER sender=HOST type=duel_state_hash match=-781580248 battle=1 turn=9 seq=38 currentTurn=8 isPlayerTurn=False netTransitMsApprox=419,2
[Info   : KayceePvP] Duel: RECEIVED PEER HASH | match=-781580248 sender=HOST forSeq=37 basedOnActionFromHost=True hash=f7Omvz9ibtuQdJ9K
[Info   : KayceePvP] Duel (combat): COMBAT_PHASE_RESOLVED | self=PEER generation=9 playerIsAttacker=False
[Info   : KayceePvP] Duel (ability-trigger): GlobalTriggerHandler.TriggerCardsOnBoard(Trigger.TurnEnd) DISPATCHED | SELF=PEER playerTurnEndArg=False
[Info   : KayceePvP] Duel: LOCAL STATE HASH | match=-781580248 forSeq=37 basedOnActionFromHost=True hash=f7Omvz9ibtuQdJ9K state=[HOST=[BrokenEgg/0/1/[];Cuckoo/1/1/[19,24,99];Tadpole/0/1/[5,9,13];DireWolf/2/5/[100]] PEER=[Cuckoo/1/1/[19,24,99];BrokenEgg/0/1/[];Bloodhound/2/3/[18];EMPTY] BAL=5 TURN=9 BATTLE=1 HW=0 PW=0]
[Info   : KayceePvP] Duel: STATE HASH MATCH | match=-781580248 forSeq=37 basedOnActionFromHost=True hash=f7Omvz9ibtuQdJ9K
[Info   : KayceePvP] Duel: SENDING | match=-781580248 turn=9 seq=39 sender=PEER type=end_turn cardsPlayedThisTurn=0
[Info   : KayceePvP] Duel (combat): COMBAT_PHASE_STARTED | self=PEER generation=10 playerIsAttacker=True
[Info   : KayceePvP] Duel (combat): COMBAT_PHASE_RESOLVED | self=PEER generation=10 playerIsAttacker=True
[Info   : KayceePvP] Duel (ability-trigger): GlobalTriggerHandler.TriggerCardsOnBoard(Trigger.TurnEnd) DISPATCHED | SELF=PEER playerTurnEndArg=True
[Info   : KayceePvP] Duel: LOCAL STATE HASH | match=-781580248 forSeq=39 basedOnActionFromHost=False hash=AdZl9tKe0E+She6A state=[HOST=[BrokenEgg/0/1/[];Cuckoo/1/1/[19,24,99];Tadpole/0/1/[5,9,13];DireWolf/2/5/[100]] PEER=[Cuckoo/1/1/[19,24,99];BrokenEgg/0/1/[];Bloodhound/2/3/[18];EMPTY] BAL=2 TURN=10 BATTLE=1 HW=0 PW=0]
[Info   : KayceePvP] Duel: TRACE_HANDLE_MESSAGE | self=PEER sender=HOST type=duel_state_hash match=-781580248 battle=1 turn=10 seq=39 currentTurn=10 isPlayerTurn=True netTransitMsApprox=445,9
[Info   : KayceePvP] Duel: RECEIVED PEER HASH | match=-781580248 sender=HOST forSeq=39 basedOnActionFromHost=False hash=AdZl9tKe0E+She6A
[Info   : KayceePvP] Duel: STATE HASH MATCH | match=-781580248 forSeq=39 basedOnActionFromHost=False hash=AdZl9tKe0E+She6A
[Info   : KayceePvP] NetworkOpponent: waiting for the peer's turn (4 opponent slots available). gen=30
[Info   : KayceePvP] Duel: TRACE_HANDLE_MESSAGE | self=PEER sender=HOST type=card_played match=-781580248 battle=1 turn=10 seq=40 currentTurn=10 isPlayerTurn=False netTransitMsApprox=432,1
[Info   : KayceePvP] Duel: RECEIVED | match=-781580248 battle=1 turn=10 seq=40 sender=HOST type=card_played card=Pronghorn slot=1 queueBefore=0 queueAfter=1 currentTurn=10
[Info   : KayceePvP] NetworkOpponent: PROCESSING | gen=30 match=-781580248 battle=1 turn=10 seq=40 type=card_played queueBefore=1 queueAfter=0 currentTurn=10 isPlayerTurn=False queueDwellMs=10,6
[Info   : KayceePvP] NetworkOpponent: applying remote sacrifice at slot 2 ('Bullfrog').
[Info   : KayceePvP] Duel: TRACE_HANDLE_MESSAGE | self=PEER sender=HOST type=duel_state_hash match=-781580248 battle=1 turn=10 seq=41 currentTurn=10 isPlayerTurn=False netTransitMsApprox=438,6
[Info   : KayceePvP] Duel: RECEIVED PEER HASH | match=-781580248 sender=HOST forSeq=40 basedOnActionFromHost=True hash=hYs7YvS8UqKIAQbw
[Info   : KayceePvP] NetworkOpponent: applying remote sacrifice at slot 1 ('Cuckoo').
[Info   : KayceePvP] Duel (card-sync): RECV card='Pronghorn' | SELF=PEER RECONSTRUCTED_BASE=[3+24] WIRE=[3+24] TO_ADD=[] TO_NEGATE=[] FINAL_EFFECTIVE=[3+24]
[Info   : KayceePvP] NetworkOpponent: queueing 'Pronghorn' onto opponent slot 1.
[Info   : KayceePvP] Duel: TRACE_HANDLE_MESSAGE | self=PEER sender=HOST type=card_played match=-781580248 battle=1 turn=10 seq=42 currentTurn=10 isPlayerTurn=False netTransitMsApprox=425,1
[Info   : KayceePvP] Duel: RECEIVED | match=-781580248 battle=1 turn=10 seq=42 sender=HOST type=card_played card=Tadpole slot=2 queueBefore=0 queueAfter=1 currentTurn=10
[Info   : KayceePvP] Duel: LOCAL STATE HASH | match=-781580248 forSeq=40 basedOnActionFromHost=True hash=hYs7YvS8UqKIAQbw state=[HOST=[BrokenEgg/0/1/[];Pronghorn/1/3/[3,24];EMPTY;DireWolf/2/5/[100]] PEER=[Cuckoo/1/1/[19,24,99];BrokenEgg/0/1/[];Bloodhound/2/3/[18];EMPTY] BAL=2 TURN=10 BATTLE=1 HW=0 PW=0]
[Info   : KayceePvP] Duel: STATE HASH MATCH | match=-781580248 forSeq=40 basedOnActionFromHost=True hash=hYs7YvS8UqKIAQbw
[Info   : KayceePvP] NetworkOpponent: PROCESSING | gen=30 match=-781580248 battle=1 turn=10 seq=42 type=card_played queueBefore=1 queueAfter=0 currentTurn=10 isPlayerTurn=False queueDwellMs=58,4
[Info   : KayceePvP] Duel (card-sync): RECV card='Tadpole' | SELF=PEER RECONSTRUCTED_BASE=[13+5] WIRE=[13+5] TO_ADD=[] TO_NEGATE=[] FINAL_EFFECTIVE=[13+5]
[Info   : KayceePvP] NetworkOpponent: queueing 'Tadpole' onto opponent slot 2.
[Info   : KayceePvP] Duel: TRACE_HANDLE_MESSAGE | self=PEER sender=HOST type=duel_state_hash match=-781580248 battle=1 turn=10 seq=43 currentTurn=10 isPlayerTurn=False netTransitMsApprox=424,0
[Info   : KayceePvP] Duel: RECEIVED PEER HASH | match=-781580248 sender=HOST forSeq=42 basedOnActionFromHost=True hash=Px2cPOa0DFpPL6+s
[Info   : KayceePvP] Duel: LOCAL STATE HASH | match=-781580248 forSeq=42 basedOnActionFromHost=True hash=Wak0dA4r4nb1kPEi state=[HOST=[BrokenEgg/0/1/[];Pronghorn/1/3/[3,24];Tadpole/0/1/[5,13];DireWolf/2/5/[100]] PEER=[Cuckoo/1/1/[19,24,99];BrokenEgg/0/1/[];Bloodhound/2/3/[18];EMPTY] BAL=2 TURN=10 BATTLE=1 HW=0 PW=0]
[Error  : KayceePvP] Duel: STATE HASH MISMATCH | match=-781580248 forSeq=42 basedOnActionFromHost=True localHash=Wak0dA4r4nb1kPEi peerHash=Px2cPOa0DFpPL6+s
[Error  : KayceePvP] Duel: local state dump (forSeq=42) | HOST=[BrokenEgg/0/1/[];Pronghorn/1/3/[3,24];Tadpole/0/1/[5,13];DireWolf/2/5/[100]] PEER=[Cuckoo/1/1/[19,24,99];BrokenEgg/0/1/[];Bloodhound/2/3/[18];EMPTY] BAL=2 TURN=10 BATTLE=1 HW=0 PW=0
[Info   : KayceePvP] Duel: TRACE_HANDLE_MESSAGE | self=PEER sender=HOST type=end_turn match=-781580248 battle=1 turn=10 seq=44 currentTurn=10 isPlayerTurn=False netTransitMsApprox=443,1
[Info   : KayceePvP] Duel: RECEIVED | match=-781580248 battle=1 turn=10 seq=44 sender=HOST type=end_turn queueBefore=0 queueAfter=1 currentTurn=10
[Info   : KayceePvP] NetworkOpponent: PROCESSING | gen=30 match=-781580248 battle=1 turn=10 seq=44 type=end_turn queueBefore=1 queueAfter=0 currentTurn=10 isPlayerTurn=False queueDwellMs=7,2
[Info   : KayceePvP] Duel (combat): COMBAT_PHASE_STARTED | self=PEER generation=11 playerIsAttacker=False
[Info   : KayceePvP] Duel (combat): COMBAT_PHASE_RESOLVED | self=PEER generation=11 playerIsAttacker=False
[Info   : KayceePvP] Duel (ability-trigger): GlobalTriggerHandler.TriggerCardsOnBoard(Trigger.TurnEnd) DISPATCHED | SELF=PEER playerTurnEndArg=False
[Info   : KayceePvP] Duel: LOCAL STATE HASH | match=-781580248 forSeq=44 basedOnActionFromHost=True hash=DuKQDAjno3wGxF2v state=[HOST=[BrokenEgg/0/1/[];Pronghorn/1/3/[3,24];Tadpole/0/1/[5,13];DireWolf/2/5/[100]] PEER=[EMPTY;BrokenEgg/0/1/[];Bloodhound/2/2/[18];EMPTY] BAL=5 TURN=11 BATTLE=1 HW=0 PW=0]
[Info   : KayceePvP] Duel (ability-trigger): Strafe.RespondsToTurnEnd | ABILITY=Strafe CARD='Pronghorn' CARD_ABSOLUTE_OWNER=HOST LOCAL_SIDE=OPPONENT SELF=PEER playerTurnEnd=False RESULT=True
[Info   : KayceePvP] Duel (ability-trigger): Strafe.RespondsToTurnEnd | ABILITY=Strafe CARD='Pronghorn' CARD_ABSOLUTE_OWNER=HOST LOCAL_SIDE=OPPONENT SELF=PEER playerTurnEnd=False RESULT=True
[Info   : KayceePvP] Duel (ability-trigger): Strafe.OnTurnEnd STARTED | ABILITY=Strafe CARD='Pronghorn' CARD_ABSOLUTE_OWNER=HOST LOCAL_SIDE=OPPONENT SELF=PEER playerTurnEnd=False cardSlot=1
[Info   : KayceePvP] Duel: TRACE_HANDLE_MESSAGE | self=PEER sender=HOST type=duel_state_hash match=-781580248 battle=1 turn=11 seq=45 currentTurn=11 isPlayerTurn=True netTransitMsApprox=433,6
[Info   : KayceePvP] Duel: RECEIVED PEER HASH | match=-781580248 sender=HOST forSeq=44 basedOnActionFromHost=True hash=taz+E/aznkKqHCrR
[Error  : KayceePvP] Duel: STATE HASH MISMATCH | match=-781580248 forSeq=44 basedOnActionFromHost=True localHash=DuKQDAjno3wGxF2v peerHash=taz+E/aznkKqHCrR
[Error  : KayceePvP] Duel: local state dump (forSeq=44) | HOST=[BrokenEgg/0/1/[];Pronghorn/1/3/[3,24];Tadpole/0/1/[5,13];DireWolf/2/5/[100]] PEER=[EMPTY;BrokenEgg/0/1/[];Bloodhound/2/2/[18];EMPTY] BAL=5 TURN=11 BATTLE=1 HW=0 PW=0
[Info   : KayceePvP] Duel: SENDING | match=-781580248 turn=11 seq=44 sender=PEER type=end_turn cardsPlayedThisTurn=0
[Info   : KayceePvP] Duel (combat): COMBAT_PHASE_STARTED | self=PEER generation=12 playerIsAttacker=True
[Info   : KayceePvP] Duel (combat): COMBAT_PHASE_RESOLVED | self=PEER generation=12 playerIsAttacker=True
[Info   : KayceePvP] Duel (ability-trigger): GlobalTriggerHandler.TriggerCardsOnBoard(Trigger.TurnEnd) DISPATCHED | SELF=PEER playerTurnEndArg=True
[Info   : KayceePvP] Duel: LOCAL STATE HASH | match=-781580248 forSeq=44 basedOnActionFromHost=False hash=uSQugxDKLfsUtKOG state=[HOST=[BrokenEgg/0/1/[];Pronghorn/1/3/[3,24];Tadpole/0/1/[5,13];DireWolf/2/5/[100]] PEER=[EMPTY;BrokenEgg/0/1/[];Bloodhound/2/2/[18];EMPTY] BAL=4 TURN=12 BATTLE=1 HW=0 PW=0]
[Info   : KayceePvP] Duel (ability-trigger): Strafe.RespondsToTurnEnd | ABILITY=Strafe CARD='Pronghorn' CARD_ABSOLUTE_OWNER=HOST LOCAL_SIDE=OPPONENT SELF=PEER playerTurnEnd=True RESULT=False
[Info   : KayceePvP] Duel: TRACE_HANDLE_MESSAGE | self=PEER sender=HOST type=duel_state_hash match=-781580248 battle=1 turn=12 seq=46 currentTurn=12 isPlayerTurn=False netTransitMsApprox=443,2
[Info   : KayceePvP] Duel: RECEIVED PEER HASH | match=-781580248 sender=HOST forSeq=44 basedOnActionFromHost=False hash=D2xNTSaznO3FKDcC
[Error  : KayceePvP] Duel: STATE HASH MISMATCH | match=-781580248 forSeq=44 basedOnActionFromHost=False localHash=uSQugxDKLfsUtKOG peerHash=D2xNTSaznO3FKDcC
[Error  : KayceePvP] Duel: local state dump (forSeq=44) | HOST=[BrokenEgg/0/1/[];Pronghorn/1/3/[3,24];Tadpole/0/1/[5,13];DireWolf/2/5/[100]] PEER=[EMPTY;BrokenEgg/0/1/[];Bloodhound/2/2/[18];EMPTY] BAL=4 TURN=12 BATTLE=1 HW=0 PW=0
[Info   : KayceePvP] NetworkOpponent: waiting for the peer's turn (4 opponent slots available). gen=31
[Info   : KayceePvP] Duel: TRACE_HANDLE_MESSAGE | self=PEER sender=HOST type=end_turn match=-781580248 battle=1 turn=12 seq=47 currentTurn=12 isPlayerTurn=False netTransitMsApprox=427,7
[Info   : KayceePvP] Duel: RECEIVED | match=-781580248 battle=1 turn=12 seq=47 sender=HOST type=end_turn queueBefore=0 queueAfter=1 currentTurn=12
[Info   : KayceePvP] NetworkOpponent: PROCESSING | gen=31 match=-781580248 battle=1 turn=12 seq=47 type=end_turn queueBefore=1 queueAfter=0 currentTurn=12 isPlayerTurn=False queueDwellMs=12,7
[Info   : KayceePvP] Duel (combat): COMBAT_PHASE_STARTED | self=PEER generation=13 playerIsAttacker=False
[Info   : KayceePvP] Duel (combat): COMBAT_PHASE_RESOLVED | self=PEER generation=13 playerIsAttacker=False
[Info   : KayceePvP] Duel (ability-trigger): GlobalTriggerHandler.TriggerCardsOnBoard(Trigger.TurnEnd) DISPATCHED | SELF=PEER playerTurnEndArg=False
[Info   : KayceePvP] Duel: LOCAL STATE HASH | match=-781580248 forSeq=47 basedOnActionFromHost=True hash=URNdazHk8cOnxh2V state=[HOST=[BrokenEgg/0/1/[];Pronghorn/1/3/[3,24];Bullfrog/1/2/[23];DireWolf/2/5/[100]] PEER=[EMPTY;BrokenEgg/0/1/[];EMPTY;EMPTY] BAL=5 TURN=13 BATTLE=1 HW=0 PW=0]
[Info   : KayceePvP] Duel (ability-trigger): Strafe.RespondsToTurnEnd | ABILITY=Strafe CARD='Pronghorn' CARD_ABSOLUTE_OWNER=HOST LOCAL_SIDE=OPPONENT SELF=PEER playerTurnEnd=False RESULT=True
[Info   : KayceePvP] Duel (ability-trigger): Strafe.RespondsToTurnEnd | ABILITY=Strafe CARD='Pronghorn' CARD_ABSOLUTE_OWNER=HOST LOCAL_SIDE=OPPONENT SELF=PEER playerTurnEnd=False RESULT=True
[Info   : KayceePvP] Duel (ability-trigger): Strafe.OnTurnEnd STARTED | ABILITY=Strafe CARD='Pronghorn' CARD_ABSOLUTE_OWNER=HOST LOCAL_SIDE=OPPONENT SELF=PEER playerTurnEnd=False cardSlot=1
[Info   : KayceePvP] Duel: TRACE_HANDLE_MESSAGE | self=PEER sender=HOST type=duel_state_hash match=-781580248 battle=1 turn=13 seq=48 currentTurn=13 isPlayerTurn=False netTransitMsApprox=427,7
[Info   : KayceePvP] Duel: RECEIVED PEER HASH | match=-781580248 sender=HOST forSeq=47 basedOnActionFromHost=True hash=9pjKTMIfkYsFDeek
[Error  : KayceePvP] Duel: STATE HASH MISMATCH | match=-781580248 forSeq=47 basedOnActionFromHost=True localHash=URNdazHk8cOnxh2V peerHash=9pjKTMIfkYsFDeek
[Error  : KayceePvP] Duel: local state dump (forSeq=47) | HOST=[BrokenEgg/0/1/[];Pronghorn/1/3/[3,24];Bullfrog/1/2/[23];DireWolf/2/5/[100]] PEER=[EMPTY;BrokenEgg/0/1/[];EMPTY;EMPTY] BAL=5 TURN=13 BATTLE=1 HW=0 PW=0
[Info   : KayceePvP] Duel: SENDING | match=-781580248 turn=13 seq=47 sender=PEER type=card_played card=Opossum slot=2
[Info   : KayceePvP] Duel: LOCAL STATE HASH | match=-781580248 forSeq=47 basedOnActionFromHost=False hash=UuHbBP6O3u79x6Hm state=[HOST=[BrokenEgg/0/1/[];Pronghorn/1/3/[3,24];Bullfrog/1/2/[23];DireWolf/2/5/[100]] PEER=[EMPTY;BrokenEgg/0/1/[];Opossum/1/1/[];EMPTY] BAL=5 TURN=13 BATTLE=1 HW=0 PW=0]
[Info   : KayceePvP] Duel: TRACE_HANDLE_MESSAGE | self=PEER sender=HOST type=duel_state_hash match=-781580248 battle=1 turn=13 seq=49 currentTurn=13 isPlayerTurn=True netTransitMsApprox=411,9
[Info   : KayceePvP] Duel: RECEIVED PEER HASH | match=-781580248 sender=HOST forSeq=47 basedOnActionFromHost=False hash=HG1QR71oX49dUbqj
[Error  : KayceePvP] Duel: STATE HASH MISMATCH | match=-781580248 forSeq=47 basedOnActionFromHost=False localHash=UuHbBP6O3u79x6Hm peerHash=HG1QR71oX49dUbqj
[Error  : KayceePvP] Duel: local state dump (forSeq=47) | HOST=[BrokenEgg/0/1/[];Pronghorn/1/3/[3,24];Bullfrog/1/2/[23];DireWolf/2/5/[100]] PEER=[EMPTY;BrokenEgg/0/1/[];Opossum/1/1/[];EMPTY] BAL=5 TURN=13 BATTLE=1 HW=0 PW=0
[Info   : KayceePvP] Duel: captured sacrifice of 'Opossum' at slot 2 - will attach to the next card_played broadcast.
[Info   : KayceePvP] Duel (card-sync): SEND card='Beehive' | SELF=PEER BASE=[BeesOnHit] PERMANENT_MOD_ABILITIES=[DrawCopy] PERMANENT_MOD_NEGATIONS=[] TEMPORARY_MOD_ABILITIES=[] EFFECTIVE=[2+9] WIRE=[2+9] hasTotemAbility=False
[Info   : KayceePvP] Duel: SENDING | match=-781580248 turn=13 seq=49 sender=PEER type=card_played card=Beehive slot=2 sacrificedSlots=[2]
[Info   : KayceePvP] Duel: LOCAL STATE HASH | match=-781580248 forSeq=49 basedOnActionFromHost=False hash=6biD56EqU4Rv5TWl state=[HOST=[BrokenEgg/0/1/[];Pronghorn/1/3/[3,24];Bullfrog/1/2/[23];DireWolf/2/5/[100]] PEER=[EMPTY;BrokenEgg/0/1/[];Beehive/0/2/[2,9];EMPTY] BAL=5 TURN=13 BATTLE=1 HW=0 PW=0]
[Info   : KayceePvP] Duel (ownership): DrawCreatedCard fired | ABSOLUTE_OWNER=PEER LOCAL_SIDE=PLAYER SELF=PEER ABILITY=DrawCreatedCard card='Beehive' -> proceeding (local card).
[Warning:InscryptionAPI] More than 1 card are using the same CardInfo. This can cause unexpected problems with dynamic costs! Beehive
[Info   : KayceePvP] Duel: TRACE_HANDLE_MESSAGE | self=PEER sender=HOST type=duel_state_hash match=-781580248 battle=1 turn=13 seq=50 currentTurn=13 isPlayerTurn=True netTransitMsApprox=434,5
[Info   : KayceePvP] Duel: RECEIVED PEER HASH | match=-781580248 sender=HOST forSeq=49 basedOnActionFromHost=False hash=GKVlwd3PE8EDwkdx
[Error  : KayceePvP] Duel: STATE HASH MISMATCH | match=-781580248 forSeq=49 basedOnActionFromHost=False localHash=6biD56EqU4Rv5TWl peerHash=GKVlwd3PE8EDwkdx
[Error  : KayceePvP] Duel: local state dump (forSeq=49) | HOST=[BrokenEgg/0/1/[];Pronghorn/1/3/[3,24];Bullfrog/1/2/[23];DireWolf/2/5/[100]] PEER=[EMPTY;BrokenEgg/0/1/[];Beehive/0/2/[2,9];EMPTY] BAL=5 TURN=13 BATTLE=1 HW=0 PW=0
[Info   : KayceePvP] Duel: SENDING | match=-781580248 turn=13 seq=51 sender=PEER type=end_turn cardsPlayedThisTurn=2
[Info   : KayceePvP] Duel (combat): COMBAT_PHASE_STARTED | self=PEER generation=14 playerIsAttacker=True
[Info   : KayceePvP] Duel: TRACE_HANDLE_MESSAGE | self=PEER sender=HOST type=duel_state_hash match=-781580248 battle=1 turn=14 seq=51 currentTurn=13 isPlayerTurn=True netTransitMsApprox=424,1
[Info   : KayceePvP] Duel: RECEIVED PEER HASH | match=-781580248 sender=HOST forSeq=51 basedOnActionFromHost=False hash=y1+MdCbPAH/xchJG
[Info   : KayceePvP] Duel (combat): COMBAT_PHASE_RESOLVED | self=PEER generation=14 playerIsAttacker=True
[Info   : KayceePvP] Duel (ability-trigger): GlobalTriggerHandler.TriggerCardsOnBoard(Trigger.TurnEnd) DISPATCHED | SELF=PEER playerTurnEndArg=True
[Info   : KayceePvP] Duel: LOCAL STATE HASH | match=-781580248 forSeq=51 basedOnActionFromHost=False hash=Ca4iTEi4y2nuXfOS state=[HOST=[BrokenEgg/0/1/[];Pronghorn/1/3/[3,24];Bullfrog/1/2/[23];DireWolf/2/5/[100]] PEER=[EMPTY;BrokenEgg/0/1/[];Beehive/0/2/[2,9];EMPTY] BAL=5 TURN=14 BATTLE=1 HW=0 PW=0]
[Error  : KayceePvP] Duel: STATE HASH MISMATCH | match=-781580248 forSeq=51 basedOnActionFromHost=False localHash=Ca4iTEi4y2nuXfOS peerHash=y1+MdCbPAH/xchJG
[Error  : KayceePvP] Duel: local state dump (forSeq=51) | HOST=[BrokenEgg/0/1/[];Pronghorn/1/3/[3,24];Bullfrog/1/2/[23];DireWolf/2/5/[100]] PEER=[EMPTY;BrokenEgg/0/1/[];Beehive/0/2/[2,9];EMPTY] BAL=5 TURN=14 BATTLE=1 HW=0 PW=0
[Info   : KayceePvP] Duel (ability-trigger): Strafe.RespondsToTurnEnd | ABILITY=Strafe CARD='Pronghorn' CARD_ABSOLUTE_OWNER=HOST LOCAL_SIDE=OPPONENT SELF=PEER playerTurnEnd=True RESULT=False
[Info   : KayceePvP] NetworkOpponent: waiting for the peer's turn (4 opponent slots available). gen=32
[Info   : KayceePvP] Duel: TRACE_HANDLE_MESSAGE | self=PEER sender=HOST type=card_played match=-781580248 battle=1 turn=14 seq=52 currentTurn=14 isPlayerTurn=False netTransitMsApprox=421,4
[Info   : KayceePvP] Duel: RECEIVED | match=-781580248 battle=1 turn=14 seq=52 sender=HOST type=card_played card=Beehive slot=2 queueBefore=0 queueAfter=1 currentTurn=14
[Info   : KayceePvP] NetworkOpponent: PROCESSING | gen=32 match=-781580248 battle=1 turn=14 seq=52 type=card_played queueBefore=1 queueAfter=0 currentTurn=14 isPlayerTurn=False queueDwellMs=8,5
[Info   : KayceePvP] NetworkOpponent: applying remote sacrifice at slot 2 ('Bullfrog').
[Info   : KayceePvP] Duel: TRACE_HANDLE_MESSAGE | self=PEER sender=HOST type=duel_state_hash match=-781580248 battle=1 turn=14 seq=53 currentTurn=14 isPlayerTurn=False netTransitMsApprox=439,5
[Info   : KayceePvP] Duel: RECEIVED PEER HASH | match=-781580248 sender=HOST forSeq=52 basedOnActionFromHost=True hash=ySLFjjwxF8QigP07
[Info   : KayceePvP] Duel (card-sync): RECV card='Beehive' | SELF=PEER RECONSTRUCTED_BASE=[2] WIRE=[2+9] TO_ADD=[9] TO_NEGATE=[] FINAL_EFFECTIVE=[2+9]
[Info   : KayceePvP] NetworkOpponent: queueing 'Beehive' onto opponent slot 2.
[Info   : KayceePvP] Duel (ownership): suppressed DrawCreatedCard's card-to-hand | ABSOLUTE_OWNER=HOST LOCAL_SIDE=OPPONENT SELF=PEER ABILITY=DrawCreatedCard card='Beehive' - would have wrongly gone to the local player's hand.
[Info   : KayceePvP] Duel: LOCAL STATE HASH | match=-781580248 forSeq=52 basedOnActionFromHost=True hash=ySLFjjwxF8QigP07 state=[HOST=[BrokenEgg/0/1/[];Pronghorn/1/3/[3,24];Beehive/0/2/[2,9];DireWolf/2/5/[100]] PEER=[EMPTY;BrokenEgg/0/1/[];Beehive/0/2/[2,9];EMPTY] BAL=5 TURN=14 BATTLE=1 HW=0 PW=0]
[Info   : KayceePvP] Duel: STATE HASH MATCH | match=-781580248 forSeq=52 basedOnActionFromHost=True hash=ySLFjjwxF8QigP07
[Info   : KayceePvP] Duel: TRACE_HANDLE_MESSAGE | self=PEER sender=HOST type=end_turn match=-781580248 battle=1 turn=14 seq=54 currentTurn=14 isPlayerTurn=False netTransitMsApprox=422,5
[Info   : KayceePvP] Duel: RECEIVED | match=-781580248 battle=1 turn=14 seq=54 sender=HOST type=end_turn queueBefore=0 queueAfter=1 currentTurn=14
[Info   : KayceePvP] NetworkOpponent: PROCESSING | gen=32 match=-781580248 battle=1 turn=14 seq=54 type=end_turn queueBefore=1 queueAfter=0 currentTurn=14 isPlayerTurn=False queueDwellMs=8,5
[Info   : KayceePvP] Duel (combat): COMBAT_PHASE_STARTED | self=PEER generation=15 playerIsAttacker=False
[Info   : KayceePvP] Duel (ownership): DrawCreatedCard fired | ABSOLUTE_OWNER=PEER LOCAL_SIDE=PLAYER SELF=PEER ABILITY=DrawCreatedCard card='Beehive' -> proceeding (local card).
[Info   : KayceePvP] Duel: TRACE_HANDLE_MESSAGE | self=PEER sender=HOST type=duel_state_hash match=-781580248 battle=1 turn=15 seq=55 currentTurn=14 isPlayerTurn=False netTransitMsApprox=430,0
[Info   : KayceePvP] Duel: RECEIVED PEER HASH | match=-781580248 sender=HOST forSeq=54 basedOnActionFromHost=True hash=jxmj91SHCPcZKxNe
[Info   : KayceePvP] Duel (combat): COMBAT_PHASE_RESOLVED | self=PEER generation=15 playerIsAttacker=False
[Info   : KayceePvP] Duel (ability-trigger): GlobalTriggerHandler.TriggerCardsOnBoard(Trigger.TurnEnd) DISPATCHED | SELF=PEER playerTurnEndArg=False
[Info   : KayceePvP] Duel: LOCAL STATE HASH | match=-781580248 forSeq=54 basedOnActionFromHost=True hash=jxmj91SHCPcZKxNe state=[HOST=[BrokenEgg/0/1/[];Pronghorn/1/3/[3,24];Beehive/0/2/[2,9];DireWolf/2/5/[100]] PEER=[EMPTY;BrokenEgg/0/1/[];Beehive/0/1/[2,9];EMPTY] BAL=5 TURN=15 BATTLE=1 HW=0 PW=0]
[Info   : KayceePvP] Duel: STATE HASH MATCH | match=-781580248 forSeq=54 basedOnActionFromHost=True hash=jxmj91SHCPcZKxNe
[Info   : KayceePvP] Duel (ability-trigger): Strafe.RespondsToTurnEnd | ABILITY=Strafe CARD='Pronghorn' CARD_ABSOLUTE_OWNER=HOST LOCAL_SIDE=OPPONENT SELF=PEER playerTurnEnd=False RESULT=True
[Info   : KayceePvP] Duel (ability-trigger): Strafe.RespondsToTurnEnd | ABILITY=Strafe CARD='Pronghorn' CARD_ABSOLUTE_OWNER=HOST LOCAL_SIDE=OPPONENT SELF=PEER playerTurnEnd=False RESULT=True
[Info   : KayceePvP] Duel (ability-trigger): Strafe.OnTurnEnd STARTED | ABILITY=Strafe CARD='Pronghorn' CARD_ABSOLUTE_OWNER=HOST LOCAL_SIDE=OPPONENT SELF=PEER playerTurnEnd=False cardSlot=1
[Info   : KayceePvP] Duel (card-sync): SEND card='Bee' | SELF=PEER BASE=[Flying] PERMANENT_MOD_ABILITIES=[DrawCopy] PERMANENT_MOD_NEGATIONS=[] TEMPORARY_MOD_ABILITIES=[] EFFECTIVE=[19+9] WIRE=[19+9] hasTotemAbility=False
[Info   : KayceePvP] Duel: SENDING | match=-781580248 turn=15 seq=55 sender=PEER type=card_played card=Bee slot=0
[Info   : KayceePvP] Duel: LOCAL STATE HASH | match=-781580248 forSeq=55 basedOnActionFromHost=False hash=a/tZKsvdASG9r5tX state=[HOST=[BrokenEgg/0/1/[];Pronghorn/1/3/[3,24];Beehive/0/2/[2,9];DireWolf/2/5/[100]] PEER=[Bee/1/1/[9,19];BrokenEgg/0/1/[];Beehive/0/1/[2,9];EMPTY] BAL=5 TURN=15 BATTLE=1 HW=0 PW=0]
[Info   : KayceePvP] Duel (ownership): DrawCreatedCard fired | ABSOLUTE_OWNER=PEER LOCAL_SIDE=PLAYER SELF=PEER ABILITY=DrawCreatedCard card='Bee' -> proceeding (local card).
[Warning:InscryptionAPI] More than 1 card are using the same CardInfo. This can cause unexpected problems with dynamic costs! Bee
[Info   : KayceePvP] Duel: TRACE_HANDLE_MESSAGE | self=PEER sender=HOST type=duel_state_hash match=-781580248 battle=1 turn=15 seq=56 currentTurn=15 isPlayerTurn=True netTransitMsApprox=435,4
[Info   : KayceePvP] Duel: RECEIVED PEER HASH | match=-781580248 sender=HOST forSeq=55 basedOnActionFromHost=False hash=a/tZKsvdASG9r5tX
[Info   : KayceePvP] Duel: STATE HASH MATCH | match=-781580248 forSeq=55 basedOnActionFromHost=False hash=a/tZKsvdASG9r5tX
[Info   : KayceePvP] Duel: captured sacrifice of 'Bee' at slot 0 - will attach to the next card_played broadcast.
[Info   : KayceePvP] Duel: captured sacrifice of 'Beehive' at slot 2 - will attach to the next card_played broadcast.
[Info   : KayceePvP] Duel: SENDING | match=-781580248 turn=15 seq=57 sender=PEER type=card_played card=Pronghorn slot=3 sacrificedSlots=[0,2]
[Info   : KayceePvP] Duel: LOCAL STATE HASH | match=-781580248 forSeq=57 basedOnActionFromHost=False hash=pkFSaxrTubu6E8Q+ state=[HOST=[BrokenEgg/0/1/[];Pronghorn/1/3/[3,24];Beehive/0/2/[2,9];DireWolf/2/5/[100]] PEER=[EMPTY;BrokenEgg/0/1/[];EMPTY;Pronghorn/1/3/[3,24]] BAL=5 TURN=15 BATTLE=1 HW=0 PW=0]
[Info   : KayceePvP] Duel: TRACE_HANDLE_MESSAGE | self=PEER sender=HOST type=duel_state_hash match=-781580248 battle=1 turn=15 seq=57 currentTurn=15 isPlayerTurn=True netTransitMsApprox=451,6
[Info   : KayceePvP] Duel: RECEIVED PEER HASH | match=-781580248 sender=HOST forSeq=57 basedOnActionFromHost=False hash=pkFSaxrTubu6E8Q+
[Info   : KayceePvP] Duel: STATE HASH MATCH | match=-781580248 forSeq=57 basedOnActionFromHost=False hash=pkFSaxrTubu6E8Q+
[Info   : KayceePvP] Duel (card-sync): SEND card='Bee' | SELF=PEER BASE=[Flying] PERMANENT_MOD_ABILITIES=[DrawCopy] PERMANENT_MOD_NEGATIONS=[] TEMPORARY_MOD_ABILITIES=[] EFFECTIVE=[19+9] WIRE=[19] hasTotemAbility=False
[Info   : KayceePvP] Duel: SENDING | match=-781580248 turn=15 seq=59 sender=PEER type=card_played card=Bee slot=0
[Info   : KayceePvP] Duel: LOCAL STATE HASH | match=-781580248 forSeq=59 basedOnActionFromHost=False hash=01kC/KPp7VnVSO73 state=[HOST=[BrokenEgg/0/1/[];Pronghorn/1/3/[3,24];Beehive/0/2/[2,9];DireWolf/2/5/[100]] PEER=[Bee/1/1/[9,19];BrokenEgg/0/1/[];EMPTY;Pronghorn/1/3/[3,24]] BAL=5 TURN=15 BATTLE=1 HW=0 PW=0]
[Info   : KayceePvP] Duel: TRACE_HANDLE_MESSAGE | self=PEER sender=HOST type=duel_state_hash match=-781580248 battle=1 turn=15 seq=58 currentTurn=15 isPlayerTurn=True netTransitMsApprox=435,0
[Info   : KayceePvP] Duel: RECEIVED PEER HASH | match=-781580248 sender=HOST forSeq=59 basedOnActionFromHost=False hash=kPyPVnGxm+mXG7fT
[Error  : KayceePvP] Duel: STATE HASH MISMATCH | match=-781580248 forSeq=59 basedOnActionFromHost=False localHash=01kC/KPp7VnVSO73 peerHash=kPyPVnGxm+mXG7fT
[Error  : KayceePvP] Duel: local state dump (forSeq=59) | HOST=[BrokenEgg/0/1/[];Pronghorn/1/3/[3,24];Beehive/0/2/[2,9];DireWolf/2/5/[100]] PEER=[Bee/1/1/[9,19];BrokenEgg/0/1/[];EMPTY;Pronghorn/1/3/[3,24]] BAL=5 TURN=15 BATTLE=1 HW=0 PW=0
[Info   : KayceePvP] Duel: SENDING | match=-781580248 turn=15 seq=61 sender=PEER type=end_turn cardsPlayedThisTurn=3
[Info   : KayceePvP] Duel (combat): COMBAT_PHASE_STARTED | self=PEER generation=16 playerIsAttacker=True
[Info   : KayceePvP] Duel (ownership): suppressed DrawCreatedCard's card-to-hand | ABSOLUTE_OWNER=HOST LOCAL_SIDE=OPPONENT SELF=PEER ABILITY=DrawCreatedCard card='Beehive' - would have wrongly gone to the local player's hand.
[Info   : KayceePvP] Duel (combat): COMBAT_PHASE_RESOLVED | self=PEER generation=16 playerIsAttacker=True
[Info   : KayceePvP] Duel (ability-trigger): GlobalTriggerHandler.TriggerCardsOnBoard(Trigger.TurnEnd) DISPATCHED | SELF=PEER playerTurnEndArg=True
[Info   : KayceePvP] Duel: LOCAL STATE HASH | match=-781580248 forSeq=61 basedOnActionFromHost=False hash=z1eDglXILbFktUtB state=[HOST=[BrokenEgg/0/1/[];Pronghorn/1/3/[3,24];Beehive/0/1/[2,9];DireWolf/2/5/[100]] PEER=[Bee/1/1/[9,19];BrokenEgg/0/1/[];EMPTY;Pronghorn/1/3/[3,24]] BAL=5 TURN=16 BATTLE=1 HW=0 PW=0]
[Info   : KayceePvP] Duel (ability-trigger): Strafe.RespondsToTurnEnd | ABILITY=Strafe CARD='Pronghorn' CARD_ABSOLUTE_OWNER=PEER LOCAL_SIDE=PLAYER SELF=PEER playerTurnEnd=True RESULT=True
[Info   : KayceePvP] Duel (ability-trigger): Strafe.RespondsToTurnEnd | ABILITY=Strafe CARD='Pronghorn' CARD_ABSOLUTE_OWNER=PEER LOCAL_SIDE=PLAYER SELF=PEER playerTurnEnd=True RESULT=True
[Info   : KayceePvP] Duel (ability-trigger): Strafe.OnTurnEnd STARTED | ABILITY=Strafe CARD='Pronghorn' CARD_ABSOLUTE_OWNER=PEER LOCAL_SIDE=PLAYER SELF=PEER playerTurnEnd=True cardSlot=3
[Info   : KayceePvP] Duel (ability-trigger): Strafe.RespondsToTurnEnd | ABILITY=Strafe CARD='Pronghorn' CARD_ABSOLUTE_OWNER=HOST LOCAL_SIDE=OPPONENT SELF=PEER playerTurnEnd=True RESULT=False
[Info   : KayceePvP] NetworkOpponent: waiting for the peer's turn (4 opponent slots available). gen=33
[Info   : KayceePvP] Duel: TRACE_HANDLE_MESSAGE | self=PEER sender=HOST type=duel_state_hash match=-781580248 battle=1 turn=16 seq=59 currentTurn=16 isPlayerTurn=False netTransitMsApprox=452,7
[Info   : KayceePvP] Duel: RECEIVED PEER HASH | match=-781580248 sender=HOST forSeq=61 basedOnActionFromHost=False hash=jJ744q/90u4Y6c2d
[Error  : KayceePvP] Duel: STATE HASH MISMATCH | match=-781580248 forSeq=61 basedOnActionFromHost=False localHash=z1eDglXILbFktUtB peerHash=jJ744q/90u4Y6c2d
[Error  : KayceePvP] Duel: local state dump (forSeq=61) | HOST=[BrokenEgg/0/1/[];Pronghorn/1/3/[3,24];Beehive/0/1/[2,9];DireWolf/2/5/[100]] PEER=[Bee/1/1/[9,19];BrokenEgg/0/1/[];EMPTY;Pronghorn/1/3/[3,24]] BAL=5 TURN=16 BATTLE=1 HW=0 PW=0
[Info   : KayceePvP] Duel: TRACE_HANDLE_MESSAGE | self=PEER sender=HOST type=end_turn match=-781580248 battle=1 turn=16 seq=60 currentTurn=16 isPlayerTurn=False netTransitMsApprox=452,7
[Info   : KayceePvP] Duel: RECEIVED | match=-781580248 battle=1 turn=16 seq=60 sender=HOST type=end_turn queueBefore=0 queueAfter=1 currentTurn=16
[Info   : KayceePvP] NetworkOpponent: PROCESSING | gen=33 match=-781580248 battle=1 turn=16 seq=60 type=end_turn queueBefore=1 queueAfter=0 currentTurn=16 isPlayerTurn=False queueDwellMs=9,5
[Info   : KayceePvP] Duel (combat): COMBAT_PHASE_STARTED | self=PEER generation=17 playerIsAttacker=False
[Info   : KayceePvP] Duel (combat): COMBAT_PHASE_RESOLVED | self=PEER generation=17 playerIsAttacker=False
[Info   : KayceePvP] Duel: OUTCOME_OBSERVED_LOCAL | self=PEER match=-781580248 battle=1 loserAbsoluteSide=PEER localBalance=-17 hostRelativeBalance=17 reason=balance
[Info   : KayceePvP] Duel: OUTCOME_REQUEST_SENT | self=PEER match=-781580248 battle=1 loserAbsoluteSide=PEER hostRelativeBalance=17
[Info   : KayceePvP] Duel: LOCAL STATE HASH | match=-781580248 forSeq=60 basedOnActionFromHost=True hash=u+GrXzLmm6ID03IL state=[HOST=[BrokenEgg/0/1/[];Pronghorn/1/3/[3,24];Beehive/0/1/[2,9];DireWolf/2/5/[100]] PEER=[EMPTY;BrokenEgg/0/1/[];Pronghorn/1/2/[3,24];EMPTY] BAL=5 TURN=17 BATTLE=1 HW=0 PW=0]
[Info   : KayceePvP] Duel: TRACE_HANDLE_MESSAGE | self=PEER sender=HOST type=battle_result match=-781580248 battle=1 turn=16 seq=61 currentTurn=17 isPlayerTurn=False netTransitMsApprox=437,5
[Info   : KayceePvP] Duel: RECEIVED battle_result | self=PEER match=-781580248 battle=1 loser=PEER hostWins=1 peerWins=0 balance=17 reason=balance isMatchFinal=False
[Info   : KayceePvP] Duel: BATTLE_RESULT_CONFIRMED | self=PEER match=-781580248 battle=1 loser=PEER hostWins=1 peerWins=0 isMatchFinal=False
[Info   : KayceePvP] Duel: ROUND_CONCLUSION_REQUESTED | self=PEER match=-781580248 battle=1 winnerIsHost=True localPlayerWon=False isMatchFinal=False balance=-17 incomingCount=0 playerSurrendered=False->True opponentSurrendered=False->False numLives=1
[Info   : KayceePvP] Duel (interbattle): LEAVING_BATTLE | self=PEER match=-781580248 concludedBattle=1 isMatchFinal=False
[Info   : KayceePvP] Duel (lobby-match): INTERBATTLE_RELOAD_LATCH_ON | match=-781580248 battle=1
[Info   : KayceePvP] Duel: TRACE_HANDLE_MESSAGE | self=PEER sender=HOST type=battle_return_ready match=-781580248 battle=2 turn=16 seq=62 currentTurn=17 isPlayerTurn=False netTransitMsApprox=424,9
[Info   : KayceePvP] Duel: RECEIVED battle_return_ready | match=-781580248 battle=2 (peerReadyBattle now 2)
[Info   : KayceePvP] Duel: TRACE_HANDLE_MESSAGE | self=PEER sender=HOST type=battle_begin match=-781580248 battle=2 turn=16 seq=63 currentTurn=17 isPlayerTurn=False netTransitMsApprox=425,6
[Info   : KayceePvP] Duel: RECEIVED battle_begin | match=-781580248 battle=2
[Info   : KayceePvP] Duel (interbattle): NEXT_BATTLE_READY | self=PEER match=-781580248 battle=2
[Info   : KayceePvP] Duel (interbattle): SCENE_RELOAD_BEGIN | self=PEER match=-781580248 battle=2
[Info   : KayceePvP] DIAG PlayerIsWinner | role=PEER result=False opponent.NumLives=1 opponent.Surrendered=False
[Info   : KayceePvP] DIAG GameIsOver | role=PEER result=True balance=-17 opponent.NumLives=1 opponent.Surrendered=False PlayerSurrendered=True MatchEnded=False
[Info   : KayceePvP] DIAG PlayerIsWinner | role=PEER result=False opponent.NumLives=1 opponent.Surrendered=False
[Warning: Singleton] Got null in Singleton<DiskCardGame.GlobalTriggerHandler>.FindInstance
[Info   : KayceePvP] Duel (interbattle-reload): INTERBATTLE_AWAKE_SUPPRESSED | self=PEER match=-781580248 battle=2
[Debug  :InscryptionCommunityPatch] Card pool has Energy cards? False. Card pool has Gem cards? False.
[Info   : KayceePvP] Duel (interbattle-reload): INTERBATTLE_INITIAL_MAP_TRANSITION_SUPPRESSED | self=PEER match=-781580248 battle=2
[Info   : KayceePvP] Duel (interbattle): SCENE_RELOAD_DONE | self=PEER match=-781580248 battle=2
[Info   : KayceePvP] Duel (interbattle): NEW_TURN_MANAGER_READY | self=PEER match=-781580248 battle=2
[Info   : KayceePvP] Duel: ARMED_TURN_OWNERSHIP | self=PEER match=-781580248 battle=2 hostGoesFirstThisBattle=False soloDebugMode=False localFirstTurn=0 expectedOutgoing=0 expectedIncoming=1
[Info   : KayceePvP] Duel (combat): CombatResolutionSignalPatch.ResetForMatch - reason='ResetForNewBattle', generation 17 -> 0.
[Info   : KayceePvP] Duel: starting battle 2 with 14 cards (hostWins=1 peerWins=0).
[Info   : KayceePvP] Duel (totem): SNAPSHOT at battle begin (battle 2) | matchId=-781580248 battleNumber=2 SELF=PEER ownTotems=[none]
[Info   : KayceePvP] Duel (interbattle): NEXT_BATTLE_BEGIN | self=PEER match=-781580248 battle=2
[Info   : KayceePvP] Duel (lobby-match): INTERBATTLE_RELOAD_LATCH_OFF | match=-781580248 battle=2
[Warning: Singleton] Got null in Singleton<DiskCardGame.ConduitCircuitManager>.FindInstance
[Info   : KayceePvP] Duel (deck-shuffle): role=PEER matchId=-781580248 battleNumber=2 seed=103606135 firstPicks=[Squirrel,Squirrel,Squirrel]
[Info   : KayceePvP] Duel (deck-shuffle): role=PEER matchId=-781580248 battleNumber=2 seed=103606135 firstPicks=[Tadpole,Opossum,Pronghorn]
[Info   : KayceePvP] DIAG PlayerIsWinner | role=PEER result=False opponent.NumLives=1 opponent.Surrendered=False
[Info   : KayceePvP] DIAG GameIsOver | role=PEER result=False balance=0 opponent.NumLives=1 opponent.Surrendered=False PlayerSurrendered=False MatchEnded=False
[Info   : KayceePvP] Duel: SENDING | match=-781580248 turn=0 seq=66 sender=PEER type=end_turn cardsPlayedThisTurn=0
[Info   : KayceePvP] Duel (combat): COMBAT_PHASE_STARTED | self=PEER generation=1 playerIsAttacker=True
[Info   : KayceePvP] Duel (combat): COMBAT_PHASE_RESOLVED | self=PEER generation=1 playerIsAttacker=True
[Info   : KayceePvP] Duel (ability-trigger): GlobalTriggerHandler.TriggerCardsOnBoard(Trigger.TurnEnd) DISPATCHED | SELF=PEER playerTurnEndArg=True
[Info   : KayceePvP] Duel: LOCAL STATE HASH | match=-781580248 forSeq=66 basedOnActionFromHost=False hash=gfetq5hTmH6e1k2g state=[HOST=[EMPTY;EMPTY;EMPTY;EMPTY] PEER=[EMPTY;EMPTY;EMPTY;EMPTY] BAL=0 TURN=1 BATTLE=2 HW=1 PW=0]
[Info   : KayceePvP] NetworkOpponent: waiting for the peer's turn (4 opponent slots available). gen=34
[Info   : KayceePvP] Duel: TRACE_HANDLE_MESSAGE | self=PEER sender=HOST type=duel_state_hash match=-781580248 battle=2 turn=1 seq=64 currentTurn=1 isPlayerTurn=False netTransitMsApprox=439,1
[Info   : KayceePvP] Duel: RECEIVED PEER HASH | match=-781580248 sender=HOST forSeq=66 basedOnActionFromHost=False hash=gfetq5hTmH6e1k2g
[Info   : KayceePvP] Duel: STATE HASH MATCH | match=-781580248 forSeq=66 basedOnActionFromHost=False hash=gfetq5hTmH6e1k2g
[Info   : KayceePvP] Duel: TRACE_HANDLE_MESSAGE | self=PEER sender=HOST type=end_turn match=-781580248 battle=2 turn=1 seq=65 currentTurn=1 isPlayerTurn=False netTransitMsApprox=439,7
[Info   : KayceePvP] Duel: RECEIVED | match=-781580248 battle=2 turn=1 seq=65 sender=HOST type=end_turn queueBefore=0 queueAfter=1 currentTurn=1
[Info   : KayceePvP] NetworkOpponent: PROCESSING | gen=34 match=-781580248 battle=2 turn=1 seq=65 type=end_turn queueBefore=1 queueAfter=0 currentTurn=1 isPlayerTurn=False queueDwellMs=6,7
[Info   : KayceePvP] Duel (combat): COMBAT_PHASE_STARTED | self=PEER generation=2 playerIsAttacker=False
[Info   : KayceePvP] Duel (combat): COMBAT_PHASE_RESOLVED | self=PEER generation=2 playerIsAttacker=False
[Info   : KayceePvP] Duel (ability-trigger): GlobalTriggerHandler.TriggerCardsOnBoard(Trigger.TurnEnd) DISPATCHED | SELF=PEER playerTurnEndArg=False
[Info   : KayceePvP] Duel: LOCAL STATE HASH | match=-781580248 forSeq=65 basedOnActionFromHost=True hash=FF2XQIxuIXJQk4xf state=[HOST=[EMPTY;EMPTY;EMPTY;EMPTY] PEER=[EMPTY;EMPTY;EMPTY;EMPTY] BAL=0 TURN=2 BATTLE=2 HW=1 PW=0]
[Info   : KayceePvP] Duel: TRACE_HANDLE_MESSAGE | self=PEER sender=HOST type=duel_state_hash match=-781580248 battle=2 turn=2 seq=66 currentTurn=2 isPlayerTurn=True netTransitMsApprox=436,5
[Info   : KayceePvP] Duel: RECEIVED PEER HASH | match=-781580248 sender=HOST forSeq=65 basedOnActionFromHost=True hash=FF2XQIxuIXJQk4xf
[Info   : KayceePvP] Duel: STATE HASH MATCH | match=-781580248 forSeq=65 basedOnActionFromHost=True hash=FF2XQIxuIXJQk4xf
[Info   : KayceePvP] Duel: SENDING | match=-781580248 turn=2 seq=69 sender=PEER type=end_turn cardsPlayedThisTurn=0
[Info   : KayceePvP] Duel (combat): COMBAT_PHASE_STARTED | self=PEER generation=3 playerIsAttacker=True
[Info   : KayceePvP] Duel: TRACE_HANDLE_MESSAGE | self=PEER sender=HOST type=duel_state_hash match=-781580248 battle=2 turn=3 seq=67 currentTurn=2 isPlayerTurn=True netTransitMsApprox=417,4
[Info   : KayceePvP] Duel: RECEIVED PEER HASH | match=-781580248 sender=HOST forSeq=69 basedOnActionFromHost=False hash=i8pa4n/YBZj4+HnM
[Info   : KayceePvP] Duel (combat): COMBAT_PHASE_RESOLVED | self=PEER generation=3 playerIsAttacker=True
[Info   : KayceePvP] Duel (ability-trigger): GlobalTriggerHandler.TriggerCardsOnBoard(Trigger.TurnEnd) DISPATCHED | SELF=PEER playerTurnEndArg=True
[Info   : KayceePvP] Duel: LOCAL STATE HASH | match=-781580248 forSeq=69 basedOnActionFromHost=False hash=i8pa4n/YBZj4+HnM state=[HOST=[EMPTY;EMPTY;EMPTY;EMPTY] PEER=[EMPTY;EMPTY;EMPTY;EMPTY] BAL=0 TURN=3 BATTLE=2 HW=1 PW=0]
[Info   : KayceePvP] Duel: STATE HASH MATCH | match=-781580248 forSeq=69 basedOnActionFromHost=False hash=i8pa4n/YBZj4+HnM
[Info   : KayceePvP] NetworkOpponent: waiting for the peer's turn (4 opponent slots available). gen=35
[Info   : KayceePvP] Duel: TRACE_HANDLE_MESSAGE | self=PEER sender=HOST type=end_turn match=-781580248 battle=2 turn=3 seq=68 currentTurn=3 isPlayerTurn=False netTransitMsApprox=438,6
[Info   : KayceePvP] Duel: RECEIVED | match=-781580248 battle=2 turn=3 seq=68 sender=HOST type=end_turn queueBefore=0 queueAfter=1 currentTurn=3
[Info   : KayceePvP] NetworkOpponent: PROCESSING | gen=35 match=-781580248 battle=2 turn=3 seq=68 type=end_turn queueBefore=1 queueAfter=0 currentTurn=3 isPlayerTurn=False queueDwellMs=8,5
[Info   : KayceePvP] Duel (combat): COMBAT_PHASE_STARTED | self=PEER generation=4 playerIsAttacker=False
[Info   : KayceePvP] Duel (combat): COMBAT_PHASE_RESOLVED | self=PEER generation=4 playerIsAttacker=False
[Info   : KayceePvP] Duel (ability-trigger): GlobalTriggerHandler.TriggerCardsOnBoard(Trigger.TurnEnd) DISPATCHED | SELF=PEER playerTurnEndArg=False
[Info   : KayceePvP] Duel: LOCAL STATE HASH | match=-781580248 forSeq=68 basedOnActionFromHost=True hash=VYFXrUcABZoNxQmj state=[HOST=[EMPTY;EMPTY;EMPTY;EMPTY] PEER=[EMPTY;EMPTY;EMPTY;EMPTY] BAL=0 TURN=4 BATTLE=2 HW=1 PW=0]
[Info   : KayceePvP] Duel: TRACE_HANDLE_MESSAGE | self=PEER sender=HOST type=duel_state_hash match=-781580248 battle=2 turn=4 seq=69 currentTurn=4 isPlayerTurn=True netTransitMsApprox=461,2
[Info   : KayceePvP] Duel: RECEIVED PEER HASH | match=-781580248 sender=HOST forSeq=68 basedOnActionFromHost=True hash=VYFXrUcABZoNxQmj
[Info   : KayceePvP] Duel: STATE HASH MATCH | match=-781580248 forSeq=68 basedOnActionFromHost=True hash=VYFXrUcABZoNxQmj
[Info   : KayceePvP] Duel: SENDING | match=-781580248 turn=4 seq=72 sender=PEER type=card_played card=Squirrel slot=1
[Info   : KayceePvP] Duel: LOCAL STATE HASH | match=-781580248 forSeq=72 basedOnActionFromHost=False hash=QpafrMCNyeq1PipF state=[HOST=[EMPTY;EMPTY;EMPTY;EMPTY] PEER=[EMPTY;Squirrel/0/1/[];EMPTY;EMPTY] BAL=0 TURN=4 BATTLE=2 HW=1 PW=0]
[Info   : KayceePvP] Duel: TRACE_HANDLE_MESSAGE | self=PEER sender=HOST type=duel_state_hash match=-781580248 battle=2 turn=4 seq=70 currentTurn=4 isPlayerTurn=True netTransitMsApprox=425,6
[Info   : KayceePvP] Duel: RECEIVED PEER HASH | match=-781580248 sender=HOST forSeq=72 basedOnActionFromHost=False hash=QpafrMCNyeq1PipF
[Info   : KayceePvP] Duel: STATE HASH MATCH | match=-781580248 forSeq=72 basedOnActionFromHost=False hash=QpafrMCNyeq1PipF
[Info   : KayceePvP] Duel: SENDING | match=-781580248 turn=4 seq=74 sender=PEER type=card_played card=Tadpole slot=2
[Info   : KayceePvP] Duel: LOCAL STATE HASH | match=-781580248 forSeq=74 basedOnActionFromHost=False hash=7igNMCdto5CEH6Cx state=[HOST=[EMPTY;EMPTY;EMPTY;EMPTY] PEER=[EMPTY;Squirrel/0/1/[];Tadpole/0/1/[5,13];EMPTY] BAL=0 TURN=4 BATTLE=2 HW=1 PW=0]
[Info   : KayceePvP] Duel: TRACE_HANDLE_MESSAGE | self=PEER sender=HOST type=duel_state_hash match=-781580248 battle=2 turn=4 seq=71 currentTurn=4 isPlayerTurn=True netTransitMsApprox=435,3
[Info   : KayceePvP] Duel: RECEIVED PEER HASH | match=-781580248 sender=HOST forSeq=74 basedOnActionFromHost=False hash=7igNMCdto5CEH6Cx
[Info   : KayceePvP] Duel: STATE HASH MATCH | match=-781580248 forSeq=74 basedOnActionFromHost=False hash=7igNMCdto5CEH6Cx
[Info   : KayceePvP] Duel: captured sacrifice of 'Tadpole' at slot 2 - will attach to the next card_played broadcast.
[Info   : KayceePvP] Duel: captured sacrifice of 'Squirrel' at slot 1 - will attach to the next card_played broadcast.
[Info   : KayceePvP] Duel: SENDING | match=-781580248 turn=4 seq=76 sender=PEER type=card_played card=Bloodhound slot=2 sacrificedSlots=[2,1]
[Info   : KayceePvP] Duel: LOCAL STATE HASH | match=-781580248 forSeq=76 basedOnActionFromHost=False hash=Bot3FBCfppWGhxK+ state=[HOST=[EMPTY;EMPTY;EMPTY;EMPTY] PEER=[EMPTY;EMPTY;Bloodhound/2/3/[18];EMPTY] BAL=0 TURN=4 BATTLE=2 HW=1 PW=0]
[Info   : KayceePvP] Duel: TRACE_HANDLE_MESSAGE | self=PEER sender=HOST type=duel_state_hash match=-781580248 battle=2 turn=4 seq=72 currentTurn=4 isPlayerTurn=True netTransitMsApprox=416,0
[Info   : KayceePvP] Duel: RECEIVED PEER HASH | match=-781580248 sender=HOST forSeq=76 basedOnActionFromHost=False hash=Bot3FBCfppWGhxK+
[Info   : KayceePvP] Duel: STATE HASH MATCH | match=-781580248 forSeq=76 basedOnActionFromHost=False hash=Bot3FBCfppWGhxK+
[Info   : KayceePvP] Duel: SENDING | match=-781580248 turn=4 seq=78 sender=PEER type=end_turn cardsPlayedThisTurn=3
[Info   : KayceePvP] Duel (combat): COMBAT_PHASE_STARTED | self=PEER generation=5 playerIsAttacker=True
[Info   : KayceePvP] Duel: TRACE_HANDLE_MESSAGE | self=PEER sender=HOST type=duel_state_hash match=-781580248 battle=2 turn=5 seq=73 currentTurn=4 isPlayerTurn=True netTransitMsApprox=428,5
[Info   : KayceePvP] Duel: RECEIVED PEER HASH | match=-781580248 sender=HOST forSeq=78 basedOnActionFromHost=False hash=L6bErlUCpf32InGU
[Info   : KayceePvP] Duel (combat): COMBAT_PHASE_RESOLVED | self=PEER generation=5 playerIsAttacker=True
[Info   : KayceePvP] Duel (ability-trigger): GlobalTriggerHandler.TriggerCardsOnBoard(Trigger.TurnEnd) DISPATCHED | SELF=PEER playerTurnEndArg=True
[Info   : KayceePvP] Duel: LOCAL STATE HASH | match=-781580248 forSeq=78 basedOnActionFromHost=False hash=cfa33AZHr5iFfCHB state=[HOST=[EMPTY;EMPTY;EMPTY;EMPTY] PEER=[EMPTY;EMPTY;Ijiraq/4/1/[21];EMPTY] BAL=-4 TURN=5 BATTLE=2 HW=1 PW=0]
[Error  : KayceePvP] Duel: STATE HASH MISMATCH | match=-781580248 forSeq=78 basedOnActionFromHost=False localHash=cfa33AZHr5iFfCHB peerHash=L6bErlUCpf32InGU
[Error  : KayceePvP] Duel: local state dump (forSeq=78) | HOST=[EMPTY;EMPTY;EMPTY;EMPTY] PEER=[EMPTY;EMPTY;Ijiraq/4/1/[21];EMPTY] BAL=-4 TURN=5 BATTLE=2 HW=1 PW=0
[Info   : KayceePvP] NetworkOpponent: waiting for the peer's turn (4 opponent slots available). gen=36
[Info   : KayceePvP] Duel: TRACE_HANDLE_MESSAGE | self=PEER sender=HOST type=card_played match=-781580248 battle=2 turn=5 seq=74 currentTurn=5 isPlayerTurn=False netTransitMsApprox=430,1
[Info   : KayceePvP] Duel: RECEIVED | match=-781580248 battle=2 turn=5 seq=74 sender=HOST type=card_played card=Squirrel slot=2 queueBefore=0 queueAfter=1 currentTurn=5
[Info   : KayceePvP] NetworkOpponent: PROCESSING | gen=36 match=-781580248 battle=2 turn=5 seq=74 type=card_played queueBefore=1 queueAfter=0 currentTurn=5 isPlayerTurn=False queueDwellMs=9,6
[Info   : KayceePvP] NetworkOpponent: queueing 'Squirrel' onto opponent slot 2.
[Info   : KayceePvP] Duel: TRACE_HANDLE_MESSAGE | self=PEER sender=HOST type=duel_state_hash match=-781580248 battle=2 turn=5 seq=75 currentTurn=5 isPlayerTurn=False netTransitMsApprox=442,1
[Info   : KayceePvP] Duel: RECEIVED PEER HASH | match=-781580248 sender=HOST forSeq=74 basedOnActionFromHost=True hash=YmV9Jrt/P63qs/Vo
[Info   : KayceePvP] Duel: LOCAL STATE HASH | match=-781580248 forSeq=74 basedOnActionFromHost=True hash=nJkqYSPzX+B6RGzb state=[HOST=[EMPTY;EMPTY;Squirrel/0/1/[];EMPTY] PEER=[EMPTY;EMPTY;Ijiraq/4/1/[21];EMPTY] BAL=-4 TURN=5 BATTLE=2 HW=1 PW=0]
[Error  : KayceePvP] Duel: STATE HASH MISMATCH | match=-781580248 forSeq=74 basedOnActionFromHost=True localHash=nJkqYSPzX+B6RGzb peerHash=YmV9Jrt/P63qs/Vo
[Error  : KayceePvP] Duel: local state dump (forSeq=74) | HOST=[EMPTY;EMPTY;Squirrel/0/1/[];EMPTY] PEER=[EMPTY;EMPTY;Ijiraq/4/1/[21];EMPTY] BAL=-4 TURN=5 BATTLE=2 HW=1 PW=0
[Info   : KayceePvP] Duel: TRACE_HANDLE_MESSAGE | self=PEER sender=HOST type=card_played match=-781580248 battle=2 turn=5 seq=76 currentTurn=5 isPlayerTurn=False netTransitMsApprox=441,3
[Info   : KayceePvP] Duel: RECEIVED | match=-781580248 battle=2 turn=5 seq=76 sender=HOST type=card_played card=Squirrel slot=3 queueBefore=0 queueAfter=1 currentTurn=5
[Info   : KayceePvP] NetworkOpponent: PROCESSING | gen=36 match=-781580248 battle=2 turn=5 seq=76 type=card_played queueBefore=1 queueAfter=0 currentTurn=5 isPlayerTurn=False queueDwellMs=9,0
[Info   : KayceePvP] Duel: TRACE_HANDLE_MESSAGE | self=PEER sender=HOST type=duel_state_hash match=-781580248 battle=2 turn=5 seq=77 currentTurn=5 isPlayerTurn=False netTransitMsApprox=421,7
[Info   : KayceePvP] Duel: RECEIVED PEER HASH | match=-781580248 sender=HOST forSeq=76 basedOnActionFromHost=True hash=UTv9kWjg+MmjEwVc
[Info   : KayceePvP] NetworkOpponent: queueing 'Squirrel' onto opponent slot 3.
[Info   : KayceePvP] Duel: LOCAL STATE HASH | match=-781580248 forSeq=76 basedOnActionFromHost=True hash=lXcyqWR8e/yIw+NR state=[HOST=[EMPTY;EMPTY;Squirrel/0/1/[];Squirrel/0/1/[]] PEER=[EMPTY;EMPTY;Ijiraq/4/1/[21];EMPTY] BAL=-4 TURN=5 BATTLE=2 HW=1 PW=0]
[Error  : KayceePvP] Duel: STATE HASH MISMATCH | match=-781580248 forSeq=76 basedOnActionFromHost=True localHash=lXcyqWR8e/yIw+NR peerHash=UTv9kWjg+MmjEwVc
[Error  : KayceePvP] Duel: local state dump (forSeq=76) | HOST=[EMPTY;EMPTY;Squirrel/0/1/[];Squirrel/0/1/[]] PEER=[EMPTY;EMPTY;Ijiraq/4/1/[21];EMPTY] BAL=-4 TURN=5 BATTLE=2 HW=1 PW=0
[Info   : KayceePvP] Duel: TRACE_HANDLE_MESSAGE | self=PEER sender=HOST type=card_played match=-781580248 battle=2 turn=5 seq=78 currentTurn=5 isPlayerTurn=False netTransitMsApprox=419,3
[Info   : KayceePvP] Duel: RECEIVED | match=-781580248 battle=2 turn=5 seq=78 sender=HOST type=card_played card=Squirrel slot=1 queueBefore=0 queueAfter=1 currentTurn=5
[Info   : KayceePvP] NetworkOpponent: PROCESSING | gen=36 match=-781580248 battle=2 turn=5 seq=78 type=card_played queueBefore=1 queueAfter=0 currentTurn=5 isPlayerTurn=False queueDwellMs=8,6
[Info   : KayceePvP] NetworkOpponent: queueing 'Squirrel' onto opponent slot 1.
[Info   : KayceePvP] Duel: TRACE_HANDLE_MESSAGE | self=PEER sender=HOST type=duel_state_hash match=-781580248 battle=2 turn=5 seq=79 currentTurn=5 isPlayerTurn=False netTransitMsApprox=418,7
[Info   : KayceePvP] Duel: RECEIVED PEER HASH | match=-781580248 sender=HOST forSeq=78 basedOnActionFromHost=True hash=Of7EJ0dghDSmM0No
[Info   : KayceePvP] Duel: LOCAL STATE HASH | match=-781580248 forSeq=78 basedOnActionFromHost=True hash=mo8HHTnMjrE455Q6 state=[HOST=[EMPTY;Squirrel/0/1/[];Squirrel/0/1/[];Squirrel/0/1/[]] PEER=[EMPTY;EMPTY;Ijiraq/4/1/[21];EMPTY] BAL=-4 TURN=5 BATTLE=2 HW=1 PW=0]
[Error  : KayceePvP] Duel: STATE HASH MISMATCH | match=-781580248 forSeq=78 basedOnActionFromHost=True localHash=mo8HHTnMjrE455Q6 peerHash=Of7EJ0dghDSmM0No
[Error  : KayceePvP] Duel: local state dump (forSeq=78) | HOST=[EMPTY;Squirrel/0/1/[];Squirrel/0/1/[];Squirrel/0/1/[]] PEER=[EMPTY;EMPTY;Ijiraq/4/1/[21];EMPTY] BAL=-4 TURN=5 BATTLE=2 HW=1 PW=0
[Info   : KayceePvP] Duel: TRACE_HANDLE_MESSAGE | self=PEER sender=HOST type=card_played match=-781580248 battle=2 turn=5 seq=80 currentTurn=5 isPlayerTurn=False netTransitMsApprox=439,3
[Info   : KayceePvP] Duel: RECEIVED | match=-781580248 battle=2 turn=5 seq=80 sender=HOST type=card_played card=FieldMouse slot=2 queueBefore=0 queueAfter=1 currentTurn=5
[Info   : KayceePvP] NetworkOpponent: PROCESSING | gen=36 match=-781580248 battle=2 turn=5 seq=80 type=card_played queueBefore=1 queueAfter=0 currentTurn=5 isPlayerTurn=False queueDwellMs=13,4
[Info   : KayceePvP] NetworkOpponent: applying remote sacrifice at slot 1 ('Squirrel').
[Info   : KayceePvP] Duel: TRACE_HANDLE_MESSAGE | self=PEER sender=HOST type=duel_state_hash match=-781580248 battle=2 turn=5 seq=81 currentTurn=5 isPlayerTurn=False netTransitMsApprox=432,9
[Info   : KayceePvP] Duel: RECEIVED PEER HASH | match=-781580248 sender=HOST forSeq=80 basedOnActionFromHost=True hash=JGyzq4xgdjSlv+IM
[Info   : KayceePvP] NetworkOpponent: applying remote sacrifice at slot 2 ('Squirrel').
[Info   : KayceePvP] Duel (card-sync): RECV card='FieldMouse' | SELF=PEER RECONSTRUCTED_BASE=[9] WIRE=[9] TO_ADD=[] TO_NEGATE=[] FINAL_EFFECTIVE=[9]
[Info   : KayceePvP] NetworkOpponent: queueing 'FieldMouse' onto opponent slot 2.
[Info   : KayceePvP] Duel (ownership): suppressed DrawCreatedCard's card-to-hand | ABSOLUTE_OWNER=HOST LOCAL_SIDE=OPPONENT SELF=PEER ABILITY=DrawCreatedCard card='FieldMouse' - would have wrongly gone to the local player's hand.
[Info   : KayceePvP] Duel: LOCAL STATE HASH | match=-781580248 forSeq=80 basedOnActionFromHost=True hash=GPHuQmkWIkOvbCjs state=[HOST=[EMPTY;EMPTY;FieldMouse/2/2/[9];Squirrel/0/1/[]] PEER=[EMPTY;EMPTY;Ijiraq/4/1/[21];EMPTY] BAL=-4 TURN=5 BATTLE=2 HW=1 PW=0]
[Error  : KayceePvP] Duel: STATE HASH MISMATCH | match=-781580248 forSeq=80 basedOnActionFromHost=True localHash=GPHuQmkWIkOvbCjs peerHash=JGyzq4xgdjSlv+IM
[Error  : KayceePvP] Duel: local state dump (forSeq=80) | HOST=[EMPTY;EMPTY;FieldMouse/2/2/[9];Squirrel/0/1/[]] PEER=[EMPTY;EMPTY;Ijiraq/4/1/[21];EMPTY] BAL=-4 TURN=5 BATTLE=2 HW=1 PW=0
[Info   : KayceePvP] Duel: TRACE_HANDLE_MESSAGE | self=PEER sender=HOST type=card_played match=-781580248 battle=2 turn=5 seq=82 currentTurn=5 isPlayerTurn=False netTransitMsApprox=609,7
[Info   : KayceePvP] Duel: RECEIVED | match=-781580248 battle=2 turn=5 seq=82 sender=HOST type=card_played card=FieldMouse slot=2 queueBefore=0 queueAfter=1 currentTurn=5
[Info   : KayceePvP] NetworkOpponent: PROCESSING | gen=36 match=-781580248 battle=2 turn=5 seq=82 type=card_played queueBefore=1 queueAfter=0 currentTurn=5 isPlayerTurn=False queueDwellMs=8,7
[Info   : KayceePvP] NetworkOpponent: applying remote sacrifice at slot 2 ('FieldMouse').
[Info   : KayceePvP] Duel: TRACE_HANDLE_MESSAGE | self=PEER sender=HOST type=duel_state_hash match=-781580248 battle=2 turn=5 seq=83 currentTurn=5 isPlayerTurn=False netTransitMsApprox=438,5
[Info   : KayceePvP] Duel: RECEIVED PEER HASH | match=-781580248 sender=HOST forSeq=82 basedOnActionFromHost=True hash=IdXKi9RYCOjfGdL4
[Info   : KayceePvP] NetworkOpponent: applying remote sacrifice at slot 3 ('Squirrel').
[Info   : KayceePvP] Duel (card-sync): RECV card='FieldMouse' | SELF=PEER RECONSTRUCTED_BASE=[9] WIRE=[] TO_ADD=[] TO_NEGATE=[9] FINAL_EFFECTIVE=[]
[Info   : KayceePvP] NetworkOpponent: queueing 'FieldMouse' onto opponent slot 2.
[Info   : KayceePvP] Duel: LOCAL STATE HASH | match=-781580248 forSeq=82 basedOnActionFromHost=True hash=iSL3LoSpK3vg4+qM state=[HOST=[EMPTY;EMPTY;FieldMouse/2/2/[];EMPTY] PEER=[EMPTY;EMPTY;Ijiraq/4/1/[21];EMPTY] BAL=-4 TURN=5 BATTLE=2 HW=1 PW=0]
[Error  : KayceePvP] Duel: STATE HASH MISMATCH | match=-781580248 forSeq=82 basedOnActionFromHost=True localHash=iSL3LoSpK3vg4+qM peerHash=IdXKi9RYCOjfGdL4
[Error  : KayceePvP] Duel: local state dump (forSeq=82) | HOST=[EMPTY;EMPTY;FieldMouse/2/2/[];EMPTY] PEER=[EMPTY;EMPTY;Ijiraq/4/1/[21];EMPTY] BAL=-4 TURN=5 BATTLE=2 HW=1 PW=0
[Info   : KayceePvP] Duel: TRACE_HANDLE_MESSAGE | self=PEER sender=HOST type=card_played match=-781580248 battle=2 turn=5 seq=84 currentTurn=5 isPlayerTurn=False netTransitMsApprox=430,4
[Info   : KayceePvP] Duel: RECEIVED | match=-781580248 battle=2 turn=5 seq=84 sender=HOST type=card_played card=Alpha slot=1 queueBefore=0 queueAfter=1 currentTurn=5
[Info   : KayceePvP] NetworkOpponent: PROCESSING | gen=36 match=-781580248 battle=2 turn=5 seq=84 type=card_played queueBefore=1 queueAfter=0 currentTurn=5 isPlayerTurn=False queueDwellMs=12,6
[Info   : KayceePvP] Duel (card-sync): RECV card='Alpha' | SELF=PEER RECONSTRUCTED_BASE=[34] WIRE=[34] TO_ADD=[] TO_NEGATE=[] FINAL_EFFECTIVE=[34]
[Info   : KayceePvP] NetworkOpponent: queueing 'Alpha' onto opponent slot 1.
[Info   : KayceePvP] Duel: TRACE_HANDLE_MESSAGE | self=PEER sender=HOST type=duel_state_hash match=-781580248 battle=2 turn=5 seq=85 currentTurn=5 isPlayerTurn=False netTransitMsApprox=437,4
[Info   : KayceePvP] Duel: RECEIVED PEER HASH | match=-781580248 sender=HOST forSeq=84 basedOnActionFromHost=True hash=b4xthFO7Z2eQxclA
[Info   : KayceePvP] Duel: LOCAL STATE HASH | match=-781580248 forSeq=84 basedOnActionFromHost=True hash=Su/v1RG/r6PUmi+8 state=[HOST=[EMPTY;Alpha/1/2/[34];FieldMouse/3/2/[];EMPTY] PEER=[EMPTY;EMPTY;Ijiraq/4/1/[21];EMPTY] BAL=-4 TURN=5 BATTLE=2 HW=1 PW=0]
[Error  : KayceePvP] Duel: STATE HASH MISMATCH | match=-781580248 forSeq=84 basedOnActionFromHost=True localHash=Su/v1RG/r6PUmi+8 peerHash=b4xthFO7Z2eQxclA
[Error  : KayceePvP] Duel: local state dump (forSeq=84) | HOST=[EMPTY;Alpha/1/2/[34];FieldMouse/3/2/[];EMPTY] PEER=[EMPTY;EMPTY;Ijiraq/4/1/[21];EMPTY] BAL=-4 TURN=5 BATTLE=2 HW=1 PW=0
[Info   : KayceePvP] Duel: TRACE_HANDLE_MESSAGE | self=PEER sender=HOST type=end_turn match=-781580248 battle=2 turn=5 seq=86 currentTurn=5 isPlayerTurn=False netTransitMsApprox=431,4
[Info   : KayceePvP] Duel: RECEIVED | match=-781580248 battle=2 turn=5 seq=86 sender=HOST type=end_turn queueBefore=0 queueAfter=1 currentTurn=5
[Info   : KayceePvP] NetworkOpponent: PROCESSING | gen=36 match=-781580248 battle=2 turn=5 seq=86 type=end_turn queueBefore=1 queueAfter=0 currentTurn=5 isPlayerTurn=False queueDwellMs=10,2
[Info   : KayceePvP] Duel (combat): COMBAT_PHASE_STARTED | self=PEER generation=6 playerIsAttacker=False
[Info   : KayceePvP] Duel (combat): COMBAT_PHASE_RESOLVED | self=PEER generation=6 playerIsAttacker=False
[Info   : KayceePvP] Duel (ability-trigger): GlobalTriggerHandler.TriggerCardsOnBoard(Trigger.TurnEnd) DISPATCHED | SELF=PEER playerTurnEndArg=False
[Info   : KayceePvP] Duel: LOCAL STATE HASH | match=-781580248 forSeq=86 basedOnActionFromHost=True hash=TFGOMSeA2JmbMt3D state=[HOST=[EMPTY;Alpha/1/2/[34];FieldMouse/3/2/[];EMPTY] PEER=[EMPTY;EMPTY;Ijiraq/4/1/[21];EMPTY] BAL=-3 TURN=6 BATTLE=2 HW=1 PW=0]
[Info   : KayceePvP] Duel: TRACE_HANDLE_MESSAGE | self=PEER sender=HOST type=duel_state_hash match=-781580248 battle=2 turn=6 seq=87 currentTurn=6 isPlayerTurn=True netTransitMsApprox=423,5
[Info   : KayceePvP] Duel: RECEIVED PEER HASH | match=-781580248 sender=HOST forSeq=86 basedOnActionFromHost=True hash=/6Lugk4aVbD1I9KL
[Error  : KayceePvP] Duel: STATE HASH MISMATCH | match=-781580248 forSeq=86 basedOnActionFromHost=True localHash=TFGOMSeA2JmbMt3D peerHash=/6Lugk4aVbD1I9KL
[Error  : KayceePvP] Duel: local state dump (forSeq=86) | HOST=[EMPTY;Alpha/1/2/[34];FieldMouse/3/2/[];EMPTY] PEER=[EMPTY;EMPTY;Ijiraq/4/1/[21];EMPTY] BAL=-3 TURN=6 BATTLE=2 HW=1 PW=0
[Info   : KayceePvP] Duel: SENDING | match=-781580248 turn=6 seq=87 sender=PEER type=card_played card=Squirrel slot=1
[Info   : KayceePvP] Duel: LOCAL STATE HASH | match=-781580248 forSeq=87 basedOnActionFromHost=False hash=/tpfpc2fH0jPrcGR state=[HOST=[EMPTY;Alpha/1/2/[34];FieldMouse/3/2/[];EMPTY] PEER=[EMPTY;Squirrel/0/1/[];Ijiraq/4/1/[21];EMPTY] BAL=-3 TURN=6 BATTLE=2 HW=1 PW=0]
[Info   : KayceePvP] Duel: TRACE_HANDLE_MESSAGE | self=PEER sender=HOST type=duel_state_hash match=-781580248 battle=2 turn=6 seq=88 currentTurn=6 isPlayerTurn=True netTransitMsApprox=423,5
[Info   : KayceePvP] Duel: RECEIVED PEER HASH | match=-781580248 sender=HOST forSeq=87 basedOnActionFromHost=False hash=/6Lugk4aVbD1I9KL
[Error  : KayceePvP] Duel: STATE HASH MISMATCH | match=-781580248 forSeq=87 basedOnActionFromHost=False localHash=/tpfpc2fH0jPrcGR peerHash=/6Lugk4aVbD1I9KL
[Error  : KayceePvP] Duel: local state dump (forSeq=87) | HOST=[EMPTY;Alpha/1/2/[34];FieldMouse/3/2/[];EMPTY] PEER=[EMPTY;Squirrel/0/1/[];Ijiraq/4/1/[21];EMPTY] BAL=-3 TURN=6 BATTLE=2 HW=1 PW=0
[Info   : KayceePvP] Duel: captured sacrifice of 'Squirrel' at slot 1 - will attach to the next card_played broadcast.
[Info   : KayceePvP] Duel: SENDING | match=-781580248 turn=6 seq=89 sender=PEER type=card_played card=MantisGod slot=1 sacrificedSlots=[1]
[Info   : KayceePvP] Duel: LOCAL STATE HASH | match=-781580248 forSeq=89 basedOnActionFromHost=False hash=fiBIy6JK6lT1WCxX state=[HOST=[EMPTY;Alpha/1/2/[34];FieldMouse/3/2/[];EMPTY] PEER=[EMPTY;MantisGod/1/1/[25];Ijiraq/4/1/[21];EMPTY] BAL=-3 TURN=6 BATTLE=2 HW=1 PW=0]
[Info   : KayceePvP] Duel: TRACE_HANDLE_MESSAGE | self=PEER sender=HOST type=duel_state_hash match=-781580248 battle=2 turn=6 seq=89 currentTurn=6 isPlayerTurn=True netTransitMsApprox=427,4
[Info   : KayceePvP] Duel: RECEIVED PEER HASH | match=-781580248 sender=HOST forSeq=89 basedOnActionFromHost=False hash=LynWU/rCQyJxBdg1
[Error  : KayceePvP] Duel: STATE HASH MISMATCH | match=-781580248 forSeq=89 basedOnActionFromHost=False localHash=fiBIy6JK6lT1WCxX peerHash=LynWU/rCQyJxBdg1
[Error  : KayceePvP] Duel: local state dump (forSeq=89) | HOST=[EMPTY;Alpha/1/2/[34];FieldMouse/3/2/[];EMPTY] PEER=[EMPTY;MantisGod/1/1/[25];Ijiraq/4/1/[21];EMPTY] BAL=-3 TURN=6 BATTLE=2 HW=1 PW=0
[Info   : KayceePvP] Duel: SENDING | match=-781580248 turn=6 seq=91 sender=PEER type=end_turn cardsPlayedThisTurn=2
[Info   : KayceePvP] Duel (combat): COMBAT_PHASE_STARTED | self=PEER generation=7 playerIsAttacker=True
[Info   : KayceePvP] Duel: TRACE_HANDLE_MESSAGE | self=PEER sender=HOST type=duel_state_hash match=-781580248 battle=2 turn=7 seq=90 currentTurn=6 isPlayerTurn=True netTransitMsApprox=423,3
[Info   : KayceePvP] Duel: RECEIVED PEER HASH | match=-781580248 sender=HOST forSeq=91 basedOnActionFromHost=False hash=tM4yPiYkCBBRiYc2
[Info   : KayceePvP] Duel (combat): COMBAT_PHASE_RESOLVED | self=PEER generation=7 playerIsAttacker=True
[Info   : KayceePvP] Duel (ability-trigger): GlobalTriggerHandler.TriggerCardsOnBoard(Trigger.TurnEnd) DISPATCHED | SELF=PEER playerTurnEndArg=True
[Info   : KayceePvP] Duel: LOCAL STATE HASH | match=-781580248 forSeq=91 basedOnActionFromHost=False hash=qMeJC0SpZuND00xE state=[HOST=[EMPTY;Alpha/1/1/[34];EMPTY;EMPTY] PEER=[EMPTY;MantisGod/1/1/[25];Ijiraq/4/1/[21];EMPTY] BAL=-4 TURN=7 BATTLE=2 HW=1 PW=0]
[Error  : KayceePvP] Duel: STATE HASH MISMATCH | match=-781580248 forSeq=91 basedOnActionFromHost=False localHash=qMeJC0SpZuND00xE peerHash=tM4yPiYkCBBRiYc2
[Error  : KayceePvP] Duel: local state dump (forSeq=91) | HOST=[EMPTY;Alpha/1/1/[34];EMPTY;EMPTY] PEER=[EMPTY;MantisGod/1/1/[25];Ijiraq/4/1/[21];EMPTY] BAL=-4 TURN=7 BATTLE=2 HW=1 PW=0
[Info   : KayceePvP] NetworkOpponent: waiting for the peer's turn (4 opponent slots available). gen=37
[Info   : KayceePvP] Duel: TRACE_HANDLE_MESSAGE | self=PEER sender=HOST type=end_turn match=-781580248 battle=2 turn=7 seq=91 currentTurn=7 isPlayerTurn=False netTransitMsApprox=440,4
[Info   : KayceePvP] Duel: RECEIVED | match=-781580248 battle=2 turn=7 seq=91 sender=HOST type=end_turn queueBefore=0 queueAfter=1 currentTurn=7
[Info   : KayceePvP] NetworkOpponent: PROCESSING | gen=37 match=-781580248 battle=2 turn=7 seq=91 type=end_turn queueBefore=1 queueAfter=0 currentTurn=7 isPlayerTurn=False queueDwellMs=11,4
[Info   : KayceePvP] Duel (combat): COMBAT_PHASE_STARTED | self=PEER generation=8 playerIsAttacker=False
[Info   : KayceePvP] Duel (combat): COMBAT_PHASE_RESOLVED | self=PEER generation=8 playerIsAttacker=False
[Info   : KayceePvP] Duel (ability-trigger): GlobalTriggerHandler.TriggerCardsOnBoard(Trigger.TurnEnd) DISPATCHED | SELF=PEER playerTurnEndArg=False
[Info   : KayceePvP] Duel: LOCAL STATE HASH | match=-781580248 forSeq=91 basedOnActionFromHost=True hash=B87nJf1xriLUhL7g state=[HOST=[EMPTY;Alpha/1/1/[34];EMPTY;EMPTY] PEER=[EMPTY;EMPTY;Ijiraq/4/1/[21];EMPTY] BAL=-4 TURN=8 BATTLE=2 HW=1 PW=0]
[Info   : KayceePvP] Duel: TRACE_HANDLE_MESSAGE | self=PEER sender=HOST type=duel_state_hash match=-781580248 battle=2 turn=8 seq=92 currentTurn=8 isPlayerTurn=True netTransitMsApprox=438,1
[Info   : KayceePvP] Duel: RECEIVED PEER HASH | match=-781580248 sender=HOST forSeq=91 basedOnActionFromHost=True hash=r8EQFcSsz243lFhd
[Error  : KayceePvP] Duel: STATE HASH MISMATCH | match=-781580248 forSeq=91 basedOnActionFromHost=True localHash=B87nJf1xriLUhL7g peerHash=r8EQFcSsz243lFhd
[Error  : KayceePvP] Duel: local state dump (forSeq=91) | HOST=[EMPTY;Alpha/1/1/[34];EMPTY;EMPTY] PEER=[EMPTY;EMPTY;Ijiraq/4/1/[21];EMPTY] BAL=-4 TURN=8 BATTLE=2 HW=1 PW=0
[Warning:InscryptionAPI] More than 1 card are using the same CardInfo. This can cause unexpected problems with dynamic costs! Bloodhound
