[Message:   BepInEx] BepInEx 5.4.23.5 - Inscryption (16/06/2026 15:26:48)
[Info   :   BepInEx] Running under Unity v2019.4.24.6137584
[Info   :   BepInEx] CLR runtime version: 4.0.30319.17020
[Info   :   BepInEx] Supports SRE: False
[Info   :   BepInEx] System platform: Bits64, Windows
[Message:   BepInEx] Preloader started
[Info   :   BepInEx] Loaded 1 patcher method from [BepInEx.Preloader 5.4.23.5]
[Info   :   BepInEx] Loaded 1 patcher method from [BepInEx.MonoMod.Loader 1.0.0.0]
[Info   :   BepInEx] 2 patcher plugins loaded
[Info   :   BepInEx] Patching [UnityEngine.CoreModule] with [BepInEx.Chainloader]
[Info   :   MonoMod] Collecting target assemblies from mods
[Info   :   BepInEx] Patching [Assembly-CSharp] with [BepInEx.MonoMod.Loader.Patcher]
[Message:   MonoMod] [Main] Scanning for mods in directory.
[Message:   MonoMod] [ReadMod] Loading mod dir: C:\Users\Administrador\AppData\Roaming\Thunderstore Mod Manager\DataFolder\Inscryption\profiles\KayceePvP\BepInEx\monomod
[Message:   MonoMod] [ReadMod] Loading mod dir: C:\Users\Administrador\AppData\Roaming\Thunderstore Mod Manager\DataFolder\Inscryption\profiles\KayceePvP\BepInEx\monomod\API_dev-API
[Message:   MonoMod] [ReadMod] Loading mod: C:\Users\Administrador\AppData\Roaming\Thunderstore Mod Manager\DataFolder\Inscryption\profiles\KayceePvP\BepInEx\monomod\API_dev-API\Assembly-CSharp.APIPatcher.mm.dll
[Message:   MonoMod] [Main] Found 1 mods
[Message:   MonoMod] [Main] mm.PatchRefs(); fixup pre-pass
[Message:   MonoMod] [Main] mm.AutoPatch();
[Message:   MonoMod] [AutoPatch] Parsing rules in loaded mods
[Message:   MonoMod] [AutoPatch] PrePatch pass
[Message:   MonoMod] [AutoPatch] Patch pass
[Message:   MonoMod] [AutoPatch] PatchRefs pass
[Message:   MonoMod] [PostProcessor] PostProcessor pass #1
[Message:   MonoMod] [Main] Done.
[Message:   BepInEx] Preloader finished
[Message:   BepInEx] Chainloader ready
[Message:   BepInEx] Chainloader started
[Info   :   BepInEx] 4 plugins to load
[Info   :   BepInEx] Loading [InscryptionAPI 2.24.0]
[Info   :   BepInEx] Loading [InscryptionCommunityPatch 2.24.0]
[Info   :   BepInEx] Loading [KayceePvP 0.1.0]
[Info   : KayceePvP] PvpDialogueOverrides: initialized - 17 event override(s), 4 literal override(s).
[Info   : KayceePvP] SelfCheck: ownership matrix (HOST/PEER x local/remote card, 4/4 cases) passed.
[Info   : KayceePvP] SelfCheck: starter deck gate (multiplayer on/off, 2/2 cases) passed.
[Info   : KayceePvP] SelfCheck: TVFsStarterDecks allowlist (11/11 cases) passed.
[Info   : KayceePvP] SelfCheck: map-mode convergence (shared WaitForPeerDeckThenDuel entry point, no duplicate wait) passed.
[Info   : KayceePvP] SelfCheck: rematch protocol (8/8 cases) passed.
[Info   : KayceePvP] SelfCheck: PvP item allowlist (11/11 cases) passed.
[Info   : KayceePvP] KayceePvP 0.1.0 loaded.
[Info   :   BepInEx] Loading [TVFsStarterDecks 1.0.0]
[Info   :TVFsStarterDecks] Loaded TVFsStarterDecks!
[Message:   BepInEx] Chainloader startup complete
[Info   :   Console] Searching for compatible XInput library...
[Info   :   Console] Found Xinput1_4.dll.
[Info   : Unity Log] Test save file:
[Info   : Unity Log] DiskCardGame.StoryEventsData
[Debug  :InscryptionAPI] Inserted 4 dialogue event(s)!
[Info   : Unity Log] Test save file:
[Info   : Unity Log] DiskCardGame.StoryEventsData
[Info   : Unity Log] Received stats and achievements from Steam

[Debug  :InscryptionCommunityPatch] Ability [Reach] stacks [1] time(s)
[Debug  :InscryptionCommunityPatch] Ability [TriStrike] stacks [1] time(s)
[Debug  :InscryptionCommunityPatch] Ability [DrawAnt] stacks [1] time(s)
[Debug  :InscryptionCommunityPatch] Ability [Flying] stacks [1] time(s)
[Debug  :InscryptionCommunityPatch] Ability [DebuffEnemy] stacks [1] time(s)
[Debug  :InscryptionCommunityPatch] Ability [TripleBlood] stacks [1] time(s)
[Debug  :InscryptionCommunityPatch] Ability [StrafePush] stacks [1] time(s)
[Debug  :InscryptionCommunityPatch] Ability [WhackAMole] stacks [1] time(s)
[Debug  :InscryptionCommunityPatch] Ability [OpponentBones] stacks [1] time(s)
[Debug  :InscryptionCommunityPatch] Ability [BoneDigger] stacks [1] time(s)
[Debug  :InscryptionCommunityPatch] Ability [Evolve] stacks [1] time(s)
[Debug  :InscryptionCommunityPatch] Ability [Submerge] stacks [1] time(s)
[Debug  :InscryptionCommunityPatch] Ability [Evolve] stacks [1] time(s)
[Debug  :InscryptionCommunityPatch] Ability [HydraEgg] stacks [1] time(s)
[Debug  :InscryptionCommunityPatch] Ability [HydraEgg] stacks [1] time(s)
[Debug  :InscryptionCommunityPatch] Ability [HydraEgg] stacks [1] time(s)
[Debug  :InscryptionCommunityPatch] Ability [DrawCopyOnDeath] stacks [1] time(s)
[Debug  :InscryptionCommunityPatch] Ability [BuffNeighbours] stacks [1] time(s)
[Debug  :InscryptionCommunityPatch] Ability [Flying] stacks [1] time(s)
[Debug  :InscryptionCommunityPatch] Ability [DrawAnt] stacks [1] time(s)
[Debug  :InscryptionCommunityPatch] Ability [Flying] stacks [1] time(s)
[Debug  :InscryptionCommunityPatch] Ability [RandomConsumable] stacks [1] time(s)
[Debug  :InscryptionCommunityPatch] Ability [Morsel] stacks [1] time(s)
[Debug  :InscryptionCommunityPatch] Ability [TailOnHit] stacks [1] time(s)
[Debug  :InscryptionCommunityPatch] Ability [DrawAnt] stacks [1] time(s)
[Debug  :InscryptionCommunityPatch] Ability [Flying] stacks [1] time(s)
[Debug  :InscryptionCommunityPatch] Ability [RandomConsumable] stacks [1] time(s)
[Debug  :InscryptionCommunityPatch] Ability [Morsel] stacks [1] time(s)
[Debug  :InscryptionCommunityPatch] Ability [TailOnHit] stacks [1] time(s)
[Debug  :InscryptionCommunityPatch] Ability [RandomConsumable] stacks [1] time(s)
[Debug  :InscryptionCommunityPatch] Ability [Morsel] stacks [1] time(s)
[Debug  :InscryptionCommunityPatch] Ability [TailOnHit] stacks [1] time(s)
[Debug  :InscryptionCommunityPatch] Ability [DrawAnt] stacks [1] time(s)
[Debug  :InscryptionCommunityPatch] Ability [Flying] stacks [1] time(s)
[Debug  :InscryptionCommunityPatch] Ability [RandomConsumable] stacks [1] time(s)
[Debug  :InscryptionCommunityPatch] Ability [Morsel] stacks [1] time(s)
[Debug  :InscryptionCommunityPatch] Ability [TailOnHit] stacks [1] time(s)
[Debug  :InscryptionCommunityPatch] Ability [DrawAnt] stacks [1] time(s)
[Debug  :InscryptionCommunityPatch] Ability [Flying] stacks [1] time(s)
[Debug  :InscryptionCommunityPatch] Ability [DrawCopyOnDeath] stacks [1] time(s)
[Debug  :InscryptionCommunityPatch] Ability [BuffNeighbours] stacks [1] time(s)
[Debug  :InscryptionCommunityPatch] Ability [Flying] stacks [1] time(s)
[Warning: Unity Log] Parent of RectTransform is being set with parent property. Consider using the SetParent method instead, with the worldPositionStays argument set to false. This will retain local orientation and scale rather than world orientation and scale, which can prevent common UI scaling issues.
[Warning: Unity Log] Parent of RectTransform is being set with parent property. Consider using the SetParent method instead, with the worldPositionStays argument set to false. This will retain local orientation and scale rather than world orientation and scale, which can prevent common UI scaling issues.
[Info   : KayceePvP] New Ascension run requested - opening PvP lobby before it starts.
[Info   : KayceePvP] Relay: connecting to 'kayceepvp.duckdns.org':443...
[Info   : KayceePvP] Relay: TLS handshake complete.
[Info   : KayceePvP] Relay: paired with peer.
[Info   : KayceePvP] Lobby: run starting, shared map seed = 20260727, matchId = 1091957462, mapMode = Battles, names=[GUSTAVO]/[jao]
[Info   : KayceePvP] Lobby ready - starting PvP run with shared map seed 20260727, matchId 1091957462, mapMode Battles (host goes first: True).
[Info   :InscryptionAPI] Forest
[Info   :InscryptionAPI] Wetlands
[Info   :InscryptionAPI] Alpine
[Info   : KayceePvP] Card mutation: PackRat -> Rato Curioso (add=[Tutor] negate=[RandomConsumable+RandomAbility]).
[Info   : KayceePvP] Card mutation: Amoeba -> Ameba Alfa (add=[BuffNeighbours] negate=[RandomAbility]).
[Info   : KayceePvP] PvP: filtered 4 card occurrence(s) (Kraken/tentacle/Hydra) out of a card pool (57 -> 53).
[Info   : KayceePvP] RunSetup: granted starting totem heads for this run.
[Warning: Singleton] Got null in Singleton<DiskCardGame.TurnManager>.FindInstance
[Warning: Singleton] Got null in Singleton<DiskCardGame.TurnManager>.FindInstance
[Warning: Singleton] Got null in Singleton<DiskCardGame.TurnManager>.FindInstance
[Warning: Singleton] Got null in Singleton<DiskCardGame.TurnManager>.FindInstance
[Warning: Singleton] Got null in Singleton<DiskCardGame.TurnManager>.FindInstance
[Warning: Singleton] Got null in Singleton<DiskCardGame.TurnManager>.FindInstance
[Warning: Singleton] Got null in Singleton<DiskCardGame.TurnManager>.FindInstance
[Warning: Singleton] Got null in Singleton<DiskCardGame.TurnManager>.FindInstance
[Warning: Singleton] Got null in Singleton<DiskCardGame.TurnManager>.FindInstance
[Warning: Singleton] Got null in Singleton<DiskCardGame.TurnManager>.FindInstance
[Warning: Singleton] Got null in Singleton<DiskCardGame.TurnManager>.FindInstance
[Info   : Unity Log] Test save file:
[Info   : Unity Log] DiskCardGame.StoryEventsData
[Warning: Singleton] Got null in Singleton<DiskCardGame.TurnManager>.FindInstance
[Warning: Singleton] Got null in Singleton<DiskCardGame.TurnManager>.FindInstance
[Warning: Singleton] Got null in Singleton<DiskCardGame.TurnManager>.FindInstance
[Warning: Singleton] Got null in Singleton<DiskCardGame.TurnManager>.FindInstance
[Warning: Singleton] Got null in Singleton<DiskCardGame.TurnManager>.FindInstance
[Warning: Singleton] Got null in Singleton<DiskCardGame.TurnManager>.FindInstance
[Warning: Singleton] Got null in Singleton<DiskCardGame.TurnManager>.FindInstance
[Warning: Singleton] Got null in Singleton<DiskCardGame.TurnManager>.FindInstance
[Warning: Singleton] Got null in Singleton<DiskCardGame.TurnManager>.FindInstance
[Warning: Singleton] Got null in Singleton<DiskCardGame.TurnManager>.FindInstance
[Warning: Singleton] Got null in Singleton<DiskCardGame.TurnManager>.FindInstance
[Warning: Singleton] Got null in Singleton<DiskCardGame.TurnManager>.FindInstance
[Warning: Singleton] Got null in Singleton<DiskCardGame.TurnManager>.FindInstance
[Warning: Singleton] Got null in Singleton<DiskCardGame.TurnManager>.FindInstance
[Warning: Singleton] Got null in Singleton<DiskCardGame.TurnManager>.FindInstance
[Warning: Singleton] Got null in Singleton<DiskCardGame.TurnManager>.FindInstance
[Warning: Singleton] Got null in Singleton<DiskCardGame.TurnManager>.FindInstance
[Warning: Singleton] Got null in Singleton<DiskCardGame.TurnManager>.FindInstance
[Warning: Singleton] Got null in Singleton<DiskCardGame.TurnManager>.FindInstance
[Warning: Singleton] Got null in Singleton<DiskCardGame.TurnManager>.FindInstance
[Warning: Singleton] Got null in Singleton<DiskCardGame.TurnManager>.FindInstance
[Warning: Singleton] Got null in Singleton<DiskCardGame.TurnManager>.FindInstance
[Warning: Singleton] Got null in Singleton<DiskCardGame.TurnManager>.FindInstance
[Warning: Singleton] Got null in Singleton<DiskCardGame.TurnManager>.FindInstance
[Warning: Singleton] Got null in Singleton<DiskCardGame.TurnManager>.FindInstance
[Warning: Singleton] Got null in Singleton<DiskCardGame.TurnManager>.FindInstance
[Warning: Singleton] Got null in Singleton<DiskCardGame.TurnManager>.FindInstance
[Warning: Singleton] Got null in Singleton<DiskCardGame.TurnManager>.FindInstance
[Warning: Singleton] Got null in Singleton<DiskCardGame.TurnManager>.FindInstance
[Warning: Singleton] Got null in Singleton<DiskCardGame.TurnManager>.FindInstance
[Warning: Singleton] Got null in Singleton<DiskCardGame.TurnManager>.FindInstance
[Warning: Singleton] Got null in Singleton<DiskCardGame.TurnManager>.FindInstance
[Warning: Singleton] Got null in Singleton<DiskCardGame.TurnManager>.FindInstance
[Warning: Singleton] Got null in Singleton<DiskCardGame.TurnManager>.FindInstance
[Warning: Singleton] Got null in Singleton<DiskCardGame.TurnManager>.FindInstance
[Warning: Singleton] Got null in Singleton<DiskCardGame.TurnManager>.FindInstance
[Warning: Singleton] Got null in Singleton<DiskCardGame.TurnManager>.FindInstance
[Warning: Singleton] Got null in Singleton<DiskCardGame.TurnManager>.FindInstance
[Warning: Singleton] Got null in Singleton<DiskCardGame.TurnManager>.FindInstance
[Warning: Singleton] Got null in Singleton<DiskCardGame.TurnManager>.FindInstance
[Warning: Singleton] Got null in Singleton<DiskCardGame.TurnManager>.FindInstance
[Warning: Singleton] Got null in Singleton<DiskCardGame.TurnManager>.FindInstance
[Warning: Singleton] Got null in Singleton<DiskCardGame.TurnManager>.FindInstance
[Warning: Singleton] Got null in Singleton<DiskCardGame.TurnManager>.FindInstance
[Warning: Singleton] Got null in Singleton<DiskCardGame.TurnManager>.FindInstance
[Warning: Singleton] Got null in Singleton<DiskCardGame.TurnManager>.FindInstance
[Warning: Singleton] Got null in Singleton<DiskCardGame.TurnManager>.FindInstance
[Warning: Singleton] Got null in Singleton<DiskCardGame.TurnManager>.FindInstance
[Warning: Singleton] Got null in Singleton<DiskCardGame.TurnManager>.FindInstance
[Warning: Singleton] Got null in Singleton<DiskCardGame.TurnManager>.FindInstance
[Warning: Singleton] Got null in Singleton<DiskCardGame.TurnManager>.FindInstance
[Warning: Singleton] Got null in Singleton<DiskCardGame.TurnManager>.FindInstance
[Debug  :InscryptionCommunityPatch] Card pool has Energy cards? False. Card pool has Gem cards? False.
[Info   : KayceePvP] Duel (totem): RunState.Run.totems changed | SELF=PEER count=0 totemTops=5 totemBottoms=0 assembled=[]
[Warning: Singleton] Got null in Singleton<DiskCardGame.MapNodeManager>.FindInstance
[Warning: Singleton] Got null in Singleton<DiskCardGame.MapNodeManager>.FindInstance
[Info   : KayceePvP] PvP: filtered 3 card occurrence(s) (Kraken/tentacle/Hydra) out of a card pool (56 -> 53).
[Info   : KayceePvP] PvP: filtered 3 card occurrence(s) (Kraken/tentacle/Hydra) out of a card pool (56 -> 53).
[Info   : KayceePvP] PvP: filtered 3 card occurrence(s) (Kraken/tentacle/Hydra) out of a card pool (56 -> 53).
[Info   : KayceePvP] PvP: filtered 3 card occurrence(s) (Kraken/tentacle/Hydra) out of a card pool (56 -> 53).
[Info   : KayceePvP] Card mutation: Amoeba -> Ameba Alfa (add=[BuffNeighbours] negate=[RandomAbility]).
[Info   : KayceePvP] Card mutation: PackRat -> Rato Curioso (add=[Tutor] negate=[RandomConsumable+RandomAbility]).
[Info   : KayceePvP] PvP: filtered 3 card occurrence(s) (Kraken/tentacle/Hydra) out of a card pool (20 -> 17).
[Info   : KayceePvP] Card mutation: Amoeba -> Ameba Alfa (add=[BuffNeighbours] negate=[RandomAbility]).
[Info   : KayceePvP] Card mutation: PackRat -> Rato Curioso (add=[Tutor] negate=[RandomConsumable+RandomAbility]).
[Info   : KayceePvP] PvP: filtered 3 card occurrence(s) (Kraken/tentacle/Hydra) out of a card pool (20 -> 17).
[Info   : KayceePvP] PvP: filtered 4 card occurrence(s) (Kraken/tentacle/Hydra) out of a card pool (57 -> 53).
[Info   : KayceePvP] PvP: filtered 4 card occurrence(s) (Kraken/tentacle/Hydra) out of a card pool (57 -> 53).
[Info   : KayceePvP] PvP: filtered 4 card occurrence(s) (Kraken/tentacle/Hydra) out of a card pool (57 -> 53).
[Info   : KayceePvP] PvP: local player took the 'Refinamento' lane (fork gridX=0).
[Info   : KayceePvP] PvP: filtered 4 card occurrence(s) (Kraken/tentacle/Hydra) out of a card pool (57 -> 53).
[Info   : KayceePvP] PvP: filtered 4 card occurrence(s) (Kraken/tentacle/Hydra) out of a card pool (57 -> 53).
[Info   : KayceePvP] PvP: filtered 4 card occurrence(s) (Kraken/tentacle/Hydra) out of a card pool (57 -> 53).
[Info   : KayceePvP] PvP: filtered 4 card occurrence(s) (Kraken/tentacle/Hydra) out of a card pool (57 -> 53).
[Warning: Unity Log] DiskCardGame.CardInfo must be instantiated using the ScriptableObject.CreateInstance method instead of new CardInfo.
[Warning: Singleton] Got null in Singleton<DiskCardGame.ConduitCircuitManager>.FindInstance
[Warning: Unity Log] DiskCardGame.CardInfo must be instantiated using the ScriptableObject.CreateInstance method instead of new CardInfo.
[Info   : KayceePvP] PvP: Backspace pressed - skipping the current preparation battle phase.
[Info   : KayceePvP] PvP Battles: shared mid-route battle completed (win or lose) - granting the +10 teeth stipend once (currency now 10).
[Info   : KayceePvP] PvP: filtered 4 card occurrence(s) (Kraken/tentacle/Hydra) out of a card pool (57 -> 53).
[Warning: Unity Log] DiskCardGame.CardInfo must be instantiated using the ScriptableObject.CreateInstance method instead of new CardInfo.
[Info   : KayceePvP] Lobby: opponent finished their boss - received their deck (9 cards, route=Totem, risk=clean).
[Warning: Unity Log] DiskCardGame.CardInfo must be instantiated using the ScriptableObject.CreateInstance method instead of new CardInfo.
[Info   : KayceePvP] Card mutation: Amoeba -> Ameba Alfa (add=[BuffNeighbours] negate=[RandomAbility]).
[Info   : KayceePvP] Card mutation: PackRat -> Rato Curioso (add=[Tutor] negate=[RandomConsumable+RandomAbility]).
[Info   : KayceePvP] PvP: filtered 3 card occurrence(s) (Kraken/tentacle/Hydra) out of a card pool (19 -> 16).
[Info   : KayceePvP] Card mutation: Amoeba -> Ameba Alfa (add=[BuffNeighbours] negate=[RandomAbility]).
[Info   : KayceePvP] Card mutation: PackRat -> Rato Curioso (add=[Tutor] negate=[RandomConsumable+RandomAbility]).
[Info   : KayceePvP] PvP: filtered 3 card occurrence(s) (Kraken/tentacle/Hydra) out of a card pool (19 -> 16).
[Info   : KayceePvP] Card mutation: Amoeba -> Ameba Alfa (add=[BuffNeighbours] negate=[RandomAbility]).
[Info   : KayceePvP] Card mutation: PackRat -> Rato Curioso (add=[Tutor] negate=[RandomConsumable+RandomAbility]).
[Info   : KayceePvP] PvP: filtered 3 card occurrence(s) (Kraken/tentacle/Hydra) out of a card pool (19 -> 16).
[Info   : KayceePvP] Card mutation: Amoeba -> Ameba Alfa (add=[BuffNeighbours] negate=[RandomAbility]).
[Info   : KayceePvP] Card mutation: PackRat -> Rato Curioso (add=[Tutor] negate=[RandomConsumable+RandomAbility]).
[Info   : KayceePvP] PvP: filtered 3 card occurrence(s) (Kraken/tentacle/Hydra) out of a card pool (19 -> 16).
[Info   : KayceePvP] Card mutation: Amoeba -> Ameba Alfa (add=[BuffNeighbours] negate=[RandomAbility]).
[Info   : KayceePvP] Card mutation: PackRat -> Rato Curioso (add=[Tutor] negate=[RandomConsumable+RandomAbility]).
[Info   : KayceePvP] PvP: filtered 3 card occurrence(s) (Kraken/tentacle/Hydra) out of a card pool (19 -> 16).
[Info   : KayceePvP] Card mutation: Amoeba -> Ameba Alfa (add=[BuffNeighbours] negate=[RandomAbility]).
[Info   : KayceePvP] Card mutation: PackRat -> Rato Curioso (add=[Tutor] negate=[RandomConsumable+RandomAbility]).
[Info   : KayceePvP] PvP: filtered 3 card occurrence(s) (Kraken/tentacle/Hydra) out of a card pool (19 -> 16).
[Info   : KayceePvP] Card mutation: Amoeba -> Ameba Alfa (add=[BuffNeighbours] negate=[RandomAbility]).
[Info   : KayceePvP] Card mutation: PackRat -> Rato Curioso (add=[Tutor] negate=[RandomConsumable+RandomAbility]).
[Info   : KayceePvP] PvP: filtered 3 card occurrence(s) (Kraken/tentacle/Hydra) out of a card pool (19 -> 16).
[Info   : KayceePvP] Explicit Deathcard node reached - entering PvP card creation.
[Warning: Singleton] Got null in Singleton<DiskCardGame.GlobalTriggerHandler>.FindInstance
[Warning: Singleton] Got null in Singleton<DiskCardGame.PlayerHand>.FindInstance
[Warning: Singleton] Got null in Singleton<DiskCardGame.TurnManager>.FindInstance
[Warning: Singleton] Got null in Singleton<DiskCardGame.PlayerHand>.FindInstance
[Warning: Singleton] Got null in Singleton<DiskCardGame.TurnManager>.FindInstance
[Warning: Singleton] Got null in Singleton<DiskCardGame.TurnManager>.FindInstance
[Warning: Singleton] Got null in Singleton<DiskCardGame.TurnManager>.FindInstance
[Warning: Singleton] Got null in Singleton<DiskCardGame.TurnManager>.FindInstance
[Warning: Singleton] Got null in Singleton<DiskCardGame.TurnManager>.FindInstance
[Warning: Singleton] Got null in Singleton<DiskCardGame.TurnManager>.FindInstance
[Warning: Singleton] Got null in Singleton<DiskCardGame.TurnManager>.FindInstance
[Warning: Singleton] Got null in Singleton<DiskCardGame.TurnManager>.FindInstance
[Warning: Singleton] Got null in Singleton<DiskCardGame.TurnManager>.FindInstance
[Warning: Singleton] Got null in Singleton<DiskCardGame.TurnManager>.FindInstance
[Warning: Singleton] Got null in Singleton<DiskCardGame.TurnManager>.FindInstance
[Warning: Singleton] Got null in Singleton<DiskCardGame.TurnManager>.FindInstance
[Warning: Singleton] Got null in Singleton<DiskCardGame.TurnManager>.FindInstance
[Warning: Singleton] Got null in Singleton<DiskCardGame.TurnManager>.FindInstance
[Warning: Singleton] Got null in Singleton<DiskCardGame.TurnManager>.FindInstance
[Warning: Singleton] Got null in Singleton<DiskCardGame.TurnManager>.FindInstance
[Warning: Singleton] Got null in Singleton<DiskCardGame.TurnManager>.FindInstance
[Warning: Singleton] Got null in Singleton<DiskCardGame.TurnManager>.FindInstance
[Warning: Singleton] Got null in Singleton<DiskCardGame.TurnManager>.FindInstance
[Warning: Singleton] Got null in Singleton<DiskCardGame.TurnManager>.FindInstance
[Warning: Singleton] Got null in Singleton<DiskCardGame.TurnManager>.FindInstance
[Warning: Singleton] Got null in Singleton<DiskCardGame.TurnManager>.FindInstance
[Warning: Singleton] Got null in Singleton<DiskCardGame.TurnManager>.FindInstance
[Warning: Singleton] Got null in Singleton<DiskCardGame.TurnManager>.FindInstance
[Warning: Singleton] Got null in Singleton<DiskCardGame.TurnManager>.FindInstance
[Warning: Singleton] Got null in Singleton<DiskCardGame.TurnManager>.FindInstance
[Warning: Singleton] Got null in Singleton<DiskCardGame.TurnManager>.FindInstance
[Warning: Singleton] Got null in Singleton<DiskCardGame.TurnManager>.FindInstance
[Warning: Singleton] Got null in Singleton<DiskCardGame.TurnManager>.FindInstance
[Warning: Singleton] Got null in Singleton<DiskCardGame.TurnManager>.FindInstance
[Warning: Singleton] Got null in Singleton<DiskCardGame.TurnManager>.FindInstance
[Warning: Singleton] Got null in Singleton<DiskCardGame.TurnManager>.FindInstance
[Warning: Singleton] Got null in Singleton<DiskCardGame.TurnManager>.FindInstance
[Warning: Singleton] Got null in Singleton<DiskCardGame.TurnManager>.FindInstance
[Warning: Singleton] Got null in Singleton<DiskCardGame.TurnManager>.FindInstance
[Warning: Singleton] Got null in Singleton<DiskCardGame.TurnManager>.FindInstance
[Warning: Singleton] Got null in Singleton<DiskCardGame.TurnManager>.FindInstance
[Warning: Singleton] Got null in Singleton<DiskCardGame.TurnManager>.FindInstance
[Warning: Singleton] Got null in Singleton<DiskCardGame.TurnManager>.FindInstance
[Warning: Singleton] Got null in Singleton<DiskCardGame.TurnManager>.FindInstance
[Warning: Singleton] Got null in Singleton<DiskCardGame.TurnManager>.FindInstance
[Warning: Singleton] Got null in Singleton<DiskCardGame.TurnManager>.FindInstance
[Warning: Singleton] Got null in Singleton<DiskCardGame.TurnManager>.FindInstance
[Warning: Singleton] Got null in Singleton<DiskCardGame.TurnManager>.FindInstance
[Warning: Singleton] Got null in Singleton<DiskCardGame.TurnManager>.FindInstance
[Warning: Singleton] Got null in Singleton<DiskCardGame.TurnManager>.FindInstance
[Warning: Singleton] Got null in Singleton<DiskCardGame.TurnManager>.FindInstance
[Warning: Singleton] Got null in Singleton<DiskCardGame.TurnManager>.FindInstance
[Warning: Singleton] Got null in Singleton<DiskCardGame.TurnManager>.FindInstance
[Warning: Singleton] Got null in Singleton<DiskCardGame.TurnManager>.FindInstance
[Warning: Singleton] Got null in Singleton<DiskCardGame.TurnManager>.FindInstance
[Warning: Singleton] Got null in Singleton<DiskCardGame.TurnManager>.FindInstance
[Warning: Singleton] Got null in Singleton<DiskCardGame.TurnManager>.FindInstance
[Warning: Singleton] Got null in Singleton<DiskCardGame.TurnManager>.FindInstance
[Warning: Singleton] Got null in Singleton<DiskCardGame.TurnManager>.FindInstance
[Warning: Singleton] Got null in Singleton<DiskCardGame.TurnManager>.FindInstance
[Warning: Singleton] Got null in Singleton<DiskCardGame.TurnManager>.FindInstance
[Warning: Singleton] Got null in Singleton<DiskCardGame.TurnManager>.FindInstance
[Warning: Singleton] Got null in Singleton<DiskCardGame.TurnManager>.FindInstance
[Warning: Singleton] Got null in Singleton<DiskCardGame.TurnManager>.FindInstance
[Warning: Singleton] Got null in Singleton<DiskCardGame.TurnManager>.FindInstance
[Warning: Singleton] Got null in Singleton<DiskCardGame.TurnManager>.FindInstance
[Warning: Singleton] Got null in Singleton<DiskCardGame.TurnManager>.FindInstance
[Warning: Singleton] Got null in Singleton<DiskCardGame.TurnManager>.FindInstance
[Warning: Singleton] Got null in Singleton<DiskCardGame.TurnManager>.FindInstance
[Warning: Singleton] Got null in Singleton<DiskCardGame.TurnManager>.FindInstance
[Warning: Singleton] Got null in Singleton<DiskCardGame.TurnManager>.FindInstance
[Warning: Singleton] Got null in Singleton<DiskCardGame.TurnManager>.FindInstance
[Warning: Singleton] Got null in Singleton<DiskCardGame.TurnManager>.FindInstance
[Warning: Singleton] Got null in Singleton<DiskCardGame.TurnManager>.FindInstance
[Warning: Singleton] Got null in Singleton<DiskCardGame.TurnManager>.FindInstance
[Warning: Singleton] Got null in Singleton<DiskCardGame.TurnManager>.FindInstance
[Warning: Singleton] Got null in Singleton<DiskCardGame.TurnManager>.FindInstance
[Warning: Singleton] Got null in Singleton<DiskCardGame.TurnManager>.FindInstance
[Warning: Singleton] Got null in Singleton<DiskCardGame.TurnManager>.FindInstance
[Warning: Singleton] Got null in Singleton<DiskCardGame.TurnManager>.FindInstance
[Warning: Singleton] Got null in Singleton<DiskCardGame.TurnManager>.FindInstance
[Warning: Singleton] Got null in Singleton<DiskCardGame.TurnManager>.FindInstance
[Warning: Singleton] Got null in Singleton<DiskCardGame.TurnManager>.FindInstance
[Warning: Singleton] Got null in Singleton<DiskCardGame.TurnManager>.FindInstance
[Warning: Singleton] Got null in Singleton<DiskCardGame.TurnManager>.FindInstance
[Warning: Singleton] Got null in Singleton<DiskCardGame.TurnManager>.FindInstance
[Warning: Singleton] Got null in Singleton<DiskCardGame.TurnManager>.FindInstance
[Warning: Singleton] Got null in Singleton<DiskCardGame.TurnManager>.FindInstance
[Warning: Singleton] Got null in Singleton<DiskCardGame.TurnManager>.FindInstance
[Warning: Singleton] Got null in Singleton<DiskCardGame.TurnManager>.FindInstance
[Warning: Singleton] Got null in Singleton<DiskCardGame.TurnManager>.FindInstance
[Warning: Singleton] Got null in Singleton<DiskCardGame.TurnManager>.FindInstance
[Warning: Singleton] Got null in Singleton<DiskCardGame.TurnManager>.FindInstance
[Warning: Singleton] Got null in Singleton<DiskCardGame.TurnManager>.FindInstance
[Warning: Singleton] Got null in Singleton<DiskCardGame.TurnManager>.FindInstance
[Warning: Singleton] Got null in Singleton<DiskCardGame.TurnManager>.FindInstance
[Warning: Singleton] Got null in Singleton<DiskCardGame.TurnManager>.FindInstance
[Warning: Singleton] Got null in Singleton<DiskCardGame.TurnManager>.FindInstance
[Warning: Singleton] Got null in Singleton<DiskCardGame.TurnManager>.FindInstance
[Warning: Singleton] Got null in Singleton<DiskCardGame.TurnManager>.FindInstance
[Warning: Singleton] Got null in Singleton<DiskCardGame.TurnManager>.FindInstance
[Warning: Singleton] Got null in Singleton<DiskCardGame.TurnManager>.FindInstance
[Warning: Singleton] Got null in Singleton<DiskCardGame.TurnManager>.FindInstance
[Warning: Singleton] Got null in Singleton<DiskCardGame.TurnManager>.FindInstance
[Warning: Singleton] Got null in Singleton<DiskCardGame.TurnManager>.FindInstance
[Warning: Singleton] Got null in Singleton<DiskCardGame.TurnManager>.FindInstance
[Warning: Singleton] Got null in Singleton<DiskCardGame.TurnManager>.FindInstance
[Warning: Singleton] Got null in Singleton<DiskCardGame.TurnManager>.FindInstance
[Warning: Singleton] Got null in Singleton<DiskCardGame.TurnManager>.FindInstance
[Warning: Singleton] Got null in Singleton<DiskCardGame.TurnManager>.FindInstance
[Warning: Singleton] Got null in Singleton<DiskCardGame.TurnManager>.FindInstance
[Warning: Singleton] Got null in Singleton<DiskCardGame.TurnManager>.FindInstance
[Warning: Singleton] Got null in Singleton<DiskCardGame.TurnManager>.FindInstance
[Warning: Singleton] Got null in Singleton<DiskCardGame.TurnManager>.FindInstance
[Warning: Singleton] Got null in Singleton<DiskCardGame.TurnManager>.FindInstance
[Warning: Singleton] Got null in Singleton<DiskCardGame.TurnManager>.FindInstance
[Warning: Singleton] Got null in Singleton<DiskCardGame.TurnManager>.FindInstance
[Warning: Singleton] Got null in Singleton<DiskCardGame.TurnManager>.FindInstance
[Warning: Singleton] Got null in Singleton<DiskCardGame.TurnManager>.FindInstance
[Warning: Singleton] Got null in Singleton<DiskCardGame.TurnManager>.FindInstance
[Warning: Singleton] Got null in Singleton<DiskCardGame.TurnManager>.FindInstance
[Warning: Singleton] Got null in Singleton<DiskCardGame.TurnManager>.FindInstance
[Warning: Singleton] Got null in Singleton<DiskCardGame.TurnManager>.FindInstance
[Warning: Singleton] Got null in Singleton<DiskCardGame.TurnManager>.FindInstance
[Warning: Singleton] Got null in Singleton<DiskCardGame.TurnManager>.FindInstance
[Warning: Singleton] Got null in Singleton<DiskCardGame.TurnManager>.FindInstance
[Warning: Singleton] Got null in Singleton<DiskCardGame.TurnManager>.FindInstance
[Warning: Singleton] Got null in Singleton<DiskCardGame.TurnManager>.FindInstance
[Warning: Singleton] Got null in Singleton<DiskCardGame.TurnManager>.FindInstance
[Warning: Singleton] Got null in Singleton<DiskCardGame.TurnManager>.FindInstance
[Warning: Singleton] Got null in Singleton<DiskCardGame.TurnManager>.FindInstance
[Warning: Singleton] Got null in Singleton<DiskCardGame.TurnManager>.FindInstance
[Warning: Singleton] Got null in Singleton<DiskCardGame.TurnManager>.FindInstance
[Warning: Singleton] Got null in Singleton<DiskCardGame.TurnManager>.FindInstance
[Warning: Singleton] Got null in Singleton<DiskCardGame.TurnManager>.FindInstance
[Warning: Singleton] Got null in Singleton<DiskCardGame.TurnManager>.FindInstance
[Warning: Singleton] Got null in Singleton<DiskCardGame.TurnManager>.FindInstance
[Warning: Singleton] Got null in Singleton<DiskCardGame.TurnManager>.FindInstance
[Warning: Singleton] Got null in Singleton<DiskCardGame.TurnManager>.FindInstance
[Warning: Singleton] Got null in Singleton<DiskCardGame.TurnManager>.FindInstance
[Warning: Singleton] Got null in Singleton<DiskCardGame.TurnManager>.FindInstance
[Warning: Singleton] Got null in Singleton<DiskCardGame.TurnManager>.FindInstance
[Warning: Singleton] Got null in Singleton<DiskCardGame.TurnManager>.FindInstance
[Warning: Singleton] Got null in Singleton<DiskCardGame.TurnManager>.FindInstance
[Warning: Singleton] Got null in Singleton<DiskCardGame.TurnManager>.FindInstance
[Warning: Singleton] Got null in Singleton<DiskCardGame.TurnManager>.FindInstance
[Warning: Singleton] Got null in Singleton<DiskCardGame.TurnManager>.FindInstance
[Warning: Singleton] Got null in Singleton<DiskCardGame.TurnManager>.FindInstance
[Warning: Singleton] Got null in Singleton<DiskCardGame.TurnManager>.FindInstance
[Warning: Singleton] Got null in Singleton<DiskCardGame.TurnManager>.FindInstance
[Warning: Singleton] Got null in Singleton<DiskCardGame.TurnManager>.FindInstance
[Warning: Singleton] Got null in Singleton<DiskCardGame.TurnManager>.FindInstance
[Warning: Singleton] Got null in Singleton<DiskCardGame.TurnManager>.FindInstance
[Warning: Singleton] Got null in Singleton<DiskCardGame.TurnManager>.FindInstance
[Warning: Singleton] Got null in Singleton<DiskCardGame.TurnManager>.FindInstance
[Warning: Singleton] Got null in Singleton<DiskCardGame.TurnManager>.FindInstance
[Warning: Singleton] Got null in Singleton<DiskCardGame.TurnManager>.FindInstance
[Warning: Singleton] Got null in Singleton<DiskCardGame.TurnManager>.FindInstance
[Warning: Singleton] Got null in Singleton<DiskCardGame.TurnManager>.FindInstance
[Warning: Singleton] Got null in Singleton<DiskCardGame.TurnManager>.FindInstance
[Warning: Singleton] Got null in Singleton<DiskCardGame.TurnManager>.FindInstance
[Warning: Singleton] Got null in Singleton<DiskCardGame.TurnManager>.FindInstance
[Warning: Singleton] Got null in Singleton<DiskCardGame.TurnManager>.FindInstance
[Warning: Singleton] Got null in Singleton<DiskCardGame.TurnManager>.FindInstance
[Warning: Singleton] Got null in Singleton<DiskCardGame.TurnManager>.FindInstance
[Warning: Singleton] Got null in Singleton<DiskCardGame.TurnManager>.FindInstance
[Warning: Singleton] Got null in Singleton<DiskCardGame.TurnManager>.FindInstance
[Warning: Singleton] Got null in Singleton<DiskCardGame.TurnManager>.FindInstance
[Warning: Singleton] Got null in Singleton<DiskCardGame.TurnManager>.FindInstance
[Warning: Singleton] Got null in Singleton<DiskCardGame.TurnManager>.FindInstance
[Warning: Singleton] Got null in Singleton<DiskCardGame.TurnManager>.FindInstance
[Warning: Singleton] Got null in Singleton<DiskCardGame.TurnManager>.FindInstance
[Warning: Singleton] Got null in Singleton<DiskCardGame.TurnManager>.FindInstance
[Warning: Singleton] Got null in Singleton<DiskCardGame.TurnManager>.FindInstance
[Warning: Singleton] Got null in Singleton<DiskCardGame.TurnManager>.FindInstance
[Warning: Singleton] Got null in Singleton<DiskCardGame.TurnManager>.FindInstance
[Warning: Singleton] Got null in Singleton<DiskCardGame.TurnManager>.FindInstance
[Warning: Singleton] Got null in Singleton<DiskCardGame.TurnManager>.FindInstance
[Warning: Singleton] Got null in Singleton<DiskCardGame.TurnManager>.FindInstance
[Warning: Singleton] Got null in Singleton<DiskCardGame.TurnManager>.FindInstance
[Warning: Singleton] Got null in Singleton<DiskCardGame.TurnManager>.FindInstance
[Warning: Singleton] Got null in Singleton<DiskCardGame.TurnManager>.FindInstance
[Warning: Singleton] Got null in Singleton<DiskCardGame.TurnManager>.FindInstance
[Warning: Singleton] Got null in Singleton<DiskCardGame.TurnManager>.FindInstance
[Warning: Singleton] Got null in Singleton<DiskCardGame.TurnManager>.FindInstance
[Warning: Singleton] Got null in Singleton<DiskCardGame.TurnManager>.FindInstance
[Warning: Singleton] Got null in Singleton<DiskCardGame.TurnManager>.FindInstance
[Warning: Singleton] Got null in Singleton<DiskCardGame.TurnManager>.FindInstance
[Warning: Singleton] Got null in Singleton<DiskCardGame.TurnManager>.FindInstance
[Warning: Singleton] Got null in Singleton<DiskCardGame.TurnManager>.FindInstance
[Warning: Singleton] Got null in Singleton<DiskCardGame.TurnManager>.FindInstance
[Warning: Singleton] Got null in Singleton<DiskCardGame.TurnManager>.FindInstance
[Warning: Singleton] Got null in Singleton<DiskCardGame.TurnManager>.FindInstance
[Warning: Singleton] Got null in Singleton<DiskCardGame.TurnManager>.FindInstance
[Warning: Singleton] Got null in Singleton<DiskCardGame.TurnManager>.FindInstance
[Warning: Singleton] Got null in Singleton<DiskCardGame.TurnManager>.FindInstance
[Warning: Singleton] Got null in Singleton<DiskCardGame.TurnManager>.FindInstance
[Warning: Singleton] Got null in Singleton<DiskCardGame.TurnManager>.FindInstance
[Warning: Singleton] Got null in Singleton<DiskCardGame.TurnManager>.FindInstance
[Warning: Singleton] Got null in Singleton<DiskCardGame.TurnManager>.FindInstance
[Warning: Singleton] Got null in Singleton<DiskCardGame.TurnManager>.FindInstance
[Warning: Singleton] Got null in Singleton<DiskCardGame.TurnManager>.FindInstance
[Warning: Singleton] Got null in Singleton<DiskCardGame.TurnManager>.FindInstance
[Warning: Singleton] Got null in Singleton<DiskCardGame.TurnManager>.FindInstance
[Warning: Singleton] Got null in Singleton<DiskCardGame.TurnManager>.FindInstance
[Warning: Singleton] Got null in Singleton<DiskCardGame.TurnManager>.FindInstance
[Warning: Singleton] Got null in Singleton<DiskCardGame.TurnManager>.FindInstance
[Warning: Singleton] Got null in Singleton<DiskCardGame.TurnManager>.FindInstance
[Warning: Singleton] Got null in Singleton<DiskCardGame.TurnManager>.FindInstance
[Warning: Singleton] Got null in Singleton<DiskCardGame.TurnManager>.FindInstance
[Warning: Singleton] Got null in Singleton<DiskCardGame.TurnManager>.FindInstance
[Warning: Singleton] Got null in Singleton<DiskCardGame.TurnManager>.FindInstance
[Warning: Singleton] Got null in Singleton<DiskCardGame.PlayerHand>.FindInstance
[Warning: Singleton] Got null in Singleton<DiskCardGame.TurnManager>.FindInstance
[Warning: Singleton] Got null in Singleton<DiskCardGame.TurnManager>.FindInstance
[Warning: Singleton] Got null in Singleton<DiskCardGame.TurnManager>.FindInstance
[Warning: Singleton] Got null in Singleton<DiskCardGame.TurnManager>.FindInstance
[Warning: Singleton] Got null in Singleton<DiskCardGame.TurnManager>.FindInstance
[Warning: Singleton] Got null in Singleton<DiskCardGame.TurnManager>.FindInstance
[Warning: Singleton] Got null in Singleton<DiskCardGame.TurnManager>.FindInstance
[Warning: Singleton] Got null in Singleton<DiskCardGame.TurnManager>.FindInstance
[Warning: Singleton] Got null in Singleton<DiskCardGame.TurnManager>.FindInstance
[Warning: Singleton] Got null in Singleton<DiskCardGame.TurnManager>.FindInstance
[Warning: Singleton] Got null in Singleton<DiskCardGame.TurnManager>.FindInstance
[Warning: Singleton] Got null in Singleton<DiskCardGame.TurnManager>.FindInstance
[Warning: Singleton] Got null in Singleton<DiskCardGame.TurnManager>.FindInstance
[Warning: Singleton] Got null in Singleton<DiskCardGame.TurnManager>.FindInstance
[Warning: Singleton] Got null in Singleton<DiskCardGame.TurnManager>.FindInstance
[Warning: Singleton] Got null in Singleton<DiskCardGame.TurnManager>.FindInstance
[Warning: Singleton] Got null in Singleton<DiskCardGame.TurnManager>.FindInstance
[Warning: Singleton] Got null in Singleton<DiskCardGame.TurnManager>.FindInstance
[Warning: Singleton] Got null in Singleton<DiskCardGame.TurnManager>.FindInstance
[Warning: Singleton] Got null in Singleton<DiskCardGame.TurnManager>.FindInstance
[Warning: Singleton] Got null in Singleton<DiskCardGame.TurnManager>.FindInstance
[Warning: Singleton] Got null in Singleton<DiskCardGame.TurnManager>.FindInstance
[Warning: Singleton] Got null in Singleton<DiskCardGame.TurnManager>.FindInstance
[Warning: Singleton] Got null in Singleton<DiskCardGame.TurnManager>.FindInstance
[Warning: Singleton] Got null in Singleton<DiskCardGame.TurnManager>.FindInstance
[Warning: Singleton] Got null in Singleton<DiskCardGame.TurnManager>.FindInstance
[Warning: Singleton] Got null in Singleton<DiskCardGame.TurnManager>.FindInstance
[Warning: Singleton] Got null in Singleton<DiskCardGame.TurnManager>.FindInstance
[Warning: Singleton] Got null in Singleton<DiskCardGame.TurnManager>.FindInstance
[Warning: Singleton] Got null in Singleton<DiskCardGame.TurnManager>.FindInstance
[Warning: Singleton] Got null in Singleton<DiskCardGame.TurnManager>.FindInstance
[Warning: Singleton] Got null in Singleton<DiskCardGame.TurnManager>.FindInstance
[Warning: Singleton] Got null in Singleton<DiskCardGame.TurnManager>.FindInstance
[Warning: Singleton] Got null in Singleton<DiskCardGame.TurnManager>.FindInstance
[Warning: Singleton] Got null in Singleton<DiskCardGame.TurnManager>.FindInstance
[Warning: Singleton] Got null in Singleton<DiskCardGame.TurnManager>.FindInstance
[Warning: Singleton] Got null in Singleton<DiskCardGame.TurnManager>.FindInstance
[Warning: Singleton] Got null in Singleton<DiskCardGame.TurnManager>.FindInstance
[Warning: Singleton] Got null in Singleton<DiskCardGame.TurnManager>.FindInstance
[Warning: Singleton] Got null in Singleton<DiskCardGame.TurnManager>.FindInstance
[Warning: Singleton] Got null in Singleton<DiskCardGame.TurnManager>.FindInstance
[Warning: Singleton] Got null in Singleton<DiskCardGame.TurnManager>.FindInstance
[Warning: Singleton] Got null in Singleton<DiskCardGame.TurnManager>.FindInstance
[Warning: Singleton] Got null in Singleton<DiskCardGame.TurnManager>.FindInstance
[Warning: Singleton] Got null in Singleton<DiskCardGame.TurnManager>.FindInstance
[Warning: Singleton] Got null in Singleton<DiskCardGame.TurnManager>.FindInstance
[Warning: Singleton] Got null in Singleton<DiskCardGame.TurnManager>.FindInstance
[Warning: Singleton] Got null in Singleton<DiskCardGame.TurnManager>.FindInstance
[Warning: Singleton] Got null in Singleton<DiskCardGame.TurnManager>.FindInstance
[Warning: Singleton] Got null in Singleton<DiskCardGame.TurnManager>.FindInstance
[Warning: Singleton] Got null in Singleton<DiskCardGame.TurnManager>.FindInstance
[Warning: Singleton] Got null in Singleton<DiskCardGame.TurnManager>.FindInstance
[Warning: Singleton] Got null in Singleton<DiskCardGame.TurnManager>.FindInstance
[Warning: Singleton] Got null in Singleton<DiskCardGame.TurnManager>.FindInstance
[Warning: Singleton] Got null in Singleton<DiskCardGame.TurnManager>.FindInstance
[Warning: Singleton] Got null in Singleton<DiskCardGame.TurnManager>.FindInstance
[Warning: Singleton] Got null in Singleton<DiskCardGame.TurnManager>.FindInstance
[Warning: Singleton] Got null in Singleton<DiskCardGame.TurnManager>.FindInstance
[Warning: Singleton] Got null in Singleton<DiskCardGame.TurnManager>.FindInstance
[Warning: Singleton] Got null in Singleton<DiskCardGame.TurnManager>.FindInstance
[Warning: Singleton] Got null in Singleton<DiskCardGame.TurnManager>.FindInstance
[Warning: Singleton] Got null in Singleton<DiskCardGame.TurnManager>.FindInstance
[Warning: Singleton] Got null in Singleton<DiskCardGame.TurnManager>.FindInstance
[Warning: Singleton] Got null in Singleton<DiskCardGame.TurnManager>.FindInstance
[Warning: Singleton] Got null in Singleton<DiskCardGame.TurnManager>.FindInstance
[Warning: Singleton] Got null in Singleton<DiskCardGame.TurnManager>.FindInstance
[Warning: Singleton] Got null in Singleton<DiskCardGame.TurnManager>.FindInstance
[Warning: Singleton] Got null in Singleton<DiskCardGame.TurnManager>.FindInstance
[Warning: Singleton] Got null in Singleton<DiskCardGame.TurnManager>.FindInstance
[Warning: Singleton] Got null in Singleton<DiskCardGame.TurnManager>.FindInstance
[Warning: Singleton] Got null in Singleton<DiskCardGame.TurnManager>.FindInstance
[Warning: Singleton] Got null in Singleton<DiskCardGame.TurnManager>.FindInstance
[Warning: Singleton] Got null in Singleton<DiskCardGame.TurnManager>.FindInstance
[Warning: Singleton] Got null in Singleton<DiskCardGame.TurnManager>.FindInstance
[Warning: Singleton] Got null in Singleton<DiskCardGame.TurnManager>.FindInstance
[Warning: Singleton] Got null in Singleton<DiskCardGame.TurnManager>.FindInstance
[Warning: Singleton] Got null in Singleton<DiskCardGame.TurnManager>.FindInstance
[Warning: Singleton] Got null in Singleton<DiskCardGame.TurnManager>.FindInstance
[Warning: Singleton] Got null in Singleton<DiskCardGame.TurnManager>.FindInstance
[Warning: Singleton] Got null in Singleton<DiskCardGame.TurnManager>.FindInstance
[Warning: Singleton] Got null in Singleton<DiskCardGame.TurnManager>.FindInstance
[Warning: Singleton] Got null in Singleton<DiskCardGame.TurnManager>.FindInstance
[Warning: Singleton] Got null in Singleton<DiskCardGame.TurnManager>.FindInstance
[Warning: Singleton] Got null in Singleton<DiskCardGame.TurnManager>.FindInstance
[Warning: Singleton] Got null in Singleton<DiskCardGame.TurnManager>.FindInstance
[Warning: Singleton] Got null in Singleton<DiskCardGame.TurnManager>.FindInstance
[Warning: Singleton] Got null in Singleton<DiskCardGame.TurnManager>.FindInstance
[Warning: Singleton] Got null in Singleton<DiskCardGame.TurnManager>.FindInstance
[Warning: Singleton] Got null in Singleton<DiskCardGame.TurnManager>.FindInstance
[Warning: Singleton] Got null in Singleton<DiskCardGame.TurnManager>.FindInstance
[Warning: Singleton] Got null in Singleton<DiskCardGame.TurnManager>.FindInstance
[Warning: Singleton] Got null in Singleton<DiskCardGame.TurnManager>.FindInstance
[Warning: Singleton] Got null in Singleton<DiskCardGame.TurnManager>.FindInstance
[Warning: Singleton] Got null in Singleton<DiskCardGame.TurnManager>.FindInstance
[Warning: Singleton] Got null in Singleton<DiskCardGame.TurnManager>.FindInstance
[Warning: Singleton] Got null in Singleton<DiskCardGame.TurnManager>.FindInstance
[Info   : KayceePvP] ResearchDump: wrote C:\Users\Administrador\Desktop\research_dump_20260824_121148.json
[Warning: Singleton] Got null in Singleton<DiskCardGame.TurnManager>.FindInstance
[Warning: Singleton] Got null in Singleton<DiskCardGame.TurnManager>.FindInstance
[Warning: Singleton] Got null in Singleton<DiskCardGame.TurnManager>.FindInstance
[Warning: Singleton] Got null in Singleton<DiskCardGame.TurnManager>.FindInstance
[Warning: Singleton] Got null in Singleton<DiskCardGame.TurnManager>.FindInstance
[Warning: Singleton] Got null in Singleton<DiskCardGame.TurnManager>.FindInstance
[Warning: Singleton] Got null in Singleton<DiskCardGame.TurnManager>.FindInstance
[Warning: Singleton] Got null in Singleton<DiskCardGame.TurnManager>.FindInstance
[Warning: Singleton] Got null in Singleton<DiskCardGame.TurnManager>.FindInstance
[Warning: Singleton] Got null in Singleton<DiskCardGame.TurnManager>.FindInstance
[Warning: Singleton] Got null in Singleton<DiskCardGame.TurnManager>.FindInstance
[Warning: Singleton] Got null in Singleton<DiskCardGame.TurnManager>.FindInstance
[Warning: Singleton] Got null in Singleton<DiskCardGame.TurnManager>.FindInstance
[Warning: Singleton] Got null in Singleton<DiskCardGame.TurnManager>.FindInstance
[Warning: Singleton] Got null in Singleton<DiskCardGame.TurnManager>.FindInstance
[Warning: Singleton] Got null in Singleton<DiskCardGame.TurnManager>.FindInstance
[Warning: Singleton] Got null in Singleton<DiskCardGame.TurnManager>.FindInstance
[Warning: Singleton] Got null in Singleton<DiskCardGame.TurnManager>.FindInstance
[Warning: Singleton] Got null in Singleton<DiskCardGame.TurnManager>.FindInstance
[Warning: Singleton] Got null in Singleton<DiskCardGame.TurnManager>.FindInstance
[Warning: Singleton] Got null in Singleton<DiskCardGame.TurnManager>.FindInstance
[Warning: Singleton] Got null in Singleton<DiskCardGame.TurnManager>.FindInstance
[Warning: Singleton] Got null in Singleton<DiskCardGame.TurnManager>.FindInstance
[Warning: Singleton] Got null in Singleton<DiskCardGame.TurnManager>.FindInstance
[Warning: Singleton] Got null in Singleton<DiskCardGame.TurnManager>.FindInstance
[Warning: Singleton] Got null in Singleton<DiskCardGame.TurnManager>.FindInstance
[Warning: Singleton] Got null in Singleton<DiskCardGame.TurnManager>.FindInstance
[Warning: Singleton] Got null in Singleton<DiskCardGame.TurnManager>.FindInstance
[Warning: Singleton] Got null in Singleton<DiskCardGame.PlayerHand>.FindInstance
[Warning: Singleton] Got null in Singleton<DiskCardGame.TurnManager>.FindInstance
[Warning: Singleton] Got null in Singleton<DiskCardGame.TurnManager>.FindInstance
[Warning: Singleton] Got null in Singleton<DiskCardGame.TurnManager>.FindInstance
[Warning: Singleton] Got null in Singleton<DiskCardGame.TurnManager>.FindInstance
[Warning: Singleton] Got null in Singleton<DiskCardGame.TurnManager>.FindInstance
[Warning: Singleton] Got null in Singleton<DiskCardGame.TurnManager>.FindInstance
[Warning: Singleton] Got null in Singleton<DiskCardGame.TurnManager>.FindInstance
[Warning: Singleton] Got null in Singleton<DiskCardGame.TurnManager>.FindInstance
[Warning: Singleton] Got null in Singleton<DiskCardGame.TurnManager>.FindInstance
[Warning: Singleton] Got null in Singleton<DiskCardGame.TurnManager>.FindInstance
[Warning: Singleton] Got null in Singleton<DiskCardGame.TurnManager>.FindInstance
[Warning: Singleton] Got null in Singleton<DiskCardGame.TurnManager>.FindInstance
[Warning: Singleton] Got null in Singleton<DiskCardGame.TurnManager>.FindInstance
[Warning: Singleton] Got null in Singleton<DiskCardGame.TurnManager>.FindInstance
[Warning: Singleton] Got null in Singleton<DiskCardGame.TurnManager>.FindInstance
[Warning: Singleton] Got null in Singleton<DiskCardGame.TurnManager>.FindInstance
[Warning: Singleton] Got null in Singleton<DiskCardGame.TurnManager>.FindInstance
[Warning: Singleton] Got null in Singleton<DiskCardGame.TurnManager>.FindInstance
[Warning: Singleton] Got null in Singleton<DiskCardGame.TurnManager>.FindInstance
[Warning: Singleton] Got null in Singleton<DiskCardGame.TurnManager>.FindInstance
[Warning: Singleton] Got null in Singleton<DiskCardGame.TurnManager>.FindInstance
[Warning: Singleton] Got null in Singleton<DiskCardGame.TurnManager>.FindInstance
[Warning: Singleton] Got null in Singleton<DiskCardGame.TurnManager>.FindInstance
[Warning: Singleton] Got null in Singleton<DiskCardGame.TurnManager>.FindInstance
[Warning: Singleton] Got null in Singleton<DiskCardGame.TurnManager>.FindInstance
[Warning: Singleton] Got null in Singleton<DiskCardGame.TurnManager>.FindInstance
[Warning: Singleton] Got null in Singleton<DiskCardGame.TurnManager>.FindInstance
[Warning: Singleton] Got null in Singleton<DiskCardGame.TurnManager>.FindInstance
[Warning: Singleton] Got null in Singleton<DiskCardGame.TurnManager>.FindInstance
[Warning: Singleton] Got null in Singleton<DiskCardGame.TurnManager>.FindInstance
[Warning: Singleton] Got null in Singleton<DiskCardGame.TurnManager>.FindInstance
[Warning: Singleton] Got null in Singleton<DiskCardGame.TurnManager>.FindInstance
[Warning: Singleton] Got null in Singleton<DiskCardGame.TurnManager>.FindInstance
[Warning: Singleton] Got null in Singleton<DiskCardGame.TurnManager>.FindInstance
[Warning: Singleton] Got null in Singleton<DiskCardGame.TurnManager>.FindInstance
[Warning: Singleton] Got null in Singleton<DiskCardGame.TurnManager>.FindInstance
[Warning: Singleton] Got null in Singleton<DiskCardGame.TurnManager>.FindInstance
[Warning: Singleton] Got null in Singleton<DiskCardGame.TurnManager>.FindInstance
[Warning: Singleton] Got null in Singleton<DiskCardGame.TurnManager>.FindInstance
[Warning: Singleton] Got null in Singleton<DiskCardGame.TurnManager>.FindInstance
[Warning: Singleton] Got null in Singleton<DiskCardGame.TurnManager>.FindInstance
[Warning: Singleton] Got null in Singleton<DiskCardGame.TurnManager>.FindInstance
[Warning: Singleton] Got null in Singleton<DiskCardGame.TurnManager>.FindInstance
[Warning: Singleton] Got null in Singleton<DiskCardGame.TurnManager>.FindInstance
[Warning: Singleton] Got null in Singleton<DiskCardGame.TurnManager>.FindInstance
[Warning: Singleton] Got null in Singleton<DiskCardGame.TurnManager>.FindInstance
[Warning: Singleton] Got null in Singleton<DiskCardGame.TurnManager>.FindInstance
[Warning: Singleton] Got null in Singleton<DiskCardGame.TurnManager>.FindInstance
[Warning: Singleton] Got null in Singleton<DiskCardGame.TurnManager>.FindInstance
[Warning: Singleton] Got null in Singleton<DiskCardGame.TurnManager>.FindInstance
[Warning: Singleton] Got null in Singleton<DiskCardGame.TurnManager>.FindInstance
[Warning: Singleton] Got null in Singleton<DiskCardGame.TurnManager>.FindInstance
[Warning: Singleton] Got null in Singleton<DiskCardGame.PlayerHand>.FindInstance
[Warning: Singleton] Got null in Singleton<DiskCardGame.TurnManager>.FindInstance
[Warning: Singleton] Got null in Singleton<DiskCardGame.TurnManager>.FindInstance
[Warning: Singleton] Got null in Singleton<DiskCardGame.TurnManager>.FindInstance
[Warning: Singleton] Got null in Singleton<DiskCardGame.TurnManager>.FindInstance
[Warning: Singleton] Got null in Singleton<DiskCardGame.TurnManager>.FindInstance
[Warning: Singleton] Got null in Singleton<DiskCardGame.TurnManager>.FindInstance
[Warning: Singleton] Got null in Singleton<DiskCardGame.TurnManager>.FindInstance
[Warning: Singleton] Got null in Singleton<DiskCardGame.TurnManager>.FindInstance
[Warning: Singleton] Got null in Singleton<DiskCardGame.TurnManager>.FindInstance
[Warning: Singleton] Got null in Singleton<DiskCardGame.TurnManager>.FindInstance
[Warning: Singleton] Got null in Singleton<DiskCardGame.TurnManager>.FindInstance
[Warning: Singleton] Got null in Singleton<DiskCardGame.TurnManager>.FindInstance
[Warning: Singleton] Got null in Singleton<DiskCardGame.TurnManager>.FindInstance
[Warning: Singleton] Got null in Singleton<DiskCardGame.TurnManager>.FindInstance
[Warning: Singleton] Got null in Singleton<DiskCardGame.TurnManager>.FindInstance
[Warning: Singleton] Got null in Singleton<DiskCardGame.TurnManager>.FindInstance
[Warning: Singleton] Got null in Singleton<DiskCardGame.TurnManager>.FindInstance
[Warning: Singleton] Got null in Singleton<DiskCardGame.TurnManager>.FindInstance
[Warning: Singleton] Got null in Singleton<DiskCardGame.TurnManager>.FindInstance
[Warning: Singleton] Got null in Singleton<DiskCardGame.TurnManager>.FindInstance
[Warning: Singleton] Got null in Singleton<DiskCardGame.TurnManager>.FindInstance
[Warning: Singleton] Got null in Singleton<DiskCardGame.TurnManager>.FindInstance
[Warning: Singleton] Got null in Singleton<DiskCardGame.TurnManager>.FindInstance
[Warning: Singleton] Got null in Singleton<DiskCardGame.TurnManager>.FindInstance
[Warning: Singleton] Got null in Singleton<DiskCardGame.TurnManager>.FindInstance
[Warning: Singleton] Got null in Singleton<DiskCardGame.TurnManager>.FindInstance
[Warning: Singleton] Got null in Singleton<DiskCardGame.TurnManager>.FindInstance
[Warning: Singleton] Got null in Singleton<DiskCardGame.TurnManager>.FindInstance
[Warning: Singleton] Got null in Singleton<DiskCardGame.TurnManager>.FindInstance
[Warning: Singleton] Got null in Singleton<DiskCardGame.TurnManager>.FindInstance
[Warning: Singleton] Got null in Singleton<DiskCardGame.TurnManager>.FindInstance
[Warning: Singleton] Got null in Singleton<DiskCardGame.TurnManager>.FindInstance
[Warning: Singleton] Got null in Singleton<DiskCardGame.TurnManager>.FindInstance
[Warning: Singleton] Got null in Singleton<DiskCardGame.TurnManager>.FindInstance
[Warning: Singleton] Got null in Singleton<DiskCardGame.TurnManager>.FindInstance
[Warning: Singleton] Got null in Singleton<DiskCardGame.TurnManager>.FindInstance
[Warning: Singleton] Got null in Singleton<DiskCardGame.TurnManager>.FindInstance
[Warning: Singleton] Got null in Singleton<DiskCardGame.TurnManager>.FindInstance
[Warning: Singleton] Got null in Singleton<DiskCardGame.TurnManager>.FindInstance
[Warning: Singleton] Got null in Singleton<DiskCardGame.TurnManager>.FindInstance
[Warning: Singleton] Got null in Singleton<DiskCardGame.TurnManager>.FindInstance
[Warning: Singleton] Got null in Singleton<DiskCardGame.TurnManager>.FindInstance
[Warning: Singleton] Got null in Singleton<DiskCardGame.TurnManager>.FindInstance
[Warning: Singleton] Got null in Singleton<DiskCardGame.TurnManager>.FindInstance
[Warning: Singleton] Got null in Singleton<DiskCardGame.TurnManager>.FindInstance
[Warning: Singleton] Got null in Singleton<DiskCardGame.TurnManager>.FindInstance
[Warning: Singleton] Got null in Singleton<DiskCardGame.TurnManager>.FindInstance
[Warning: Singleton] Got null in Singleton<DiskCardGame.TurnManager>.FindInstance
[Warning: Singleton] Got null in Singleton<DiskCardGame.TurnManager>.FindInstance
[Warning: Singleton] Got null in Singleton<DiskCardGame.TurnManager>.FindInstance
[Warning: Singleton] Got null in Singleton<DiskCardGame.TurnManager>.FindInstance
[Warning: Singleton] Got null in Singleton<DiskCardGame.TurnManager>.FindInstance
[Warning: Singleton] Got null in Singleton<DiskCardGame.TurnManager>.FindInstance
[Warning: Singleton] Got null in Singleton<DiskCardGame.TurnManager>.FindInstance
[Warning: Singleton] Got null in Singleton<DiskCardGame.TurnManager>.FindInstance
[Warning: Singleton] Got null in Singleton<DiskCardGame.TurnManager>.FindInstance
[Warning: Singleton] Got null in Singleton<DiskCardGame.TurnManager>.FindInstance
[Warning: Singleton] Got null in Singleton<DiskCardGame.PlayerHand>.FindInstance
[Warning: Singleton] Got null in Singleton<DiskCardGame.TurnManager>.FindInstance
[Warning: Singleton] Got null in Singleton<DiskCardGame.TurnManager>.FindInstance
[Warning: Singleton] Got null in Singleton<DiskCardGame.TurnManager>.FindInstance
[Warning: Singleton] Got null in Singleton<DiskCardGame.TurnManager>.FindInstance
[Warning: Singleton] Got null in Singleton<DiskCardGame.TurnManager>.FindInstance
[Warning: Singleton] Got null in Singleton<DiskCardGame.TurnManager>.FindInstance
[Warning: Singleton] Got null in Singleton<DiskCardGame.TurnManager>.FindInstance
[Warning: Singleton] Got null in Singleton<DiskCardGame.TurnManager>.FindInstance
[Warning: Singleton] Got null in Singleton<DiskCardGame.TurnManager>.FindInstance
[Warning: Singleton] Got null in Singleton<DiskCardGame.TurnManager>.FindInstance
[Warning: Singleton] Got null in Singleton<DiskCardGame.TurnManager>.FindInstance
[Warning: Singleton] Got null in Singleton<DiskCardGame.TurnManager>.FindInstance
[Warning: Singleton] Got null in Singleton<DiskCardGame.TurnManager>.FindInstance
[Warning: Singleton] Got null in Singleton<DiskCardGame.TurnManager>.FindInstance
[Warning: Singleton] Got null in Singleton<DiskCardGame.TurnManager>.FindInstance
[Warning: Singleton] Got null in Singleton<DiskCardGame.TurnManager>.FindInstance
[Warning: Singleton] Got null in Singleton<DiskCardGame.TurnManager>.FindInstance
[Warning: Singleton] Got null in Singleton<DiskCardGame.TurnManager>.FindInstance
[Warning: Singleton] Got null in Singleton<DiskCardGame.TurnManager>.FindInstance
[Warning: Singleton] Got null in Singleton<DiskCardGame.TurnManager>.FindInstance
[Warning: Singleton] Got null in Singleton<DiskCardGame.TurnManager>.FindInstance
[Warning: Singleton] Got null in Singleton<DiskCardGame.TurnManager>.FindInstance
[Warning: Singleton] Got null in Singleton<DiskCardGame.TurnManager>.FindInstance
[Warning: Singleton] Got null in Singleton<DiskCardGame.TurnManager>.FindInstance
[Warning: Singleton] Got null in Singleton<DiskCardGame.TurnManager>.FindInstance
[Warning: Singleton] Got null in Singleton<DiskCardGame.TurnManager>.FindInstance
[Warning: Singleton] Got null in Singleton<DiskCardGame.TurnManager>.FindInstance
[Warning: Singleton] Got null in Singleton<DiskCardGame.TurnManager>.FindInstance
[Warning: Singleton] Got null in Singleton<DiskCardGame.TurnManager>.FindInstance
[Warning: Singleton] Got null in Singleton<DiskCardGame.TurnManager>.FindInstance
[Warning: Singleton] Got null in Singleton<DiskCardGame.TurnManager>.FindInstance
[Warning: Singleton] Got null in Singleton<DiskCardGame.TurnManager>.FindInstance
[Warning: Singleton] Got null in Singleton<DiskCardGame.TurnManager>.FindInstance
[Warning: Singleton] Got null in Singleton<DiskCardGame.TurnManager>.FindInstance
[Warning: Singleton] Got null in Singleton<DiskCardGame.TurnManager>.FindInstance
[Warning: Singleton] Got null in Singleton<DiskCardGame.TurnManager>.FindInstance
[Warning: Singleton] Got null in Singleton<DiskCardGame.TurnManager>.FindInstance
[Warning: Singleton] Got null in Singleton<DiskCardGame.TurnManager>.FindInstance
[Warning: Singleton] Got null in Singleton<DiskCardGame.TurnManager>.FindInstance
[Warning: Singleton] Got null in Singleton<DiskCardGame.TurnManager>.FindInstance
[Warning: Singleton] Got null in Singleton<DiskCardGame.TurnManager>.FindInstance
[Warning: Singleton] Got null in Singleton<DiskCardGame.TurnManager>.FindInstance
[Warning: Singleton] Got null in Singleton<DiskCardGame.TurnManager>.FindInstance
[Warning: Singleton] Got null in Singleton<DiskCardGame.TurnManager>.FindInstance
[Warning: Singleton] Got null in Singleton<DiskCardGame.TurnManager>.FindInstance
[Warning: Singleton] Got null in Singleton<DiskCardGame.TurnManager>.FindInstance
[Warning: Singleton] Got null in Singleton<DiskCardGame.TurnManager>.FindInstance
[Warning: Singleton] Got null in Singleton<DiskCardGame.TurnManager>.FindInstance
[Warning: Singleton] Got null in Singleton<DiskCardGame.TurnManager>.FindInstance
[Warning: Singleton] Got null in Singleton<DiskCardGame.TurnManager>.FindInstance
[Warning: Singleton] Got null in Singleton<DiskCardGame.TurnManager>.FindInstance
[Warning: Singleton] Got null in Singleton<DiskCardGame.TurnManager>.FindInstance
[Warning: Singleton] Got null in Singleton<DiskCardGame.TurnManager>.FindInstance
[Warning: Singleton] Got null in Singleton<DiskCardGame.TurnManager>.FindInstance
[Warning: Singleton] Got null in Singleton<DiskCardGame.TurnManager>.FindInstance
[Warning: Singleton] Got null in Singleton<DiskCardGame.TurnManager>.FindInstance
[Warning: Singleton] Got null in Singleton<DiskCardGame.TurnManager>.FindInstance
[Warning: Singleton] Got null in Singleton<DiskCardGame.TurnManager>.FindInstance
[Warning: Singleton] Got null in Singleton<DiskCardGame.TurnManager>.FindInstance
[Warning: Singleton] Got null in Singleton<DiskCardGame.TurnManager>.FindInstance
[Warning: Singleton] Got null in Singleton<DiskCardGame.TurnManager>.FindInstance
[Warning: Singleton] Got null in Singleton<DiskCardGame.TurnManager>.FindInstance
[Warning: Singleton] Got null in Singleton<DiskCardGame.TurnManager>.FindInstance
[Warning: Singleton] Got null in Singleton<DiskCardGame.TurnManager>.FindInstance
[Warning: Singleton] Got null in Singleton<DiskCardGame.TurnManager>.FindInstance
[Warning: Singleton] Got null in Singleton<DiskCardGame.TurnManager>.FindInstance
[Warning: Singleton] Got null in Singleton<DiskCardGame.TurnManager>.FindInstance
[Warning: Singleton] Got null in Singleton<DiskCardGame.TurnManager>.FindInstance
[Warning: Singleton] Got null in Singleton<DiskCardGame.TurnManager>.FindInstance
[Warning: Singleton] Got null in Singleton<DiskCardGame.TurnManager>.FindInstance
[Warning: Singleton] Got null in Singleton<DiskCardGame.TurnManager>.FindInstance
[Warning: Singleton] Got null in Singleton<DiskCardGame.TurnManager>.FindInstance
[Warning: Singleton] Got null in Singleton<DiskCardGame.TurnManager>.FindInstance
[Warning: Singleton] Got null in Singleton<DiskCardGame.TurnManager>.FindInstance
[Warning: Singleton] Got null in Singleton<DiskCardGame.TurnManager>.FindInstance
[Warning: Singleton] Got null in Singleton<DiskCardGame.TurnManager>.FindInstance
[Warning: Singleton] Got null in Singleton<DiskCardGame.TurnManager>.FindInstance
[Warning: Singleton] Got null in Singleton<DiskCardGame.TurnManager>.FindInstance
[Warning: Singleton] Got null in Singleton<DiskCardGame.TurnManager>.FindInstance
[Warning: Singleton] Got null in Singleton<DiskCardGame.TurnManager>.FindInstance
[Warning: Singleton] Got null in Singleton<DiskCardGame.TurnManager>.FindInstance
[Warning: Singleton] Got null in Singleton<DiskCardGame.TurnManager>.FindInstance
[Warning: Singleton] Got null in Singleton<DiskCardGame.TurnManager>.FindInstance
[Warning: Singleton] Got null in Singleton<DiskCardGame.TurnManager>.FindInstance
[Warning: Singleton] Got null in Singleton<DiskCardGame.TurnManager>.FindInstance
[Warning: Singleton] Got null in Singleton<DiskCardGame.TurnManager>.FindInstance
[Warning: Singleton] Got null in Singleton<DiskCardGame.TurnManager>.FindInstance
[Warning: Singleton] Got null in Singleton<DiskCardGame.TurnManager>.FindInstance
[Warning: Singleton] Got null in Singleton<DiskCardGame.TurnManager>.FindInstance
[Warning: Singleton] Got null in Singleton<DiskCardGame.TurnManager>.FindInstance
[Warning: Singleton] Got null in Singleton<DiskCardGame.TurnManager>.FindInstance
[Warning: Singleton] Got null in Singleton<DiskCardGame.TurnManager>.FindInstance
[Warning: Singleton] Got null in Singleton<DiskCardGame.TurnManager>.FindInstance
[Warning: Singleton] Got null in Singleton<DiskCardGame.TurnManager>.FindInstance
[Warning: Singleton] Got null in Singleton<DiskCardGame.TurnManager>.FindInstance
[Warning: Singleton] Got null in Singleton<DiskCardGame.TurnManager>.FindInstance
[Warning: Singleton] Got null in Singleton<DiskCardGame.TurnManager>.FindInstance
[Warning: Singleton] Got null in Singleton<DiskCardGame.TurnManager>.FindInstance
[Warning: Singleton] Got null in Singleton<DiskCardGame.TurnManager>.FindInstance
[Warning: Singleton] Got null in Singleton<DiskCardGame.TurnManager>.FindInstance
[Warning: Singleton] Got null in Singleton<DiskCardGame.TurnManager>.FindInstance
[Warning: Singleton] Got null in Singleton<DiskCardGame.TurnManager>.FindInstance
[Warning: Singleton] Got null in Singleton<DiskCardGame.TurnManager>.FindInstance
[Warning: Singleton] Got null in Singleton<DiskCardGame.TurnManager>.FindInstance
[Warning: Singleton] Got null in Singleton<DiskCardGame.TurnManager>.FindInstance
[Warning: Singleton] Got null in Singleton<DiskCardGame.TurnManager>.FindInstance
[Warning: Singleton] Got null in Singleton<DiskCardGame.TurnManager>.FindInstance
[Warning: Singleton] Got null in Singleton<DiskCardGame.TurnManager>.FindInstance
[Warning: Singleton] Got null in Singleton<DiskCardGame.TurnManager>.FindInstance
[Warning: Singleton] Got null in Singleton<DiskCardGame.TurnManager>.FindInstance
[Warning: Singleton] Got null in Singleton<DiskCardGame.TurnManager>.FindInstance
[Warning: Singleton] Got null in Singleton<DiskCardGame.TurnManager>.FindInstance
[Warning: Singleton] Got null in Singleton<DiskCardGame.TurnManager>.FindInstance
[Warning: Singleton] Got null in Singleton<DiskCardGame.TurnManager>.FindInstance
[Warning: Singleton] Got null in Singleton<DiskCardGame.TurnManager>.FindInstance
[Warning: Singleton] Got null in Singleton<DiskCardGame.TurnManager>.FindInstance
[Warning: Singleton] Got null in Singleton<DiskCardGame.TurnManager>.FindInstance
[Warning: Singleton] Got null in Singleton<DiskCardGame.TurnManager>.FindInstance
[Warning: Singleton] Got null in Singleton<DiskCardGame.TurnManager>.FindInstance
[Warning: Singleton] Got null in Singleton<DiskCardGame.TurnManager>.FindInstance
[Warning: Singleton] Got null in Singleton<DiskCardGame.TurnManager>.FindInstance
[Warning: Singleton] Got null in Singleton<DiskCardGame.TurnManager>.FindInstance
[Warning: Singleton] Got null in Singleton<DiskCardGame.TurnManager>.FindInstance
[Warning: Singleton] Got null in Singleton<DiskCardGame.TurnManager>.FindInstance
[Warning: Singleton] Got null in Singleton<DiskCardGame.TurnManager>.FindInstance
[Warning: Singleton] Got null in Singleton<DiskCardGame.TurnManager>.FindInstance
[Warning: Singleton] Got null in Singleton<DiskCardGame.TurnManager>.FindInstance
[Warning: Singleton] Got null in Singleton<DiskCardGame.TurnManager>.FindInstance
[Warning: Singleton] Got null in Singleton<DiskCardGame.TurnManager>.FindInstance
[Warning: Singleton] Got null in Singleton<DiskCardGame.TurnManager>.FindInstance
[Warning: Singleton] Got null in Singleton<DiskCardGame.TurnManager>.FindInstance
[Warning: Singleton] Got null in Singleton<DiskCardGame.TurnManager>.FindInstance
[Warning: Singleton] Got null in Singleton<DiskCardGame.TurnManager>.FindInstance
[Warning: Singleton] Got null in Singleton<DiskCardGame.TurnManager>.FindInstance
[Warning: Singleton] Got null in Singleton<DiskCardGame.TurnManager>.FindInstance
[Warning: Singleton] Got null in Singleton<DiskCardGame.TurnManager>.FindInstance
[Warning: Singleton] Got null in Singleton<DiskCardGame.TurnManager>.FindInstance
[Warning: Singleton] Got null in Singleton<DiskCardGame.TurnManager>.FindInstance
[Warning: Singleton] Got null in Singleton<DiskCardGame.TurnManager>.FindInstance
[Warning: Singleton] Got null in Singleton<DiskCardGame.TurnManager>.FindInstance
[Warning: Singleton] Got null in Singleton<DiskCardGame.TurnManager>.FindInstance
[Warning: Singleton] Got null in Singleton<DiskCardGame.TurnManager>.FindInstance
[Warning: Singleton] Got null in Singleton<DiskCardGame.TurnManager>.FindInstance
[Warning: Singleton] Got null in Singleton<DiskCardGame.TurnManager>.FindInstance
[Warning: Singleton] Got null in Singleton<DiskCardGame.TurnManager>.FindInstance
[Warning: Singleton] Got null in Singleton<DiskCardGame.TurnManager>.FindInstance
[Warning: Singleton] Got null in Singleton<DiskCardGame.TurnManager>.FindInstance
[Warning: Singleton] Got null in Singleton<DiskCardGame.TurnManager>.FindInstance
[Warning: Singleton] Got null in Singleton<DiskCardGame.TurnManager>.FindInstance
[Warning: Singleton] Got null in Singleton<DiskCardGame.TurnManager>.FindInstance
[Warning: Singleton] Got null in Singleton<DiskCardGame.TurnManager>.FindInstance
[Warning: Singleton] Got null in Singleton<DiskCardGame.TurnManager>.FindInstance
[Warning: Singleton] Got null in Singleton<DiskCardGame.TurnManager>.FindInstance
[Warning: Singleton] Got null in Singleton<DiskCardGame.TurnManager>.FindInstance
[Warning: Singleton] Got null in Singleton<DiskCardGame.TurnManager>.FindInstance
[Warning: Singleton] Got null in Singleton<DiskCardGame.TurnManager>.FindInstance
[Warning: Singleton] Got null in Singleton<DiskCardGame.TurnManager>.FindInstance
[Warning: Singleton] Got null in Singleton<DiskCardGame.TurnManager>.FindInstance
[Warning: Singleton] Got null in Singleton<DiskCardGame.TurnManager>.FindInstance
[Warning: Singleton] Got null in Singleton<DiskCardGame.TurnManager>.FindInstance
[Warning: Singleton] Got null in Singleton<DiskCardGame.TurnManager>.FindInstance
[Warning: Singleton] Got null in Singleton<DiskCardGame.TurnManager>.FindInstance
[Warning: Singleton] Got null in Singleton<DiskCardGame.TurnManager>.FindInstance
[Warning: Singleton] Got null in Singleton<DiskCardGame.TurnManager>.FindInstance
[Warning: Singleton] Got null in Singleton<DiskCardGame.TurnManager>.FindInstance
[Warning: Singleton] Got null in Singleton<DiskCardGame.TurnManager>.FindInstance
[Warning: Singleton] Got null in Singleton<DiskCardGame.TurnManager>.FindInstance
[Warning: Singleton] Got null in Singleton<DiskCardGame.TurnManager>.FindInstance
[Warning: Singleton] Got null in Singleton<DiskCardGame.TurnManager>.FindInstance
[Warning: Singleton] Got null in Singleton<DiskCardGame.TurnManager>.FindInstance
[Warning: Singleton] Got null in Singleton<DiskCardGame.TurnManager>.FindInstance
[Warning: Singleton] Got null in Singleton<DiskCardGame.TurnManager>.FindInstance
[Warning: Singleton] Got null in Singleton<DiskCardGame.TurnManager>.FindInstance
[Warning: Singleton] Got null in Singleton<DiskCardGame.TurnManager>.FindInstance
[Warning: Singleton] Got null in Singleton<DiskCardGame.PlayerHand>.FindInstance
[Warning: Singleton] Got null in Singleton<DiskCardGame.TurnManager>.FindInstance
[Warning: Singleton] Got null in Singleton<DiskCardGame.TurnManager>.FindInstance
[Warning: Singleton] Got null in Singleton<DiskCardGame.TurnManager>.FindInstance
[Warning: Singleton] Got null in Singleton<DiskCardGame.TurnManager>.FindInstance
[Warning: Singleton] Got null in Singleton<DiskCardGame.TurnManager>.FindInstance
[Warning: Singleton] Got null in Singleton<DiskCardGame.TurnManager>.FindInstance
[Warning: Singleton] Got null in Singleton<DiskCardGame.TurnManager>.FindInstance
[Warning: Singleton] Got null in Singleton<DiskCardGame.TurnManager>.FindInstance
[Warning: Singleton] Got null in Singleton<DiskCardGame.TurnManager>.FindInstance
[Warning: Singleton] Got null in Singleton<DiskCardGame.TurnManager>.FindInstance
[Warning: Singleton] Got null in Singleton<DiskCardGame.TurnManager>.FindInstance
[Warning: Singleton] Got null in Singleton<DiskCardGame.TurnManager>.FindInstance
[Warning: Singleton] Got null in Singleton<DiskCardGame.TurnManager>.FindInstance
[Warning: Singleton] Got null in Singleton<DiskCardGame.TurnManager>.FindInstance
[Warning: Singleton] Got null in Singleton<DiskCardGame.TurnManager>.FindInstance
[Warning: Singleton] Got null in Singleton<DiskCardGame.TurnManager>.FindInstance
[Warning: Singleton] Got null in Singleton<DiskCardGame.TurnManager>.FindInstance
[Warning: Singleton] Got null in Singleton<DiskCardGame.TurnManager>.FindInstance
[Warning: Singleton] Got null in Singleton<DiskCardGame.TurnManager>.FindInstance
[Warning: Singleton] Got null in Singleton<DiskCardGame.TurnManager>.FindInstance
[Warning: Singleton] Got null in Singleton<DiskCardGame.TurnManager>.FindInstance
[Warning: Singleton] Got null in Singleton<DiskCardGame.TurnManager>.FindInstance
[Warning: Singleton] Got null in Singleton<DiskCardGame.TurnManager>.FindInstance
[Warning: Singleton] Got null in Singleton<DiskCardGame.TurnManager>.FindInstance
[Warning: Singleton] Got null in Singleton<DiskCardGame.TurnManager>.FindInstance
[Warning: Singleton] Got null in Singleton<DiskCardGame.TurnManager>.FindInstance
[Warning: Singleton] Got null in Singleton<DiskCardGame.TurnManager>.FindInstance
[Warning: Singleton] Got null in Singleton<DiskCardGame.TurnManager>.FindInstance
[Warning: Singleton] Got null in Singleton<DiskCardGame.TurnManager>.FindInstance
[Warning: Singleton] Got null in Singleton<DiskCardGame.TurnManager>.FindInstance
[Warning: Singleton] Got null in Singleton<DiskCardGame.TurnManager>.FindInstance
[Warning: Singleton] Got null in Singleton<DiskCardGame.TurnManager>.FindInstance
[Warning: Singleton] Got null in Singleton<DiskCardGame.TurnManager>.FindInstance
[Warning: Singleton] Got null in Singleton<DiskCardGame.TurnManager>.FindInstance
[Warning: Singleton] Got null in Singleton<DiskCardGame.TurnManager>.FindInstance
[Warning: Singleton] Got null in Singleton<DiskCardGame.TurnManager>.FindInstance
[Warning: Singleton] Got null in Singleton<DiskCardGame.TurnManager>.FindInstance
[Warning: Singleton] Got null in Singleton<DiskCardGame.TurnManager>.FindInstance
[Warning: Singleton] Got null in Singleton<DiskCardGame.TurnManager>.FindInstance
[Warning: Singleton] Got null in Singleton<DiskCardGame.TurnManager>.FindInstance
[Warning: Singleton] Got null in Singleton<DiskCardGame.TurnManager>.FindInstance
[Warning: Singleton] Got null in Singleton<DiskCardGame.TurnManager>.FindInstance
[Warning: Singleton] Got null in Singleton<DiskCardGame.TurnManager>.FindInstance
[Warning: Singleton] Got null in Singleton<DiskCardGame.TurnManager>.FindInstance
[Warning: Singleton] Got null in Singleton<DiskCardGame.TurnManager>.FindInstance
[Warning: Singleton] Got null in Singleton<DiskCardGame.TurnManager>.FindInstance
[Warning: Singleton] Got null in Singleton<DiskCardGame.TurnManager>.FindInstance
[Warning: Singleton] Got null in Singleton<DiskCardGame.TurnManager>.FindInstance
[Warning: Singleton] Got null in Singleton<DiskCardGame.TurnManager>.FindInstance
[Warning: Singleton] Got null in Singleton<DiskCardGame.TurnManager>.FindInstance
[Warning: Singleton] Got null in Singleton<DiskCardGame.TurnManager>.FindInstance
[Warning: Singleton] Got null in Singleton<DiskCardGame.TurnManager>.FindInstance
[Warning: Singleton] Got null in Singleton<DiskCardGame.TurnManager>.FindInstance
[Warning: Unity Log] DiskCardGame.CardInfo must be instantiated using the ScriptableObject.CreateInstance method instead of new CardInfo.
[Warning: Singleton] Got null in Singleton<DiskCardGame.TurnManager>.FindInstance
[Warning: Singleton] Got null in Singleton<DiskCardGame.TurnManager>.FindInstance
[Warning: Singleton] Got null in Singleton<DiskCardGame.TurnManager>.FindInstance
[Warning: Singleton] Got null in Singleton<DiskCardGame.TurnManager>.FindInstance
[Warning: Singleton] Got null in Singleton<DiskCardGame.TurnManager>.FindInstance
[Warning: Singleton] Got null in Singleton<DiskCardGame.TurnManager>.FindInstance
[Warning: Singleton] Got null in Singleton<DiskCardGame.TurnManager>.FindInstance
[Warning: Singleton] Got null in Singleton<DiskCardGame.TurnManager>.FindInstance
[Warning: Singleton] Got null in Singleton<DiskCardGame.TurnManager>.FindInstance
[Warning: Singleton] Got null in Singleton<DiskCardGame.TurnManager>.FindInstance
[Warning: Singleton] Got null in Singleton<DiskCardGame.TurnManager>.FindInstance
[Warning: Singleton] Got null in Singleton<DiskCardGame.TurnManager>.FindInstance
[Warning: Singleton] Got null in Singleton<DiskCardGame.TurnManager>.FindInstance
[Warning: Singleton] Got null in Singleton<DiskCardGame.TurnManager>.FindInstance
[Warning: Singleton] Got null in Singleton<DiskCardGame.TurnManager>.FindInstance
[Warning: Singleton] Got null in Singleton<DiskCardGame.TurnManager>.FindInstance
[Warning: Singleton] Got null in Singleton<DiskCardGame.TurnManager>.FindInstance
[Warning: Singleton] Got null in Singleton<DiskCardGame.TurnManager>.FindInstance
[Warning: Singleton] Got null in Singleton<DiskCardGame.TurnManager>.FindInstance
[Warning: Singleton] Got null in Singleton<DiskCardGame.TurnManager>.FindInstance
[Warning: Singleton] Got null in Singleton<DiskCardGame.TurnManager>.FindInstance
[Warning: Singleton] Got null in Singleton<DiskCardGame.TurnManager>.FindInstance
[Warning: Singleton] Got null in Singleton<DiskCardGame.TurnManager>.FindInstance
[Warning: Singleton] Got null in Singleton<DiskCardGame.TurnManager>.FindInstance
[Warning: Singleton] Got null in Singleton<DiskCardGame.TurnManager>.FindInstance
[Warning: Singleton] Got null in Singleton<DiskCardGame.TurnManager>.FindInstance
[Warning: Singleton] Got null in Singleton<DiskCardGame.TurnManager>.FindInstance
[Warning: Singleton] Got null in Singleton<DiskCardGame.TurnManager>.FindInstance
[Warning: Singleton] Got null in Singleton<DiskCardGame.TurnManager>.FindInstance
[Warning: Singleton] Got null in Singleton<DiskCardGame.TurnManager>.FindInstance
[Warning: Singleton] Got null in Singleton<DiskCardGame.TurnManager>.FindInstance
[Warning: Singleton] Got null in Singleton<DiskCardGame.TurnManager>.FindInstance
[Warning: Singleton] Got null in Singleton<DiskCardGame.TurnManager>.FindInstance
[Warning: Singleton] Got null in Singleton<DiskCardGame.TurnManager>.FindInstance
[Warning: Singleton] Got null in Singleton<DiskCardGame.TurnManager>.FindInstance
[Warning: Singleton] Got null in Singleton<DiskCardGame.TurnManager>.FindInstance
[Warning: Singleton] Got null in Singleton<DiskCardGame.TurnManager>.FindInstance
[Warning: Singleton] Got null in Singleton<DiskCardGame.TurnManager>.FindInstance
[Warning: Singleton] Got null in Singleton<DiskCardGame.TurnManager>.FindInstance
[Warning: Singleton] Got null in Singleton<DiskCardGame.TurnManager>.FindInstance
[Warning: Singleton] Got null in Singleton<DiskCardGame.TurnManager>.FindInstance
[Warning: Singleton] Got null in Singleton<DiskCardGame.TurnManager>.FindInstance
[Warning: Singleton] Got null in Singleton<DiskCardGame.TurnManager>.FindInstance
[Warning: Singleton] Got null in Singleton<DiskCardGame.TurnManager>.FindInstance
[Warning: Singleton] Got null in Singleton<DiskCardGame.TurnManager>.FindInstance
[Warning: Singleton] Got null in Singleton<DiskCardGame.TurnManager>.FindInstance
[Warning: Singleton] Got null in Singleton<DiskCardGame.TurnManager>.FindInstance
[Warning: Singleton] Got null in Singleton<DiskCardGame.TurnManager>.FindInstance
[Warning: Singleton] Got null in Singleton<DiskCardGame.TurnManager>.FindInstance
[Warning: Singleton] Got null in Singleton<DiskCardGame.TurnManager>.FindInstance
[Warning: Singleton] Got null in Singleton<DiskCardGame.TurnManager>.FindInstance
[Warning: Singleton] Got null in Singleton<DiskCardGame.TurnManager>.FindInstance
[Warning: Singleton] Got null in Singleton<DiskCardGame.TurnManager>.FindInstance
[Warning: Singleton] Got null in Singleton<DiskCardGame.TurnManager>.FindInstance
[Warning: Singleton] Got null in Singleton<DiskCardGame.TurnManager>.FindInstance
[Warning: Singleton] Got null in Singleton<DiskCardGame.TurnManager>.FindInstance
[Warning: Singleton] Got null in Singleton<DiskCardGame.TurnManager>.FindInstance
[Warning: Singleton] Got null in Singleton<DiskCardGame.TurnManager>.FindInstance
[Warning: Singleton] Got null in Singleton<DiskCardGame.TurnManager>.FindInstance
[Warning: Singleton] Got null in Singleton<DiskCardGame.TurnManager>.FindInstance
[Warning: Singleton] Got null in Singleton<DiskCardGame.TurnManager>.FindInstance
[Warning: Singleton] Got null in Singleton<DiskCardGame.TurnManager>.FindInstance
[Warning: Singleton] Got null in Singleton<DiskCardGame.TurnManager>.FindInstance
[Warning: Singleton] Got null in Singleton<DiskCardGame.TurnManager>.FindInstance
[Warning: Singleton] Got null in Singleton<DiskCardGame.TurnManager>.FindInstance
[Warning: Singleton] Got null in Singleton<DiskCardGame.TurnManager>.FindInstance
[Warning: Singleton] Got null in Singleton<DiskCardGame.TurnManager>.FindInstance
[Warning: Singleton] Got null in Singleton<DiskCardGame.TurnManager>.FindInstance
[Warning: Singleton] Got null in Singleton<DiskCardGame.TurnManager>.FindInstance
[Warning: Singleton] Got null in Singleton<DiskCardGame.TurnManager>.FindInstance
[Warning: Singleton] Got null in Singleton<DiskCardGame.TurnManager>.FindInstance
[Warning: Singleton] Got null in Singleton<DiskCardGame.TurnManager>.FindInstance
[Warning: Singleton] Got null in Singleton<DiskCardGame.TurnManager>.FindInstance
[Warning: Singleton] Got null in Singleton<DiskCardGame.TurnManager>.FindInstance
[Warning: Singleton] Got null in Singleton<DiskCardGame.TurnManager>.FindInstance
[Warning: Singleton] Got null in Singleton<DiskCardGame.TurnManager>.FindInstance
[Warning: Singleton] Got null in Singleton<DiskCardGame.TurnManager>.FindInstance
[Warning: Singleton] Got null in Singleton<DiskCardGame.TurnManager>.FindInstance
[Warning: Singleton] Got null in Singleton<DiskCardGame.TurnManager>.FindInstance
[Warning: Singleton] Got null in Singleton<DiskCardGame.TurnManager>.FindInstance
[Warning: Singleton] Got null in Singleton<DiskCardGame.TurnManager>.FindInstance
[Warning: Singleton] Got null in Singleton<DiskCardGame.TurnManager>.FindInstance
[Warning: Singleton] Got null in Singleton<DiskCardGame.TurnManager>.FindInstance
[Warning: Singleton] Got null in Singleton<DiskCardGame.TurnManager>.FindInstance
[Warning: Singleton] Got null in Singleton<DiskCardGame.TurnManager>.FindInstance
[Warning: Singleton] Got null in Singleton<DiskCardGame.TurnManager>.FindInstance
[Warning: Singleton] Got null in Singleton<DiskCardGame.TurnManager>.FindInstance
[Warning: Singleton] Got null in Singleton<DiskCardGame.TurnManager>.FindInstance
[Warning: Singleton] Got null in Singleton<DiskCardGame.TurnManager>.FindInstance
[Warning: Singleton] Got null in Singleton<DiskCardGame.TurnManager>.FindInstance
[Warning: Singleton] Got null in Singleton<DiskCardGame.TurnManager>.FindInstance
[Warning: Singleton] Got null in Singleton<DiskCardGame.TurnManager>.FindInstance
[Warning: Singleton] Got null in Singleton<DiskCardGame.TurnManager>.FindInstance
[Warning: Singleton] Got null in Singleton<DiskCardGame.TurnManager>.FindInstance
[Warning: Singleton] Got null in Singleton<DiskCardGame.TurnManager>.FindInstance
[Warning: Singleton] Got null in Singleton<DiskCardGame.TurnManager>.FindInstance
[Warning: Singleton] Got null in Singleton<DiskCardGame.TurnManager>.FindInstance
[Warning: Singleton] Got null in Singleton<DiskCardGame.TurnManager>.FindInstance
[Warning: Singleton] Got null in Singleton<DiskCardGame.TurnManager>.FindInstance
[Warning: Singleton] Got null in Singleton<DiskCardGame.TurnManager>.FindInstance
[Warning: Singleton] Got null in Singleton<DiskCardGame.TurnManager>.FindInstance
[Warning: Singleton] Got null in Singleton<DiskCardGame.TurnManager>.FindInstance
[Warning: Singleton] Got null in Singleton<DiskCardGame.TurnManager>.FindInstance
[Warning: Singleton] Got null in Singleton<DiskCardGame.TurnManager>.FindInstance
[Warning: Singleton] Got null in Singleton<DiskCardGame.TurnManager>.FindInstance
[Warning: Singleton] Got null in Singleton<DiskCardGame.TurnManager>.FindInstance
[Warning: Singleton] Got null in Singleton<DiskCardGame.TurnManager>.FindInstance
[Warning: Singleton] Got null in Singleton<DiskCardGame.TurnManager>.FindInstance
[Warning: Singleton] Got null in Singleton<DiskCardGame.TurnManager>.FindInstance
[Warning: Singleton] Got null in Singleton<DiskCardGame.TurnManager>.FindInstance
[Warning: Singleton] Got null in Singleton<DiskCardGame.TurnManager>.FindInstance
[Warning: Singleton] Got null in Singleton<DiskCardGame.TurnManager>.FindInstance
[Warning: Singleton] Got null in Singleton<DiskCardGame.TurnManager>.FindInstance
[Warning: Singleton] Got null in Singleton<DiskCardGame.TurnManager>.FindInstance
[Warning: Singleton] Got null in Singleton<DiskCardGame.TurnManager>.FindInstance
[Warning: Singleton] Got null in Singleton<DiskCardGame.TurnManager>.FindInstance
[Warning: Singleton] Got null in Singleton<DiskCardGame.TurnManager>.FindInstance
[Warning: Singleton] Got null in Singleton<DiskCardGame.TurnManager>.FindInstance
[Warning: Singleton] Got null in Singleton<DiskCardGame.TurnManager>.FindInstance
[Warning: Singleton] Got null in Singleton<DiskCardGame.TurnManager>.FindInstance
[Warning: Singleton] Got null in Singleton<DiskCardGame.TurnManager>.FindInstance
[Warning: Singleton] Got null in Singleton<DiskCardGame.TurnManager>.FindInstance
[Warning: Singleton] Got null in Singleton<DiskCardGame.TurnManager>.FindInstance
[Warning: Singleton] Got null in Singleton<DiskCardGame.TurnManager>.FindInstance
[Warning: Singleton] Got null in Singleton<DiskCardGame.TurnManager>.FindInstance
[Warning: Singleton] Got null in Singleton<DiskCardGame.TurnManager>.FindInstance
[Warning: Singleton] Got null in Singleton<DiskCardGame.TurnManager>.FindInstance
[Warning: Singleton] Got null in Singleton<DiskCardGame.TurnManager>.FindInstance
[Warning: Singleton] Got null in Singleton<DiskCardGame.TurnManager>.FindInstance
[Warning: Singleton] Got null in Singleton<DiskCardGame.TurnManager>.FindInstance
[Warning: Singleton] Got null in Singleton<DiskCardGame.TurnManager>.FindInstance
[Warning: Singleton] Got null in Singleton<DiskCardGame.TurnManager>.FindInstance
[Warning: Singleton] Got null in Singleton<DiskCardGame.TurnManager>.FindInstance
[Warning: Singleton] Got null in Singleton<DiskCardGame.TurnManager>.FindInstance
[Warning: Singleton] Got null in Singleton<DiskCardGame.TurnManager>.FindInstance
[Warning: Singleton] Got null in Singleton<DiskCardGame.TurnManager>.FindInstance
[Warning: Singleton] Got null in Singleton<DiskCardGame.TurnManager>.FindInstance
[Warning: Singleton] Got null in Singleton<DiskCardGame.TurnManager>.FindInstance
[Warning: Singleton] Got null in Singleton<DiskCardGame.TurnManager>.FindInstance
[Warning: Singleton] Got null in Singleton<DiskCardGame.TurnManager>.FindInstance
[Warning: Singleton] Got null in Singleton<DiskCardGame.TurnManager>.FindInstance
[Warning: Singleton] Got null in Singleton<DiskCardGame.TurnManager>.FindInstance
[Warning: Singleton] Got null in Singleton<DiskCardGame.TurnManager>.FindInstance
[Warning: Singleton] Got null in Singleton<DiskCardGame.TurnManager>.FindInstance
[Warning: Singleton] Got null in Singleton<DiskCardGame.TurnManager>.FindInstance
[Warning: Singleton] Got null in Singleton<DiskCardGame.TurnManager>.FindInstance
[Warning: Singleton] Got null in Singleton<DiskCardGame.TurnManager>.FindInstance
[Warning: Singleton] Got null in Singleton<DiskCardGame.TurnManager>.FindInstance
[Warning: Singleton] Got null in Singleton<DiskCardGame.TurnManager>.FindInstance
[Warning: Singleton] Got null in Singleton<DiskCardGame.TurnManager>.FindInstance
[Warning: Singleton] Got null in Singleton<DiskCardGame.TurnManager>.FindInstance
[Warning: Singleton] Got null in Singleton<DiskCardGame.TurnManager>.FindInstance
[Warning: Singleton] Got null in Singleton<DiskCardGame.TurnManager>.FindInstance
[Warning: Singleton] Got null in Singleton<DiskCardGame.TurnManager>.FindInstance
[Warning: Singleton] Got null in Singleton<DiskCardGame.TurnManager>.FindInstance
[Warning: Singleton] Got null in Singleton<DiskCardGame.TurnManager>.FindInstance
[Warning: Singleton] Got null in Singleton<DiskCardGame.TurnManager>.FindInstance
[Warning: Singleton] Got null in Singleton<DiskCardGame.TurnManager>.FindInstance
[Warning: Singleton] Got null in Singleton<DiskCardGame.TurnManager>.FindInstance
[Warning: Singleton] Got null in Singleton<DiskCardGame.TurnManager>.FindInstance
[Warning: Singleton] Got null in Singleton<DiskCardGame.TurnManager>.FindInstance
[Warning: Singleton] Got null in Singleton<DiskCardGame.TurnManager>.FindInstance
[Warning: Singleton] Got null in Singleton<DiskCardGame.TurnManager>.FindInstance
[Warning: Singleton] Got null in Singleton<DiskCardGame.TurnManager>.FindInstance
[Warning: Singleton] Got null in Singleton<DiskCardGame.TurnManager>.FindInstance
[Warning: Singleton] Got null in Singleton<DiskCardGame.TurnManager>.FindInstance
[Warning: Singleton] Got null in Singleton<DiskCardGame.TurnManager>.FindInstance
[Warning: Singleton] Got null in Singleton<DiskCardGame.TurnManager>.FindInstance
[Warning: Singleton] Got null in Singleton<DiskCardGame.TurnManager>.FindInstance
[Warning: Singleton] Got null in Singleton<DiskCardGame.TurnManager>.FindInstance
[Warning: Singleton] Got null in Singleton<DiskCardGame.TurnManager>.FindInstance
[Warning: Singleton] Got null in Singleton<DiskCardGame.TurnManager>.FindInstance
[Warning: Singleton] Got null in Singleton<DiskCardGame.TurnManager>.FindInstance
[Warning: Singleton] Got null in Singleton<DiskCardGame.TurnManager>.FindInstance
[Warning: Singleton] Got null in Singleton<DiskCardGame.TurnManager>.FindInstance
[Warning: Singleton] Got null in Singleton<DiskCardGame.TurnManager>.FindInstance
[Warning: Singleton] Got null in Singleton<DiskCardGame.TurnManager>.FindInstance
[Warning: Singleton] Got null in Singleton<DiskCardGame.TurnManager>.FindInstance
[Warning: Singleton] Got null in Singleton<DiskCardGame.TurnManager>.FindInstance
[Warning: Singleton] Got null in Singleton<DiskCardGame.TurnManager>.FindInstance
[Warning: Singleton] Got null in Singleton<DiskCardGame.TurnManager>.FindInstance
[Warning: Singleton] Got null in Singleton<DiskCardGame.TurnManager>.FindInstance
[Warning: Singleton] Got null in Singleton<DiskCardGame.TurnManager>.FindInstance
[Warning: Singleton] Got null in Singleton<DiskCardGame.TurnManager>.FindInstance
[Warning: Singleton] Got null in Singleton<DiskCardGame.TurnManager>.FindInstance
[Warning: Singleton] Got null in Singleton<DiskCardGame.TurnManager>.FindInstance
[Warning: Singleton] Got null in Singleton<DiskCardGame.TurnManager>.FindInstance
[Warning: Singleton] Got null in Singleton<DiskCardGame.TurnManager>.FindInstance
[Warning: Singleton] Got null in Singleton<DiskCardGame.TurnManager>.FindInstance
[Warning: Singleton] Got null in Singleton<DiskCardGame.TurnManager>.FindInstance
[Warning: Singleton] Got null in Singleton<DiskCardGame.TurnManager>.FindInstance
[Warning: Singleton] Got null in Singleton<DiskCardGame.TurnManager>.FindInstance
[Warning: Singleton] Got null in Singleton<DiskCardGame.TurnManager>.FindInstance
[Warning: Singleton] Got null in Singleton<DiskCardGame.TurnManager>.FindInstance
[Warning: Singleton] Got null in Singleton<DiskCardGame.TurnManager>.FindInstance
[Warning: Singleton] Got null in Singleton<DiskCardGame.TurnManager>.FindInstance
[Warning: Singleton] Got null in Singleton<DiskCardGame.TurnManager>.FindInstance
[Warning: Singleton] Got null in Singleton<DiskCardGame.TurnManager>.FindInstance
[Warning: Singleton] Got null in Singleton<DiskCardGame.TurnManager>.FindInstance
[Warning: Singleton] Got null in Singleton<DiskCardGame.TurnManager>.FindInstance
[Warning: Singleton] Got null in Singleton<DiskCardGame.TurnManager>.FindInstance
[Warning: Singleton] Got null in Singleton<DiskCardGame.TurnManager>.FindInstance
[Warning: Singleton] Got null in Singleton<DiskCardGame.TurnManager>.FindInstance
[Warning: Singleton] Got null in Singleton<DiskCardGame.TurnManager>.FindInstance
[Warning: Singleton] Got null in Singleton<DiskCardGame.TurnManager>.FindInstance
[Warning: Singleton] Got null in Singleton<DiskCardGame.TurnManager>.FindInstance
[Warning: Singleton] Got null in Singleton<DiskCardGame.TurnManager>.FindInstance
[Warning: Singleton] Got null in Singleton<DiskCardGame.TurnManager>.FindInstance
[Warning: Singleton] Got null in Singleton<DiskCardGame.TurnManager>.FindInstance
[Warning: Singleton] Got null in Singleton<DiskCardGame.TurnManager>.FindInstance
[Warning: Singleton] Got null in Singleton<DiskCardGame.TurnManager>.FindInstance
[Warning: Singleton] Got null in Singleton<DiskCardGame.TurnManager>.FindInstance
[Warning: Singleton] Got null in Singleton<DiskCardGame.TurnManager>.FindInstance
[Warning: Singleton] Got null in Singleton<DiskCardGame.TurnManager>.FindInstance
[Warning: Singleton] Got null in Singleton<DiskCardGame.TurnManager>.FindInstance
[Warning: Singleton] Got null in Singleton<DiskCardGame.TurnManager>.FindInstance
[Warning: Singleton] Got null in Singleton<DiskCardGame.TurnManager>.FindInstance
[Warning: Singleton] Got null in Singleton<DiskCardGame.TurnManager>.FindInstance
[Warning: Singleton] Got null in Singleton<DiskCardGame.TurnManager>.FindInstance
[Warning: Singleton] Got null in Singleton<DiskCardGame.TurnManager>.FindInstance
[Warning: Singleton] Got null in Singleton<DiskCardGame.TurnManager>.FindInstance
[Warning: Singleton] Got null in Singleton<DiskCardGame.TurnManager>.FindInstance
[Warning: Singleton] Got null in Singleton<DiskCardGame.TurnManager>.FindInstance
[Warning: Singleton] Got null in Singleton<DiskCardGame.TurnManager>.FindInstance
[Warning: Singleton] Got null in Singleton<DiskCardGame.TurnManager>.FindInstance
[Warning: Singleton] Got null in Singleton<DiskCardGame.TurnManager>.FindInstance
[Warning: Singleton] Got null in Singleton<DiskCardGame.TurnManager>.FindInstance
[Warning: Singleton] Got null in Singleton<DiskCardGame.TurnManager>.FindInstance
[Warning: Singleton] Got null in Singleton<DiskCardGame.TurnManager>.FindInstance
[Warning: Singleton] Got null in Singleton<DiskCardGame.TurnManager>.FindInstance
[Warning: Singleton] Got null in Singleton<DiskCardGame.TurnManager>.FindInstance
[Warning: Singleton] Got null in Singleton<DiskCardGame.TurnManager>.FindInstance
[Warning: Singleton] Got null in Singleton<DiskCardGame.TurnManager>.FindInstance
[Warning: Singleton] Got null in Singleton<DiskCardGame.TurnManager>.FindInstance
[Warning: Singleton] Got null in Singleton<DiskCardGame.TurnManager>.FindInstance
[Warning: Singleton] Got null in Singleton<DiskCardGame.TurnManager>.FindInstance
[Warning: Singleton] Got null in Singleton<DiskCardGame.TurnManager>.FindInstance
[Warning: Singleton] Got null in Singleton<DiskCardGame.TurnManager>.FindInstance
[Warning: Singleton] Got null in Singleton<DiskCardGame.TurnManager>.FindInstance
[Warning: Singleton] Got null in Singleton<DiskCardGame.TurnManager>.FindInstance
[Warning: Singleton] Got null in Singleton<DiskCardGame.TurnManager>.FindInstance
[Warning: Singleton] Got null in Singleton<DiskCardGame.TurnManager>.FindInstance
[Warning: Singleton] Got null in Singleton<DiskCardGame.TurnManager>.FindInstance
[Warning: Singleton] Got null in Singleton<DiskCardGame.TurnManager>.FindInstance
[Warning: Singleton] Got null in Singleton<DiskCardGame.TurnManager>.FindInstance
[Warning: Singleton] Got null in Singleton<DiskCardGame.TurnManager>.FindInstance
[Warning: Singleton] Got null in Singleton<DiskCardGame.TurnManager>.FindInstance
[Warning: Singleton] Got null in Singleton<DiskCardGame.TurnManager>.FindInstance
[Warning: Singleton] Got null in Singleton<DiskCardGame.TurnManager>.FindInstance
[Warning: Singleton] Got null in Singleton<DiskCardGame.TurnManager>.FindInstance
[Warning: Singleton] Got null in Singleton<DiskCardGame.TurnManager>.FindInstance
[Warning: Singleton] Got null in Singleton<DiskCardGame.TurnManager>.FindInstance
[Warning: Singleton] Got null in Singleton<DiskCardGame.TurnManager>.FindInstance
[Warning: Singleton] Got null in Singleton<DiskCardGame.TurnManager>.FindInstance
[Warning: Singleton] Got null in Singleton<DiskCardGame.TurnManager>.FindInstance
[Warning: Singleton] Got null in Singleton<DiskCardGame.TurnManager>.FindInstance
[Warning: Singleton] Got null in Singleton<DiskCardGame.TurnManager>.FindInstance
[Warning: Singleton] Got null in Singleton<DiskCardGame.TurnManager>.FindInstance
[Warning: Singleton] Got null in Singleton<DiskCardGame.TurnManager>.FindInstance
[Warning: Singleton] Got null in Singleton<DiskCardGame.TurnManager>.FindInstance
[Warning: Singleton] Got null in Singleton<DiskCardGame.TurnManager>.FindInstance
[Warning: Singleton] Got null in Singleton<DiskCardGame.TurnManager>.FindInstance
[Warning: Singleton] Got null in Singleton<DiskCardGame.TurnManager>.FindInstance
[Warning: Singleton] Got null in Singleton<DiskCardGame.TurnManager>.FindInstance
[Warning: Singleton] Got null in Singleton<DiskCardGame.TurnManager>.FindInstance
[Warning: Singleton] Got null in Singleton<DiskCardGame.TurnManager>.FindInstance
[Warning: Singleton] Got null in Singleton<DiskCardGame.TurnManager>.FindInstance
[Warning: Singleton] Got null in Singleton<DiskCardGame.TurnManager>.FindInstance
[Warning: Singleton] Got null in Singleton<DiskCardGame.TurnManager>.FindInstance
[Warning: Singleton] Got null in Singleton<DiskCardGame.TurnManager>.FindInstance
[Warning: Singleton] Got null in Singleton<DiskCardGame.TurnManager>.FindInstance
[Warning: Singleton] Got null in Singleton<DiskCardGame.TurnManager>.FindInstance
[Warning: Singleton] Got null in Singleton<DiskCardGame.TurnManager>.FindInstance
[Warning: Singleton] Got null in Singleton<DiskCardGame.TurnManager>.FindInstance
[Warning: Singleton] Got null in Singleton<DiskCardGame.TurnManager>.FindInstance
[Warning: Singleton] Got null in Singleton<DiskCardGame.TurnManager>.FindInstance
[Warning: Singleton] Got null in Singleton<DiskCardGame.TurnManager>.FindInstance
[Warning: Singleton] Got null in Singleton<DiskCardGame.TurnManager>.FindInstance
[Warning: Singleton] Got null in Singleton<DiskCardGame.TurnManager>.FindInstance
[Warning: Singleton] Got null in Singleton<DiskCardGame.TurnManager>.FindInstance
[Warning: Singleton] Got null in Singleton<DiskCardGame.TurnManager>.FindInstance
[Warning: Singleton] Got null in Singleton<DiskCardGame.TurnManager>.FindInstance
[Warning: Singleton] Got null in Singleton<DiskCardGame.TurnManager>.FindInstance
[Warning: Singleton] Got null in Singleton<DiskCardGame.TurnManager>.FindInstance
[Warning: Singleton] Got null in Singleton<DiskCardGame.TurnManager>.FindInstance
[Warning: Singleton] Got null in Singleton<DiskCardGame.TurnManager>.FindInstance
[Warning: Singleton] Got null in Singleton<DiskCardGame.TurnManager>.FindInstance
[Warning: Singleton] Got null in Singleton<DiskCardGame.TurnManager>.FindInstance
[Warning: Singleton] Got null in Singleton<DiskCardGame.TurnManager>.FindInstance
[Warning: Singleton] Got null in Singleton<DiskCardGame.TurnManager>.FindInstance
[Warning: Singleton] Got null in Singleton<DiskCardGame.TurnManager>.FindInstance
[Warning: Singleton] Got null in Singleton<DiskCardGame.TurnManager>.FindInstance
[Warning: Singleton] Got null in Singleton<DiskCardGame.TurnManager>.FindInstance
[Warning: Singleton] Got null in Singleton<DiskCardGame.TurnManager>.FindInstance
[Warning: Singleton] Got null in Singleton<DiskCardGame.TurnManager>.FindInstance
[Warning: Singleton] Got null in Singleton<DiskCardGame.TurnManager>.FindInstance
[Warning: Singleton] Got null in Singleton<DiskCardGame.TurnManager>.FindInstance
[Warning: Singleton] Got null in Singleton<DiskCardGame.TurnManager>.FindInstance
[Warning: Singleton] Got null in Singleton<DiskCardGame.TurnManager>.FindInstance
[Warning: Singleton] Got null in Singleton<DiskCardGame.TurnManager>.FindInstance
[Warning: Singleton] Got null in Singleton<DiskCardGame.TurnManager>.FindInstance
[Warning: Singleton] Got null in Singleton<DiskCardGame.TurnManager>.FindInstance
[Warning: Singleton] Got null in Singleton<DiskCardGame.TurnManager>.FindInstance
[Warning: Singleton] Got null in Singleton<DiskCardGame.TurnManager>.FindInstance
[Warning: Singleton] Got null in Singleton<DiskCardGame.TurnManager>.FindInstance
[Warning: Singleton] Got null in Singleton<DiskCardGame.TurnManager>.FindInstance
[Warning: Singleton] Got null in Singleton<DiskCardGame.TurnManager>.FindInstance
[Warning: Singleton] Got null in Singleton<DiskCardGame.TurnManager>.FindInstance
[Warning: Singleton] Got null in Singleton<DiskCardGame.TurnManager>.FindInstance
[Warning: Singleton] Got null in Singleton<DiskCardGame.TurnManager>.FindInstance
[Warning: Singleton] Got null in Singleton<DiskCardGame.TurnManager>.FindInstance
[Warning: Singleton] Got null in Singleton<DiskCardGame.TurnManager>.FindInstance
[Warning: Singleton] Got null in Singleton<DiskCardGame.TurnManager>.FindInstance
[Warning: Singleton] Got null in Singleton<DiskCardGame.TurnManager>.FindInstance
[Warning: Singleton] Got null in Singleton<DiskCardGame.TurnManager>.FindInstance
[Warning: Singleton] Got null in Singleton<DiskCardGame.TurnManager>.FindInstance
[Warning: Singleton] Got null in Singleton<DiskCardGame.TurnManager>.FindInstance
[Warning: Singleton] Got null in Singleton<DiskCardGame.TurnManager>.FindInstance
[Warning: Singleton] Got null in Singleton<DiskCardGame.TurnManager>.FindInstance
[Warning: Singleton] Got null in Singleton<DiskCardGame.TurnManager>.FindInstance
[Warning: Singleton] Got null in Singleton<DiskCardGame.TurnManager>.FindInstance
[Warning: Singleton] Got null in Singleton<DiskCardGame.TurnManager>.FindInstance
[Warning: Singleton] Got null in Singleton<DiskCardGame.TurnManager>.FindInstance
[Warning: Singleton] Got null in Singleton<DiskCardGame.TurnManager>.FindInstance
[Warning: Singleton] Got null in Singleton<DiskCardGame.TurnManager>.FindInstance
[Warning: Singleton] Got null in Singleton<DiskCardGame.TurnManager>.FindInstance
[Warning: Singleton] Got null in Singleton<DiskCardGame.TurnManager>.FindInstance
[Warning: Singleton] Got null in Singleton<DiskCardGame.TurnManager>.FindInstance
[Warning: Singleton] Got null in Singleton<DiskCardGame.TurnManager>.FindInstance
[Warning: Singleton] Got null in Singleton<DiskCardGame.TurnManager>.FindInstance
[Warning: Singleton] Got null in Singleton<DiskCardGame.TurnManager>.FindInstance
[Warning: Singleton] Got null in Singleton<DiskCardGame.TurnManager>.FindInstance
[Warning: Singleton] Got null in Singleton<DiskCardGame.TurnManager>.FindInstance
[Warning: Singleton] Got null in Singleton<DiskCardGame.TurnManager>.FindInstance
[Warning: Singleton] Got null in Singleton<DiskCardGame.TurnManager>.FindInstance
[Warning: Singleton] Got null in Singleton<DiskCardGame.TurnManager>.FindInstance
[Warning: Singleton] Got null in Singleton<DiskCardGame.TurnManager>.FindInstance
[Warning: Singleton] Got null in Singleton<DiskCardGame.TurnManager>.FindInstance
[Warning: Singleton] Got null in Singleton<DiskCardGame.TurnManager>.FindInstance
[Warning: Singleton] Got null in Singleton<DiskCardGame.TurnManager>.FindInstance
[Warning: Singleton] Got null in Singleton<DiskCardGame.TurnManager>.FindInstance
[Warning: Singleton] Got null in Singleton<DiskCardGame.TurnManager>.FindInstance
[Warning: Singleton] Got null in Singleton<DiskCardGame.TurnManager>.FindInstance
[Warning: Singleton] Got null in Singleton<DiskCardGame.TurnManager>.FindInstance
[Warning: Singleton] Got null in Singleton<DiskCardGame.TurnManager>.FindInstance
[Warning: Singleton] Got null in Singleton<DiskCardGame.TurnManager>.FindInstance
[Warning: Singleton] Got null in Singleton<DiskCardGame.TurnManager>.FindInstance
[Warning: Singleton] Got null in Singleton<DiskCardGame.TurnManager>.FindInstance
[Warning: Singleton] Got null in Singleton<DiskCardGame.TurnManager>.FindInstance
[Warning: Singleton] Got null in Singleton<DiskCardGame.TurnManager>.FindInstance
[Warning: Singleton] Got null in Singleton<DiskCardGame.TurnManager>.FindInstance
[Warning: Singleton] Got null in Singleton<DiskCardGame.TurnManager>.FindInstance
[Warning: Singleton] Got null in Singleton<DiskCardGame.TurnManager>.FindInstance
[Warning: Singleton] Got null in Singleton<DiskCardGame.TurnManager>.FindInstance
[Warning: Singleton] Got null in Singleton<DiskCardGame.TurnManager>.FindInstance
[Warning: Singleton] Got null in Singleton<DiskCardGame.TurnManager>.FindInstance
[Warning: Singleton] Got null in Singleton<DiskCardGame.TurnManager>.FindInstance
[Warning: Singleton] Got null in Singleton<DiskCardGame.TurnManager>.FindInstance
[Warning: Singleton] Got null in Singleton<DiskCardGame.TurnManager>.FindInstance
[Warning: Singleton] Got null in Singleton<DiskCardGame.TurnManager>.FindInstance
[Warning: Singleton] Got null in Singleton<DiskCardGame.TurnManager>.FindInstance
[Warning: Singleton] Got null in Singleton<DiskCardGame.TurnManager>.FindInstance
[Warning: Singleton] Got null in Singleton<DiskCardGame.TurnManager>.FindInstance
[Warning: Singleton] Got null in Singleton<DiskCardGame.TurnManager>.FindInstance
[Warning: Singleton] Got null in Singleton<DiskCardGame.TurnManager>.FindInstance
[Warning: Singleton] Got null in Singleton<DiskCardGame.TurnManager>.FindInstance
[Warning: Singleton] Got null in Singleton<DiskCardGame.TurnManager>.FindInstance
[Warning: Singleton] Got null in Singleton<DiskCardGame.TurnManager>.FindInstance
[Warning: Singleton] Got null in Singleton<DiskCardGame.TurnManager>.FindInstance
[Warning: Singleton] Got null in Singleton<DiskCardGame.TurnManager>.FindInstance
[Warning: Singleton] Got null in Singleton<DiskCardGame.TurnManager>.FindInstance
[Warning: Singleton] Got null in Singleton<DiskCardGame.TurnManager>.FindInstance
[Warning: Singleton] Got null in Singleton<DiskCardGame.TurnManager>.FindInstance
[Warning: Singleton] Got null in Singleton<DiskCardGame.TurnManager>.FindInstance
[Warning: Singleton] Got null in Singleton<DiskCardGame.TurnManager>.FindInstance
[Warning: Singleton] Got null in Singleton<DiskCardGame.TurnManager>.FindInstance
[Warning: Singleton] Got null in Singleton<DiskCardGame.TurnManager>.FindInstance
[Warning: Singleton] Got null in Singleton<DiskCardGame.TurnManager>.FindInstance
[Warning: Singleton] Got null in Singleton<DiskCardGame.TurnManager>.FindInstance
[Warning: Singleton] Got null in Singleton<DiskCardGame.TurnManager>.FindInstance
[Warning: Singleton] Got null in Singleton<DiskCardGame.TurnManager>.FindInstance
[Warning: Singleton] Got null in Singleton<DiskCardGame.TurnManager>.FindInstance
[Warning: Singleton] Got null in Singleton<DiskCardGame.TurnManager>.FindInstance
[Warning: Singleton] Got null in Singleton<DiskCardGame.TurnManager>.FindInstance
[Warning: Singleton] Got null in Singleton<DiskCardGame.TurnManager>.FindInstance
[Warning: Singleton] Got null in Singleton<DiskCardGame.TurnManager>.FindInstance
[Warning: Singleton] Got null in Singleton<DiskCardGame.TurnManager>.FindInstance
[Warning: Singleton] Got null in Singleton<DiskCardGame.TurnManager>.FindInstance
[Warning: Singleton] Got null in Singleton<DiskCardGame.TurnManager>.FindInstance
[Warning: Singleton] Got null in Singleton<DiskCardGame.TurnManager>.FindInstance
[Warning: Singleton] Got null in Singleton<DiskCardGame.TurnManager>.FindInstance
[Warning: Singleton] Got null in Singleton<DiskCardGame.TurnManager>.FindInstance
[Warning: Singleton] Got null in Singleton<DiskCardGame.TurnManager>.FindInstance
[Warning: Singleton] Got null in Singleton<DiskCardGame.TurnManager>.FindInstance
[Warning: Singleton] Got null in Singleton<DiskCardGame.TurnManager>.FindInstance
[Warning: Singleton] Got null in Singleton<DiskCardGame.TurnManager>.FindInstance
[Warning: Singleton] Got null in Singleton<DiskCardGame.TurnManager>.FindInstance
[Warning: Singleton] Got null in Singleton<DiskCardGame.TurnManager>.FindInstance
[Warning: Singleton] Got null in Singleton<DiskCardGame.TurnManager>.FindInstance
[Warning: Singleton] Got null in Singleton<DiskCardGame.TurnManager>.FindInstance
[Warning: Singleton] Got null in Singleton<DiskCardGame.TurnManager>.FindInstance
[Warning: Singleton] Got null in Singleton<DiskCardGame.TurnManager>.FindInstance
[Warning: Singleton] Got null in Singleton<DiskCardGame.TurnManager>.FindInstance
[Warning: Singleton] Got null in Singleton<DiskCardGame.TurnManager>.FindInstance
[Warning: Singleton] Got null in Singleton<DiskCardGame.TurnManager>.FindInstance
[Warning: Singleton] Got null in Singleton<DiskCardGame.TurnManager>.FindInstance
[Warning: Singleton] Got null in Singleton<DiskCardGame.TurnManager>.FindInstance
[Warning: Singleton] Got null in Singleton<DiskCardGame.TurnManager>.FindInstance
[Warning: Singleton] Got null in Singleton<DiskCardGame.TurnManager>.FindInstance
[Warning: Singleton] Got null in Singleton<DiskCardGame.TurnManager>.FindInstance
[Warning: Singleton] Got null in Singleton<DiskCardGame.TurnManager>.FindInstance
[Warning: Singleton] Got null in Singleton<DiskCardGame.TurnManager>.FindInstance
[Warning: Singleton] Got null in Singleton<DiskCardGame.TurnManager>.FindInstance
[Warning: Singleton] Got null in Singleton<DiskCardGame.TurnManager>.FindInstance
[Warning: Singleton] Got null in Singleton<DiskCardGame.TurnManager>.FindInstance
[Warning: Singleton] Got null in Singleton<DiskCardGame.TurnManager>.FindInstance
[Warning: Singleton] Got null in Singleton<DiskCardGame.TurnManager>.FindInstance
[Warning: Singleton] Got null in Singleton<DiskCardGame.TurnManager>.FindInstance
[Warning: Singleton] Got null in Singleton<DiskCardGame.TurnManager>.FindInstance
[Warning: Singleton] Got null in Singleton<DiskCardGame.TurnManager>.FindInstance
[Warning: Singleton] Got null in Singleton<DiskCardGame.TurnManager>.FindInstance
[Warning: Singleton] Got null in Singleton<DiskCardGame.TurnManager>.FindInstance
[Warning: Singleton] Got null in Singleton<DiskCardGame.TurnManager>.FindInstance
[Warning: Singleton] Got null in Singleton<DiskCardGame.TurnManager>.FindInstance
[Warning: Singleton] Got null in Singleton<DiskCardGame.TurnManager>.FindInstance
[Warning: Singleton] Got null in Singleton<DiskCardGame.TurnManager>.FindInstance
[Warning: Singleton] Got null in Singleton<DiskCardGame.TurnManager>.FindInstance
[Warning: Singleton] Got null in Singleton<DiskCardGame.TurnManager>.FindInstance
[Warning: Singleton] Got null in Singleton<DiskCardGame.TurnManager>.FindInstance
[Warning: Singleton] Got null in Singleton<DiskCardGame.TurnManager>.FindInstance
[Warning: Singleton] Got null in Singleton<DiskCardGame.TurnManager>.FindInstance
[Warning: Singleton] Got null in Singleton<DiskCardGame.TurnManager>.FindInstance
[Warning: Singleton] Got null in Singleton<DiskCardGame.TurnManager>.FindInstance
[Warning: Singleton] Got null in Singleton<DiskCardGame.TurnManager>.FindInstance
[Warning: Singleton] Got null in Singleton<DiskCardGame.TurnManager>.FindInstance
[Warning: Singleton] Got null in Singleton<DiskCardGame.TurnManager>.FindInstance
[Warning: Singleton] Got null in Singleton<DiskCardGame.TurnManager>.FindInstance
[Warning: Singleton] Got null in Singleton<DiskCardGame.TurnManager>.FindInstance
[Warning: Singleton] Got null in Singleton<DiskCardGame.TurnManager>.FindInstance
[Warning: Singleton] Got null in Singleton<DiskCardGame.TurnManager>.FindInstance
[Warning: Singleton] Got null in Singleton<DiskCardGame.TurnManager>.FindInstance
[Warning: Singleton] Got null in Singleton<DiskCardGame.TurnManager>.FindInstance
[Warning: Singleton] Got null in Singleton<DiskCardGame.TurnManager>.FindInstance
[Warning: Singleton] Got null in Singleton<DiskCardGame.TurnManager>.FindInstance
[Warning: Singleton] Got null in Singleton<DiskCardGame.TurnManager>.FindInstance
[Warning: Singleton] Got null in Singleton<DiskCardGame.TurnManager>.FindInstance
[Warning: Singleton] Got null in Singleton<DiskCardGame.TurnManager>.FindInstance
[Warning: Singleton] Got null in Singleton<DiskCardGame.TurnManager>.FindInstance
[Warning: Singleton] Got null in Singleton<DiskCardGame.TurnManager>.FindInstance
[Warning: Singleton] Got null in Singleton<DiskCardGame.TurnManager>.FindInstance
[Warning: Singleton] Got null in Singleton<DiskCardGame.TurnManager>.FindInstance
[Warning: Singleton] Got null in Singleton<DiskCardGame.TurnManager>.FindInstance
[Warning: Singleton] Got null in Singleton<DiskCardGame.TurnManager>.FindInstance
[Warning: Singleton] Got null in Singleton<DiskCardGame.TurnManager>.FindInstance
[Warning: Singleton] Got null in Singleton<DiskCardGame.TurnManager>.FindInstance
[Warning: Singleton] Got null in Singleton<DiskCardGame.TurnManager>.FindInstance
[Warning: Singleton] Got null in Singleton<DiskCardGame.TurnManager>.FindInstance
[Warning: Singleton] Got null in Singleton<DiskCardGame.TurnManager>.FindInstance
[Warning: Singleton] Got null in Singleton<DiskCardGame.TurnManager>.FindInstance
[Warning: Singleton] Got null in Singleton<DiskCardGame.TurnManager>.FindInstance
[Warning: Singleton] Got null in Singleton<DiskCardGame.TurnManager>.FindInstance
[Warning: Singleton] Got null in Singleton<DiskCardGame.TurnManager>.FindInstance
[Warning: Singleton] Got null in Singleton<DiskCardGame.TurnManager>.FindInstance
[Warning: Singleton] Got null in Singleton<DiskCardGame.TurnManager>.FindInstance
[Warning: Singleton] Got null in Singleton<DiskCardGame.TurnManager>.FindInstance
[Warning: Singleton] Got null in Singleton<DiskCardGame.TurnManager>.FindInstance
[Warning: Singleton] Got null in Singleton<DiskCardGame.TurnManager>.FindInstance
[Warning: Singleton] Got null in Singleton<DiskCardGame.TurnManager>.FindInstance
[Warning: Singleton] Got null in Singleton<DiskCardGame.TurnManager>.FindInstance
[Warning: Singleton] Got null in Singleton<DiskCardGame.TurnManager>.FindInstance
[Warning: Singleton] Got null in Singleton<DiskCardGame.TurnManager>.FindInstance
[Warning: Singleton] Got null in Singleton<DiskCardGame.TurnManager>.FindInstance
[Warning: Singleton] Got null in Singleton<DiskCardGame.TurnManager>.FindInstance
[Warning: Singleton] Got null in Singleton<DiskCardGame.TurnManager>.FindInstance
[Warning: Singleton] Got null in Singleton<DiskCardGame.TurnManager>.FindInstance
[Warning: Singleton] Got null in Singleton<DiskCardGame.TurnManager>.FindInstance
[Warning: Singleton] Got null in Singleton<DiskCardGame.TurnManager>.FindInstance
[Warning: Singleton] Got null in Singleton<DiskCardGame.TurnManager>.FindInstance
[Warning: Singleton] Got null in Singleton<DiskCardGame.TurnManager>.FindInstance
[Warning: Singleton] Got null in Singleton<DiskCardGame.TurnManager>.FindInstance
[Warning: Singleton] Got null in Singleton<DiskCardGame.TurnManager>.FindInstance
[Warning: Singleton] Got null in Singleton<DiskCardGame.TurnManager>.FindInstance
[Warning: Singleton] Got null in Singleton<DiskCardGame.TurnManager>.FindInstance
[Warning: Singleton] Got null in Singleton<DiskCardGame.TurnManager>.FindInstance
[Warning: Singleton] Got null in Singleton<DiskCardGame.TurnManager>.FindInstance
[Warning: Singleton] Got null in Singleton<DiskCardGame.TurnManager>.FindInstance
[Warning: Singleton] Got null in Singleton<DiskCardGame.TurnManager>.FindInstance
[Warning: Singleton] Got null in Singleton<DiskCardGame.TurnManager>.FindInstance
[Warning: Singleton] Got null in Singleton<DiskCardGame.TurnManager>.FindInstance
[Warning: Singleton] Got null in Singleton<DiskCardGame.TurnManager>.FindInstance
[Warning: Singleton] Got null in Singleton<DiskCardGame.TurnManager>.FindInstance
[Warning: Singleton] Got null in Singleton<DiskCardGame.TurnManager>.FindInstance
[Warning: Singleton] Got null in Singleton<DiskCardGame.TurnManager>.FindInstance
[Warning: Singleton] Got null in Singleton<DiskCardGame.TurnManager>.FindInstance
[Warning: Singleton] Got null in Singleton<DiskCardGame.TurnManager>.FindInstance
[Warning: Singleton] Got null in Singleton<DiskCardGame.TurnManager>.FindInstance
[Warning: Singleton] Got null in Singleton<DiskCardGame.TurnManager>.FindInstance
[Warning: Singleton] Got null in Singleton<DiskCardGame.TurnManager>.FindInstance
[Warning: Singleton] Got null in Singleton<DiskCardGame.TurnManager>.FindInstance
[Warning: Singleton] Got null in Singleton<DiskCardGame.TurnManager>.FindInstance
[Warning: Singleton] Got null in Singleton<DiskCardGame.TurnManager>.FindInstance
[Warning: Singleton] Got null in Singleton<DiskCardGame.TurnManager>.FindInstance
[Warning: Singleton] Got null in Singleton<DiskCardGame.TurnManager>.FindInstance
[Warning: Singleton] Got null in Singleton<DiskCardGame.TurnManager>.FindInstance
[Warning: Singleton] Got null in Singleton<DiskCardGame.TurnManager>.FindInstance
[Warning: Singleton] Got null in Singleton<DiskCardGame.TurnManager>.FindInstance
[Warning: Singleton] Got null in Singleton<DiskCardGame.TurnManager>.FindInstance
[Warning: Singleton] Got null in Singleton<DiskCardGame.TurnManager>.FindInstance
[Warning: Singleton] Got null in Singleton<DiskCardGame.TurnManager>.FindInstance
[Warning: Singleton] Got null in Singleton<DiskCardGame.TurnManager>.FindInstance
[Warning: Singleton] Got null in Singleton<DiskCardGame.TurnManager>.FindInstance
[Warning: Singleton] Got null in Singleton<DiskCardGame.TurnManager>.FindInstance
[Warning: Singleton] Got null in Singleton<DiskCardGame.TurnManager>.FindInstance
[Warning: Singleton] Got null in Singleton<DiskCardGame.TurnManager>.FindInstance
[Warning: Singleton] Got null in Singleton<DiskCardGame.TurnManager>.FindInstance
[Warning: Singleton] Got null in Singleton<DiskCardGame.TurnManager>.FindInstance
[Warning: Singleton] Got null in Singleton<DiskCardGame.TurnManager>.FindInstance
[Warning: Singleton] Got null in Singleton<DiskCardGame.TurnManager>.FindInstance
[Warning: Singleton] Got null in Singleton<DiskCardGame.TurnManager>.FindInstance
[Warning: Singleton] Got null in Singleton<DiskCardGame.TurnManager>.FindInstance
[Warning: Singleton] Got null in Singleton<DiskCardGame.TurnManager>.FindInstance
[Warning: Singleton] Got null in Singleton<DiskCardGame.TurnManager>.FindInstance
[Warning: Singleton] Got null in Singleton<DiskCardGame.TurnManager>.FindInstance
[Warning: Singleton] Got null in Singleton<DiskCardGame.TurnManager>.FindInstance
[Warning: Singleton] Got null in Singleton<DiskCardGame.TurnManager>.FindInstance
[Warning: Singleton] Got null in Singleton<DiskCardGame.TurnManager>.FindInstance
[Warning: Singleton] Got null in Singleton<DiskCardGame.TurnManager>.FindInstance
[Warning: Singleton] Got null in Singleton<DiskCardGame.TurnManager>.FindInstance
[Warning: Singleton] Got null in Singleton<DiskCardGame.TurnManager>.FindInstance
[Warning: Singleton] Got null in Singleton<DiskCardGame.TurnManager>.FindInstance
[Warning: Singleton] Got null in Singleton<DiskCardGame.TurnManager>.FindInstance
[Warning: Singleton] Got null in Singleton<DiskCardGame.TurnManager>.FindInstance
[Warning: Singleton] Got null in Singleton<DiskCardGame.TurnManager>.FindInstance
[Warning: Singleton] Got null in Singleton<DiskCardGame.TurnManager>.FindInstance
[Warning: Singleton] Got null in Singleton<DiskCardGame.TurnManager>.FindInstance
[Warning: Singleton] Got null in Singleton<DiskCardGame.TurnManager>.FindInstance
[Warning: Singleton] Got null in Singleton<DiskCardGame.TurnManager>.FindInstance
[Warning: Singleton] Got null in Singleton<DiskCardGame.TurnManager>.FindInstance
[Warning: Singleton] Got null in Singleton<DiskCardGame.TurnManager>.FindInstance
[Warning: Singleton] Got null in Singleton<DiskCardGame.TurnManager>.FindInstance
[Warning: Singleton] Got null in Singleton<DiskCardGame.TurnManager>.FindInstance
[Warning: Singleton] Got null in Singleton<DiskCardGame.TurnManager>.FindInstance
[Warning: Singleton] Got null in Singleton<DiskCardGame.TurnManager>.FindInstance
[Warning: Singleton] Got null in Singleton<DiskCardGame.TurnManager>.FindInstance
[Warning: Singleton] Got null in Singleton<DiskCardGame.TurnManager>.FindInstance
[Warning: Singleton] Got null in Singleton<DiskCardGame.TurnManager>.FindInstance
[Warning: Singleton] Got null in Singleton<DiskCardGame.TurnManager>.FindInstance
[Warning: Singleton] Got null in Singleton<DiskCardGame.TurnManager>.FindInstance
[Warning: Singleton] Got null in Singleton<DiskCardGame.TurnManager>.FindInstance
[Warning: Singleton] Got null in Singleton<DiskCardGame.TurnManager>.FindInstance
[Warning: Singleton] Got null in Singleton<DiskCardGame.TurnManager>.FindInstance
[Warning: Singleton] Got null in Singleton<DiskCardGame.TurnManager>.FindInstance
[Warning: Singleton] Got null in Singleton<DiskCardGame.TurnManager>.FindInstance
[Warning: Singleton] Got null in Singleton<DiskCardGame.TurnManager>.FindInstance
[Warning: Singleton] Got null in Singleton<DiskCardGame.TurnManager>.FindInstance
[Warning: Singleton] Got null in Singleton<DiskCardGame.TurnManager>.FindInstance
[Warning: Singleton] Got null in Singleton<DiskCardGame.TurnManager>.FindInstance
[Warning: Singleton] Got null in Singleton<DiskCardGame.TurnManager>.FindInstance
[Warning: Singleton] Got null in Singleton<DiskCardGame.TurnManager>.FindInstance
[Warning: Singleton] Got null in Singleton<DiskCardGame.TurnManager>.FindInstance
[Warning: Singleton] Got null in Singleton<DiskCardGame.TurnManager>.FindInstance
[Warning: Singleton] Got null in Singleton<DiskCardGame.TurnManager>.FindInstance
[Warning: Singleton] Got null in Singleton<DiskCardGame.TurnManager>.FindInstance
[Warning: Singleton] Got null in Singleton<DiskCardGame.TurnManager>.FindInstance
[Warning: Singleton] Got null in Singleton<DiskCardGame.TurnManager>.FindInstance
[Warning: Singleton] Got null in Singleton<DiskCardGame.TurnManager>.FindInstance
[Warning: Singleton] Got null in Singleton<DiskCardGame.TurnManager>.FindInstance
[Warning: Singleton] Got null in Singleton<DiskCardGame.TurnManager>.FindInstance
[Warning: Singleton] Got null in Singleton<DiskCardGame.TurnManager>.FindInstance
[Warning: Singleton] Got null in Singleton<DiskCardGame.TurnManager>.FindInstance
[Warning: Singleton] Got null in Singleton<DiskCardGame.TurnManager>.FindInstance
[Warning: Singleton] Got null in Singleton<DiskCardGame.TurnManager>.FindInstance
[Warning: Singleton] Got null in Singleton<DiskCardGame.TurnManager>.FindInstance
[Warning: Singleton] Got null in Singleton<DiskCardGame.TurnManager>.FindInstance
[Warning: Singleton] Got null in Singleton<DiskCardGame.TurnManager>.FindInstance
[Warning: Singleton] Got null in Singleton<DiskCardGame.TurnManager>.FindInstance
[Warning: Singleton] Got null in Singleton<DiskCardGame.TurnManager>.FindInstance
[Warning: Singleton] Got null in Singleton<DiskCardGame.TurnManager>.FindInstance
[Warning: Singleton] Got null in Singleton<DiskCardGame.TurnManager>.FindInstance
[Warning: Singleton] Got null in Singleton<DiskCardGame.TurnManager>.FindInstance
[Warning: Singleton] Got null in Singleton<DiskCardGame.TurnManager>.FindInstance
[Warning: Singleton] Got null in Singleton<DiskCardGame.TurnManager>.FindInstance
[Warning: Singleton] Got null in Singleton<DiskCardGame.TurnManager>.FindInstance
[Warning: Singleton] Got null in Singleton<DiskCardGame.TurnManager>.FindInstance
[Warning: Singleton] Got null in Singleton<DiskCardGame.TurnManager>.FindInstance
[Warning: Singleton] Got null in Singleton<DiskCardGame.TurnManager>.FindInstance
[Warning: Singleton] Got null in Singleton<DiskCardGame.TurnManager>.FindInstance
[Warning: Singleton] Got null in Singleton<DiskCardGame.TurnManager>.FindInstance
[Warning: Singleton] Got null in Singleton<DiskCardGame.TurnManager>.FindInstance
[Warning: Singleton] Got null in Singleton<DiskCardGame.TurnManager>.FindInstance
[Warning: Singleton] Got null in Singleton<DiskCardGame.TurnManager>.FindInstance
[Warning: Singleton] Got null in Singleton<DiskCardGame.TurnManager>.FindInstance
[Warning: Singleton] Got null in Singleton<DiskCardGame.TurnManager>.FindInstance
[Warning: Singleton] Got null in Singleton<DiskCardGame.TurnManager>.FindInstance
[Warning: Singleton] Got null in Singleton<DiskCardGame.TurnManager>.FindInstance
[Warning: Singleton] Got null in Singleton<DiskCardGame.TurnManager>.FindInstance
[Warning: Singleton] Got null in Singleton<DiskCardGame.TurnManager>.FindInstance
[Warning: Singleton] Got null in Singleton<DiskCardGame.TurnManager>.FindInstance
[Warning: Singleton] Got null in Singleton<DiskCardGame.TurnManager>.FindInstance
[Warning: Singleton] Got null in Singleton<DiskCardGame.TurnManager>.FindInstance
[Warning: Singleton] Got null in Singleton<DiskCardGame.TurnManager>.FindInstance
[Warning: Singleton] Got null in Singleton<DiskCardGame.TurnManager>.FindInstance
[Warning: Singleton] Got null in Singleton<DiskCardGame.TurnManager>.FindInstance
[Warning: Singleton] Got null in Singleton<DiskCardGame.TurnManager>.FindInstance
[Warning: Singleton] Got null in Singleton<DiskCardGame.TurnManager>.FindInstance
[Warning: Singleton] Got null in Singleton<DiskCardGame.TurnManager>.FindInstance
[Warning: Singleton] Got null in Singleton<DiskCardGame.TurnManager>.FindInstance
[Warning: Singleton] Got null in Singleton<DiskCardGame.TurnManager>.FindInstance
[Warning: Singleton] Got null in Singleton<DiskCardGame.TurnManager>.FindInstance
[Warning: Singleton] Got null in Singleton<DiskCardGame.TurnManager>.FindInstance
[Warning: Singleton] Got null in Singleton<DiskCardGame.TurnManager>.FindInstance
[Warning: Singleton] Got null in Singleton<DiskCardGame.TurnManager>.FindInstance
[Warning: Singleton] Got null in Singleton<DiskCardGame.TurnManager>.FindInstance
[Warning: Singleton] Got null in Singleton<DiskCardGame.TurnManager>.FindInstance
[Warning: Singleton] Got null in Singleton<DiskCardGame.TurnManager>.FindInstance
[Warning: Singleton] Got null in Singleton<DiskCardGame.TurnManager>.FindInstance
[Warning: Singleton] Got null in Singleton<DiskCardGame.TurnManager>.FindInstance
[Warning: Singleton] Got null in Singleton<DiskCardGame.TurnManager>.FindInstance
[Warning: Singleton] Got null in Singleton<DiskCardGame.TurnManager>.FindInstance
[Warning: Singleton] Got null in Singleton<DiskCardGame.TurnManager>.FindInstance
[Warning: Singleton] Got null in Singleton<DiskCardGame.TurnManager>.FindInstance
[Warning: Singleton] Got null in Singleton<DiskCardGame.TurnManager>.FindInstance
[Warning: Singleton] Got null in Singleton<DiskCardGame.TurnManager>.FindInstance
[Warning: Singleton] Got null in Singleton<DiskCardGame.TurnManager>.FindInstance
[Warning: Singleton] Got null in Singleton<DiskCardGame.TurnManager>.FindInstance
[Warning: Singleton] Got null in Singleton<DiskCardGame.TurnManager>.FindInstance
[Warning: Singleton] Got null in Singleton<DiskCardGame.TurnManager>.FindInstance
[Warning: Singleton] Got null in Singleton<DiskCardGame.TurnManager>.FindInstance
[Warning: Singleton] Got null in Singleton<DiskCardGame.TurnManager>.FindInstance
[Warning: Singleton] Got null in Singleton<DiskCardGame.TurnManager>.FindInstance
[Warning: Singleton] Got null in Singleton<DiskCardGame.TurnManager>.FindInstance
[Warning: Singleton] Got null in Singleton<DiskCardGame.TurnManager>.FindInstance
[Warning: Singleton] Got null in Singleton<DiskCardGame.TurnManager>.FindInstance
[Warning: Singleton] Got null in Singleton<DiskCardGame.TurnManager>.FindInstance
[Warning: Singleton] Got null in Singleton<DiskCardGame.TurnManager>.FindInstance
[Warning: Singleton] Got null in Singleton<DiskCardGame.TurnManager>.FindInstance
[Warning: Singleton] Got null in Singleton<DiskCardGame.TurnManager>.FindInstance
[Warning: Singleton] Got null in Singleton<DiskCardGame.TurnManager>.FindInstance
[Warning: Singleton] Got null in Singleton<DiskCardGame.TurnManager>.FindInstance
[Warning: Singleton] Got null in Singleton<DiskCardGame.TurnManager>.FindInstance
[Warning: Singleton] Got null in Singleton<DiskCardGame.TurnManager>.FindInstance
[Warning: Singleton] Got null in Singleton<DiskCardGame.TurnManager>.FindInstance
[Warning: Singleton] Got null in Singleton<DiskCardGame.TurnManager>.FindInstance
[Warning: Singleton] Got null in Singleton<DiskCardGame.TurnManager>.FindInstance
[Warning: Singleton] Got null in Singleton<DiskCardGame.TurnManager>.FindInstance
[Warning: Singleton] Got null in Singleton<DiskCardGame.TurnManager>.FindInstance
[Warning: Singleton] Got null in Singleton<DiskCardGame.TurnManager>.FindInstance
[Warning: Singleton] Got null in Singleton<DiskCardGame.TurnManager>.FindInstance
[Warning: Singleton] Got null in Singleton<DiskCardGame.TurnManager>.FindInstance
[Warning: Singleton] Got null in Singleton<DiskCardGame.TurnManager>.FindInstance
[Warning: Singleton] Got null in Singleton<DiskCardGame.TurnManager>.FindInstance
[Warning: Singleton] Got null in Singleton<DiskCardGame.TurnManager>.FindInstance
[Warning: Singleton] Got null in Singleton<DiskCardGame.TurnManager>.FindInstance
[Warning: Singleton] Got null in Singleton<DiskCardGame.TurnManager>.FindInstance
[Warning: Singleton] Got null in Singleton<DiskCardGame.TurnManager>.FindInstance
[Warning: Singleton] Got null in Singleton<DiskCardGame.TurnManager>.FindInstance
[Warning: Singleton] Got null in Singleton<DiskCardGame.TurnManager>.FindInstance
[Warning: Singleton] Got null in Singleton<DiskCardGame.TurnManager>.FindInstance
[Warning: Singleton] Got null in Singleton<DiskCardGame.TurnManager>.FindInstance
[Warning: Singleton] Got null in Singleton<DiskCardGame.TurnManager>.FindInstance
[Warning: Singleton] Got null in Singleton<DiskCardGame.TurnManager>.FindInstance
[Warning: Singleton] Got null in Singleton<DiskCardGame.TurnManager>.FindInstance
[Warning: Singleton] Got null in Singleton<DiskCardGame.TurnManager>.FindInstance
[Warning: Singleton] Got null in Singleton<DiskCardGame.TurnManager>.FindInstance
[Warning: Singleton] Got null in Singleton<DiskCardGame.TurnManager>.FindInstance
[Warning: Singleton] Got null in Singleton<DiskCardGame.TurnManager>.FindInstance
[Warning: Singleton] Got null in Singleton<DiskCardGame.TurnManager>.FindInstance
[Warning: Singleton] Got null in Singleton<DiskCardGame.TurnManager>.FindInstance
[Warning: Singleton] Got null in Singleton<DiskCardGame.TurnManager>.FindInstance
[Warning: Singleton] Got null in Singleton<DiskCardGame.TurnManager>.FindInstance
[Warning: Singleton] Got null in Singleton<DiskCardGame.TurnManager>.FindInstance
[Warning: Singleton] Got null in Singleton<DiskCardGame.TurnManager>.FindInstance
[Warning: Singleton] Got null in Singleton<DiskCardGame.TurnManager>.FindInstance
[Warning: Singleton] Got null in Singleton<DiskCardGame.TurnManager>.FindInstance
[Warning: Singleton] Got null in Singleton<DiskCardGame.TurnManager>.FindInstance
[Warning: Singleton] Got null in Singleton<DiskCardGame.TurnManager>.FindInstance
[Warning: Singleton] Got null in Singleton<DiskCardGame.TurnManager>.FindInstance
[Warning: Singleton] Got null in Singleton<DiskCardGame.TurnManager>.FindInstance
[Warning: Singleton] Got null in Singleton<DiskCardGame.TurnManager>.FindInstance
[Warning: Singleton] Got null in Singleton<DiskCardGame.TurnManager>.FindInstance
[Warning: Singleton] Got null in Singleton<DiskCardGame.TurnManager>.FindInstance
[Warning: Singleton] Got null in Singleton<DiskCardGame.TurnManager>.FindInstance
[Warning: Singleton] Got null in Singleton<DiskCardGame.TurnManager>.FindInstance
[Warning: Singleton] Got null in Singleton<DiskCardGame.TurnManager>.FindInstance
[Warning: Singleton] Got null in Singleton<DiskCardGame.TurnManager>.FindInstance
[Warning: Singleton] Got null in Singleton<DiskCardGame.TurnManager>.FindInstance
[Warning: Singleton] Got null in Singleton<DiskCardGame.TurnManager>.FindInstance
[Warning: Singleton] Got null in Singleton<DiskCardGame.TurnManager>.FindInstance
[Warning: Singleton] Got null in Singleton<DiskCardGame.TurnManager>.FindInstance
[Warning: Singleton] Got null in Singleton<DiskCardGame.TurnManager>.FindInstance
[Warning: Singleton] Got null in Singleton<DiskCardGame.TurnManager>.FindInstance
[Warning: Singleton] Got null in Singleton<DiskCardGame.TurnManager>.FindInstance
[Warning: Singleton] Got null in Singleton<DiskCardGame.TurnManager>.FindInstance
[Warning: Singleton] Got null in Singleton<DiskCardGame.TurnManager>.FindInstance
[Warning: Singleton] Got null in Singleton<DiskCardGame.TurnManager>.FindInstance
[Warning: Singleton] Got null in Singleton<DiskCardGame.TurnManager>.FindInstance
[Warning: Singleton] Got null in Singleton<DiskCardGame.TurnManager>.FindInstance
[Warning: Singleton] Got null in Singleton<DiskCardGame.TurnManager>.FindInstance
[Warning: Singleton] Got null in Singleton<DiskCardGame.TurnManager>.FindInstance
[Warning: Singleton] Got null in Singleton<DiskCardGame.TurnManager>.FindInstance
[Warning: Singleton] Got null in Singleton<DiskCardGame.TurnManager>.FindInstance
[Warning: Singleton] Got null in Singleton<DiskCardGame.TurnManager>.FindInstance
[Warning: Singleton] Got null in Singleton<DiskCardGame.TurnManager>.FindInstance
[Warning: Singleton] Got null in Singleton<DiskCardGame.TurnManager>.FindInstance
[Warning: Singleton] Got null in Singleton<DiskCardGame.TurnManager>.FindInstance
[Warning: Singleton] Got null in Singleton<DiskCardGame.TurnManager>.FindInstance
[Warning: Singleton] Got null in Singleton<DiskCardGame.TurnManager>.FindInstance
[Warning: Singleton] Got null in Singleton<DiskCardGame.TurnManager>.FindInstance
[Warning: Singleton] Got null in Singleton<DiskCardGame.TurnManager>.FindInstance
[Warning: Singleton] Got null in Singleton<DiskCardGame.TurnManager>.FindInstance
[Warning: Singleton] Got null in Singleton<DiskCardGame.TurnManager>.FindInstance
[Warning: Singleton] Got null in Singleton<DiskCardGame.TurnManager>.FindInstance
[Warning: Singleton] Got null in Singleton<DiskCardGame.TurnManager>.FindInstance
[Warning: Singleton] Got null in Singleton<DiskCardGame.TurnManager>.FindInstance
[Warning: Singleton] Got null in Singleton<DiskCardGame.TurnManager>.FindInstance
[Warning: Singleton] Got null in Singleton<DiskCardGame.TurnManager>.FindInstance
[Warning: Singleton] Got null in Singleton<DiskCardGame.TurnManager>.FindInstance
[Warning: Singleton] Got null in Singleton<DiskCardGame.TurnManager>.FindInstance
[Warning: Singleton] Got null in Singleton<DiskCardGame.TurnManager>.FindInstance
[Warning: Singleton] Got null in Singleton<DiskCardGame.TurnManager>.FindInstance
[Warning: Singleton] Got null in Singleton<DiskCardGame.TurnManager>.FindInstance
[Warning: Singleton] Got null in Singleton<DiskCardGame.TurnManager>.FindInstance
[Warning: Singleton] Got null in Singleton<DiskCardGame.TurnManager>.FindInstance
[Warning: Singleton] Got null in Singleton<DiskCardGame.TurnManager>.FindInstance
[Warning: Singleton] Got null in Singleton<DiskCardGame.TurnManager>.FindInstance
[Warning: Singleton] Got null in Singleton<DiskCardGame.TurnManager>.FindInstance
[Warning: Singleton] Got null in Singleton<DiskCardGame.TurnManager>.FindInstance
[Warning: Singleton] Got null in Singleton<DiskCardGame.TurnManager>.FindInstance
[Warning: Singleton] Got null in Singleton<DiskCardGame.TurnManager>.FindInstance
[Warning: Singleton] Got null in Singleton<DiskCardGame.TurnManager>.FindInstance
[Warning: Singleton] Got null in Singleton<DiskCardGame.TurnManager>.FindInstance
[Warning: Singleton] Got null in Singleton<DiskCardGame.TurnManager>.FindInstance
[Warning: Singleton] Got null in Singleton<DiskCardGame.TurnManager>.FindInstance
[Warning: Singleton] Got null in Singleton<DiskCardGame.GameFlowManager>.FindInstance
[Warning: Singleton] Got null in Singleton<DiskCardGame.PlayerHand>.FindInstance
[Warning: Singleton] Got null in Singleton<DiskCardGame.TurnManager>.FindInstance
[Warning: Singleton] Got null in Singleton<DiskCardGame.TurnManager>.FindInstance
[Warning: Singleton] Got null in Singleton<DiskCardGame.TurnManager>.FindInstance
[Warning: Singleton] Got null in Singleton<DiskCardGame.TurnManager>.FindInstance
[Warning: Singleton] Got null in Singleton<DiskCardGame.TurnManager>.FindInstance
[Warning: Singleton] Got null in Singleton<DiskCardGame.TurnManager>.FindInstance
[Warning: Singleton] Got null in Singleton<DiskCardGame.TurnManager>.FindInstance
[Warning: Singleton] Got null in Singleton<DiskCardGame.TurnManager>.FindInstance
[Warning: Singleton] Got null in Singleton<DiskCardGame.TurnManager>.FindInstance
[Warning: Singleton] Got null in Singleton<DiskCardGame.TurnManager>.FindInstance
[Warning: Singleton] Got null in Singleton<DiskCardGame.TurnManager>.FindInstance
[Warning: Singleton] Got null in Singleton<DiskCardGame.TurnManager>.FindInstance
[Warning: Singleton] Got null in Singleton<DiskCardGame.TurnManager>.FindInstance
[Warning: Singleton] Got null in Singleton<DiskCardGame.TurnManager>.FindInstance
[Warning: Singleton] Got null in Singleton<DiskCardGame.TurnManager>.FindInstance
[Warning: Singleton] Got null in Singleton<DiskCardGame.TurnManager>.FindInstance
[Warning: Singleton] Got null in Singleton<DiskCardGame.TurnManager>.FindInstance
[Warning: Singleton] Got null in Singleton<DiskCardGame.TurnManager>.FindInstance
[Warning: Singleton] Got null in Singleton<DiskCardGame.TurnManager>.FindInstance
[Warning: Singleton] Got null in Singleton<DiskCardGame.TurnManager>.FindInstance
[Warning: Singleton] Got null in Singleton<DiskCardGame.TurnManager>.FindInstance
[Warning: Singleton] Got null in Singleton<DiskCardGame.TurnManager>.FindInstance
[Warning: Singleton] Got null in Singleton<DiskCardGame.TurnManager>.FindInstance
[Warning: Singleton] Got null in Singleton<DiskCardGame.TurnManager>.FindInstance
[Warning: Singleton] Got null in Singleton<DiskCardGame.TurnManager>.FindInstance
[Warning: Singleton] Got null in Singleton<DiskCardGame.TurnManager>.FindInstance
[Warning: Singleton] Got null in Singleton<DiskCardGame.TurnManager>.FindInstance
[Warning: Singleton] Got null in Singleton<DiskCardGame.TurnManager>.FindInstance
[Warning: Singleton] Got null in Singleton<DiskCardGame.TurnManager>.FindInstance
[Warning: Singleton] Got null in Singleton<DiskCardGame.TurnManager>.FindInstance
[Warning: Singleton] Got null in Singleton<DiskCardGame.TurnManager>.FindInstance
[Warning: Singleton] Got null in Singleton<DiskCardGame.TurnManager>.FindInstance
[Warning: Singleton] Got null in Singleton<DiskCardGame.TurnManager>.FindInstance
[Warning: Singleton] Got null in Singleton<DiskCardGame.TurnManager>.FindInstance
[Warning: Singleton] Got null in Singleton<DiskCardGame.TurnManager>.FindInstance
[Warning: Singleton] Got null in Singleton<DiskCardGame.TurnManager>.FindInstance
[Warning: Singleton] Got null in Singleton<DiskCardGame.TurnManager>.FindInstance
[Warning: Singleton] Got null in Singleton<DiskCardGame.TurnManager>.FindInstance
[Warning: Singleton] Got null in Singleton<DiskCardGame.TurnManager>.FindInstance
[Warning: Singleton] Got null in Singleton<DiskCardGame.TurnManager>.FindInstance
[Warning: Singleton] Got null in Singleton<DiskCardGame.TurnManager>.FindInstance
[Warning: Singleton] Got null in Singleton<DiskCardGame.TurnManager>.FindInstance
[Warning: Singleton] Got null in Singleton<DiskCardGame.TurnManager>.FindInstance
[Warning: Singleton] Got null in Singleton<DiskCardGame.TurnManager>.FindInstance
[Warning: Singleton] Got null in Singleton<DiskCardGame.TurnManager>.FindInstance
[Warning: Singleton] Got null in Singleton<DiskCardGame.TurnManager>.FindInstance
[Warning: Singleton] Got null in Singleton<DiskCardGame.TurnManager>.FindInstance
[Warning: Singleton] Got null in Singleton<DiskCardGame.TurnManager>.FindInstance
[Warning: Singleton] Got null in Singleton<DiskCardGame.TurnManager>.FindInstance
[Warning: Singleton] Got null in Singleton<DiskCardGame.TurnManager>.FindInstance
[Warning: Singleton] Got null in Singleton<DiskCardGame.TurnManager>.FindInstance
[Warning: Singleton] Got null in Singleton<DiskCardGame.TurnManager>.FindInstance
[Warning: Singleton] Got null in Singleton<DiskCardGame.TurnManager>.FindInstance
[Warning: Singleton] Got null in Singleton<DiskCardGame.TurnManager>.FindInstance
[Warning: Singleton] Got null in Singleton<DiskCardGame.TurnManager>.FindInstance
[Warning: Singleton] Got null in Singleton<DiskCardGame.TurnManager>.FindInstance
[Warning: Singleton] Got null in Singleton<DiskCardGame.TurnManager>.FindInstance
[Warning: Singleton] Got null in Singleton<DiskCardGame.TurnManager>.FindInstance
[Warning: Singleton] Got null in Singleton<DiskCardGame.TurnManager>.FindInstance
[Warning: Singleton] Got null in Singleton<DiskCardGame.TurnManager>.FindInstance
[Warning: Singleton] Got null in Singleton<DiskCardGame.TurnManager>.FindInstance
[Warning: Singleton] Got null in Singleton<DiskCardGame.TurnManager>.FindInstance
[Warning: Singleton] Got null in Singleton<DiskCardGame.TurnManager>.FindInstance
[Warning: Singleton] Got null in Singleton<DiskCardGame.TurnManager>.FindInstance
[Warning: Singleton] Got null in Singleton<DiskCardGame.TurnManager>.FindInstance
[Warning: Singleton] Got null in Singleton<DiskCardGame.TurnManager>.FindInstance
[Warning: Singleton] Got null in Singleton<DiskCardGame.TurnManager>.FindInstance
[Warning: Singleton] Got null in Singleton<DiskCardGame.TurnManager>.FindInstance
[Warning: Singleton] Got null in Singleton<DiskCardGame.TurnManager>.FindInstance
[Warning: Singleton] Got null in Singleton<DiskCardGame.TurnManager>.FindInstance
[Warning: Singleton] Got null in Singleton<DiskCardGame.TurnManager>.FindInstance
[Warning: Singleton] Got null in Singleton<DiskCardGame.TurnManager>.FindInstance
[Warning: Singleton] Got null in Singleton<DiskCardGame.TurnManager>.FindInstance
[Warning: Singleton] Got null in Singleton<DiskCardGame.TurnManager>.FindInstance
[Warning: Singleton] Got null in Singleton<DiskCardGame.TurnManager>.FindInstance
[Warning: Singleton] Got null in Singleton<DiskCardGame.TurnManager>.FindInstance
[Warning: Singleton] Got null in Singleton<DiskCardGame.TurnManager>.FindInstance
[Warning: Singleton] Got null in Singleton<DiskCardGame.TurnManager>.FindInstance
[Warning: Singleton] Got null in Singleton<DiskCardGame.TurnManager>.FindInstance
[Warning: Singleton] Got null in Singleton<DiskCardGame.TurnManager>.FindInstance
[Warning: Singleton] Got null in Singleton<DiskCardGame.TurnManager>.FindInstance
[Warning: Singleton] Got null in Singleton<DiskCardGame.TurnManager>.FindInstance
[Warning: Singleton] Got null in Singleton<DiskCardGame.TurnManager>.FindInstance
[Warning: Singleton] Got null in Singleton<DiskCardGame.TurnManager>.FindInstance
[Warning: Singleton] Got null in Singleton<DiskCardGame.TurnManager>.FindInstance
[Warning: Singleton] Got null in Singleton<DiskCardGame.TurnManager>.FindInstance
[Warning: Singleton] Got null in Singleton<DiskCardGame.TurnManager>.FindInstance
[Warning: Singleton] Got null in Singleton<DiskCardGame.TurnManager>.FindInstance
[Warning: Singleton] Got null in Singleton<DiskCardGame.TurnManager>.FindInstance
[Warning: Singleton] Got null in Singleton<DiskCardGame.TurnManager>.FindInstance
[Warning: Singleton] Got null in Singleton<DiskCardGame.TurnManager>.FindInstance
[Warning: Singleton] Got null in Singleton<DiskCardGame.TurnManager>.FindInstance
[Warning: Singleton] Got null in Singleton<DiskCardGame.TurnManager>.FindInstance
[Warning: Singleton] Got null in Singleton<DiskCardGame.TurnManager>.FindInstance
[Warning: Singleton] Got null in Singleton<DiskCardGame.TurnManager>.FindInstance
[Warning: Singleton] Got null in Singleton<DiskCardGame.TurnManager>.FindInstance
[Warning: Singleton] Got null in Singleton<DiskCardGame.TurnManager>.FindInstance
[Warning: Singleton] Got null in Singleton<DiskCardGame.TurnManager>.FindInstance
[Warning: Singleton] Got null in Singleton<DiskCardGame.TurnManager>.FindInstance
[Warning: Singleton] Got null in Singleton<DiskCardGame.TurnManager>.FindInstance
[Warning: Singleton] Got null in Singleton<DiskCardGame.TurnManager>.FindInstance
[Warning: Singleton] Got null in Singleton<DiskCardGame.TurnManager>.FindInstance
[Warning: Singleton] Got null in Singleton<DiskCardGame.TurnManager>.FindInstance
[Warning: Singleton] Got null in Singleton<DiskCardGame.TurnManager>.FindInstance
[Warning: Singleton] Got null in Singleton<DiskCardGame.TurnManager>.FindInstance
[Warning: Singleton] Got null in Singleton<DiskCardGame.TurnManager>.FindInstance
[Warning: Singleton] Got null in Singleton<DiskCardGame.TurnManager>.FindInstance
[Warning: Singleton] Got null in Singleton<DiskCardGame.TurnManager>.FindInstance
[Warning: Singleton] Got null in Singleton<DiskCardGame.TurnManager>.FindInstance
[Warning: Singleton] Got null in Singleton<DiskCardGame.TurnManager>.FindInstance
[Warning: Singleton] Got null in Singleton<DiskCardGame.TurnManager>.FindInstance
[Warning: Singleton] Got null in Singleton<DiskCardGame.TurnManager>.FindInstance
[Warning: Singleton] Got null in Singleton<DiskCardGame.TurnManager>.FindInstance
[Warning: Singleton] Got null in Singleton<DiskCardGame.TurnManager>.FindInstance
[Warning: Singleton] Got null in Singleton<DiskCardGame.TurnManager>.FindInstance
[Warning: Singleton] Got null in Singleton<DiskCardGame.TurnManager>.FindInstance
[Warning: Singleton] Got null in Singleton<DiskCardGame.TurnManager>.FindInstance
[Warning: Singleton] Got null in Singleton<DiskCardGame.TurnManager>.FindInstance
[Warning: Singleton] Got null in Singleton<DiskCardGame.TurnManager>.FindInstance
[Warning: Singleton] Got null in Singleton<DiskCardGame.TurnManager>.FindInstance
[Warning: Singleton] Got null in Singleton<DiskCardGame.TurnManager>.FindInstance
[Warning: Singleton] Got null in Singleton<DiskCardGame.TurnManager>.FindInstance
[Warning: Singleton] Got null in Singleton<DiskCardGame.TurnManager>.FindInstance
[Warning: Singleton] Got null in Singleton<DiskCardGame.TurnManager>.FindInstance
[Warning: Singleton] Got null in Singleton<DiskCardGame.TurnManager>.FindInstance
[Warning: Singleton] Got null in Singleton<DiskCardGame.TurnManager>.FindInstance
[Warning: Singleton] Got null in Singleton<DiskCardGame.TurnManager>.FindInstance
[Warning: Singleton] Got null in Singleton<DiskCardGame.TurnManager>.FindInstance
[Warning: Singleton] Got null in Singleton<DiskCardGame.TurnManager>.FindInstance
[Warning: Singleton] Got null in Singleton<DiskCardGame.TurnManager>.FindInstance
[Warning: Singleton] Got null in Singleton<DiskCardGame.TurnManager>.FindInstance
[Warning: Singleton] Got null in Singleton<DiskCardGame.TurnManager>.FindInstance
[Warning: Singleton] Got null in Singleton<DiskCardGame.TurnManager>.FindInstance
[Warning: Singleton] Got null in Singleton<DiskCardGame.TurnManager>.FindInstance
[Warning: Singleton] Got null in Singleton<DiskCardGame.TurnManager>.FindInstance
[Warning: Singleton] Got null in Singleton<DiskCardGame.TurnManager>.FindInstance
[Warning: Singleton] Got null in Singleton<DiskCardGame.TurnManager>.FindInstance
[Warning: Singleton] Got null in Singleton<DiskCardGame.TurnManager>.FindInstance
[Warning: Singleton] Got null in Singleton<DiskCardGame.TurnManager>.FindInstance
[Warning: Singleton] Got null in Singleton<DiskCardGame.TurnManager>.FindInstance
[Warning: Singleton] Got null in Singleton<DiskCardGame.TurnManager>.FindInstance
[Warning: Singleton] Got null in Singleton<DiskCardGame.TurnManager>.FindInstance
[Warning: Singleton] Got null in Singleton<DiskCardGame.PlayerHand>.FindInstance
[Warning: Singleton] Got null in Singleton<DiskCardGame.TurnManager>.FindInstance
[Warning: Singleton] Got null in Singleton<DiskCardGame.TurnManager>.FindInstance
[Warning: Singleton] Got null in Singleton<DiskCardGame.TurnManager>.FindInstance
[Warning: Singleton] Got null in Singleton<DiskCardGame.TurnManager>.FindInstance
[Warning: Singleton] Got null in Singleton<DiskCardGame.TurnManager>.FindInstance
[Warning: Singleton] Got null in Singleton<DiskCardGame.TurnManager>.FindInstance
[Warning: Singleton] Got null in Singleton<DiskCardGame.TurnManager>.FindInstance
[Warning: Singleton] Got null in Singleton<DiskCardGame.TurnManager>.FindInstance
[Warning: Singleton] Got null in Singleton<DiskCardGame.TurnManager>.FindInstance
[Warning: Singleton] Got null in Singleton<DiskCardGame.TurnManager>.FindInstance
[Warning: Singleton] Got null in Singleton<DiskCardGame.TurnManager>.FindInstance
[Warning: Singleton] Got null in Singleton<DiskCardGame.TurnManager>.FindInstance
[Warning: Singleton] Got null in Singleton<DiskCardGame.TurnManager>.FindInstance
[Warning: Singleton] Got null in Singleton<DiskCardGame.TurnManager>.FindInstance
[Warning: Singleton] Got null in Singleton<DiskCardGame.TurnManager>.FindInstance
[Warning: Singleton] Got null in Singleton<DiskCardGame.TurnManager>.FindInstance
[Warning: Singleton] Got null in Singleton<DiskCardGame.TurnManager>.FindInstance
[Warning: Singleton] Got null in Singleton<DiskCardGame.TurnManager>.FindInstance
[Warning: Singleton] Got null in Singleton<DiskCardGame.TurnManager>.FindInstance
[Warning: Singleton] Got null in Singleton<DiskCardGame.TurnManager>.FindInstance
[Warning: Singleton] Got null in Singleton<DiskCardGame.TurnManager>.FindInstance
[Warning: Singleton] Got null in Singleton<DiskCardGame.TurnManager>.FindInstance
[Warning: Singleton] Got null in Singleton<DiskCardGame.TurnManager>.FindInstance
[Warning: Singleton] Got null in Singleton<DiskCardGame.TurnManager>.FindInstance
[Warning: Singleton] Got null in Singleton<DiskCardGame.TurnManager>.FindInstance
[Warning: Singleton] Got null in Singleton<DiskCardGame.TurnManager>.FindInstance
[Warning: Singleton] Got null in Singleton<DiskCardGame.TurnManager>.FindInstance
[Warning: Singleton] Got null in Singleton<DiskCardGame.TurnManager>.FindInstance
[Warning: Singleton] Got null in Singleton<DiskCardGame.TurnManager>.FindInstance
[Warning: Singleton] Got null in Singleton<DiskCardGame.TurnManager>.FindInstance
[Warning: Singleton] Got null in Singleton<DiskCardGame.TurnManager>.FindInstance
[Warning: Singleton] Got null in Singleton<DiskCardGame.TurnManager>.FindInstance
[Warning: Singleton] Got null in Singleton<DiskCardGame.TurnManager>.FindInstance
[Warning: Singleton] Got null in Singleton<DiskCardGame.TurnManager>.FindInstance
[Warning: Singleton] Got null in Singleton<DiskCardGame.TurnManager>.FindInstance
[Warning: Singleton] Got null in Singleton<DiskCardGame.TurnManager>.FindInstance
[Warning: Singleton] Got null in Singleton<DiskCardGame.TurnManager>.FindInstance
[Warning: Singleton] Got null in Singleton<DiskCardGame.TurnManager>.FindInstance
[Warning: Singleton] Got null in Singleton<DiskCardGame.TurnManager>.FindInstance
[Warning: Singleton] Got null in Singleton<DiskCardGame.TurnManager>.FindInstance
[Warning: Singleton] Got null in Singleton<DiskCardGame.TurnManager>.FindInstance
[Warning: Singleton] Got null in Singleton<DiskCardGame.TurnManager>.FindInstance
[Warning: Singleton] Got null in Singleton<DiskCardGame.TurnManager>.FindInstance
[Warning: Singleton] Got null in Singleton<DiskCardGame.TurnManager>.FindInstance
[Warning: Singleton] Got null in Singleton<DiskCardGame.TurnManager>.FindInstance
[Warning: Singleton] Got null in Singleton<DiskCardGame.TurnManager>.FindInstance
[Warning: Singleton] Got null in Singleton<DiskCardGame.TurnManager>.FindInstance
[Warning: Singleton] Got null in Singleton<DiskCardGame.TurnManager>.FindInstance
[Warning: Singleton] Got null in Singleton<DiskCardGame.TurnManager>.FindInstance
[Warning: Singleton] Got null in Singleton<DiskCardGame.TurnManager>.FindInstance
[Warning: Singleton] Got null in Singleton<DiskCardGame.TurnManager>.FindInstance
[Warning: Singleton] Got null in Singleton<DiskCardGame.TurnManager>.FindInstance
[Warning: Singleton] Got null in Singleton<DiskCardGame.TurnManager>.FindInstance
[Warning: Singleton] Got null in Singleton<DiskCardGame.TurnManager>.FindInstance
[Warning: Singleton] Got null in Singleton<DiskCardGame.TurnManager>.FindInstance
[Warning: Singleton] Got null in Singleton<DiskCardGame.TurnManager>.FindInstance
[Warning: Singleton] Got null in Singleton<DiskCardGame.TurnManager>.FindInstance
[Warning: Singleton] Got null in Singleton<DiskCardGame.TurnManager>.FindInstance
[Warning: Singleton] Got null in Singleton<DiskCardGame.TurnManager>.FindInstance
[Warning: Singleton] Got null in Singleton<DiskCardGame.TurnManager>.FindInstance
[Warning: Singleton] Got null in Singleton<DiskCardGame.TurnManager>.FindInstance
[Warning: Singleton] Got null in Singleton<DiskCardGame.TurnManager>.FindInstance
[Warning: Singleton] Got null in Singleton<DiskCardGame.TurnManager>.FindInstance
[Warning: Singleton] Got null in Singleton<DiskCardGame.TurnManager>.FindInstance
[Warning: Singleton] Got null in Singleton<DiskCardGame.TurnManager>.FindInstance
[Warning: Singleton] Got null in Singleton<DiskCardGame.TurnManager>.FindInstance
[Warning: Singleton] Got null in Singleton<DiskCardGame.TurnManager>.FindInstance
[Warning: Singleton] Got null in Singleton<DiskCardGame.TurnManager>.FindInstance
[Warning: Singleton] Got null in Singleton<DiskCardGame.TurnManager>.FindInstance
[Warning: Singleton] Got null in Singleton<DiskCardGame.TurnManager>.FindInstance
[Warning: Singleton] Got null in Singleton<DiskCardGame.TurnManager>.FindInstance
[Warning: Singleton] Got null in Singleton<DiskCardGame.TurnManager>.FindInstance
[Warning: Singleton] Got null in Singleton<DiskCardGame.TurnManager>.FindInstance
[Warning: Singleton] Got null in Singleton<DiskCardGame.TurnManager>.FindInstance
[Warning: Singleton] Got null in Singleton<DiskCardGame.TurnManager>.FindInstance
[Warning: Singleton] Got null in Singleton<DiskCardGame.TurnManager>.FindInstance
[Warning: Singleton] Got null in Singleton<DiskCardGame.TurnManager>.FindInstance
[Warning: Singleton] Got null in Singleton<DiskCardGame.TurnManager>.FindInstance
[Warning: Singleton] Got null in Singleton<DiskCardGame.TurnManager>.FindInstance
[Warning: Singleton] Got null in Singleton<DiskCardGame.TurnManager>.FindInstance
[Warning: Singleton] Got null in Singleton<DiskCardGame.TurnManager>.FindInstance
[Warning: Singleton] Got null in Singleton<DiskCardGame.TurnManager>.FindInstance
[Warning: Singleton] Got null in Singleton<DiskCardGame.TurnManager>.FindInstance
[Warning: Singleton] Got null in Singleton<DiskCardGame.TurnManager>.FindInstance
[Warning: Singleton] Got null in Singleton<DiskCardGame.TurnManager>.FindInstance
[Warning: Singleton] Got null in Singleton<DiskCardGame.TurnManager>.FindInstance
[Warning: Singleton] Got null in Singleton<DiskCardGame.TurnManager>.FindInstance
[Warning: Singleton] Got null in Singleton<DiskCardGame.TurnManager>.FindInstance
[Warning: Singleton] Got null in Singleton<DiskCardGame.TurnManager>.FindInstance
[Warning: Singleton] Got null in Singleton<DiskCardGame.TurnManager>.FindInstance
[Warning: Singleton] Got null in Singleton<DiskCardGame.TurnManager>.FindInstance
[Warning: Singleton] Got null in Singleton<DiskCardGame.TurnManager>.FindInstance
[Warning: Singleton] Got null in Singleton<DiskCardGame.TurnManager>.FindInstance
[Warning: Singleton] Got null in Singleton<DiskCardGame.TurnManager>.FindInstance
[Warning: Singleton] Got null in Singleton<DiskCardGame.TurnManager>.FindInstance
[Warning: Singleton] Got null in Singleton<DiskCardGame.TurnManager>.FindInstance
[Warning: Singleton] Got null in Singleton<DiskCardGame.TurnManager>.FindInstance
[Warning: Singleton] Got null in Singleton<DiskCardGame.TurnManager>.FindInstance
[Warning: Singleton] Got null in Singleton<DiskCardGame.TurnManager>.FindInstance
[Warning: Singleton] Got null in Singleton<DiskCardGame.TurnManager>.FindInstance
[Warning: Singleton] Got null in Singleton<DiskCardGame.TurnManager>.FindInstance
[Warning: Singleton] Got null in Singleton<DiskCardGame.TurnManager>.FindInstance
[Warning: Singleton] Got null in Singleton<DiskCardGame.TurnManager>.FindInstance
[Warning: Singleton] Got null in Singleton<DiskCardGame.TurnManager>.FindInstance
[Warning: Singleton] Got null in Singleton<DiskCardGame.TurnManager>.FindInstance
[Warning: Singleton] Got null in Singleton<DiskCardGame.TurnManager>.FindInstance
[Warning: Singleton] Got null in Singleton<DiskCardGame.TurnManager>.FindInstance
[Warning: Singleton] Got null in Singleton<DiskCardGame.TurnManager>.FindInstance
[Warning: Singleton] Got null in Singleton<DiskCardGame.TurnManager>.FindInstance
[Warning: Singleton] Got null in Singleton<DiskCardGame.TurnManager>.FindInstance
[Warning: Singleton] Got null in Singleton<DiskCardGame.TurnManager>.FindInstance
[Warning: Singleton] Got null in Singleton<DiskCardGame.TurnManager>.FindInstance
[Warning: Singleton] Got null in Singleton<DiskCardGame.TurnManager>.FindInstance
[Warning: Singleton] Got null in Singleton<DiskCardGame.TurnManager>.FindInstance
[Warning: Singleton] Got null in Singleton<DiskCardGame.TurnManager>.FindInstance
[Warning: Singleton] Got null in Singleton<DiskCardGame.TurnManager>.FindInstance
[Warning: Singleton] Got null in Singleton<DiskCardGame.TurnManager>.FindInstance
[Warning: Singleton] Got null in Singleton<DiskCardGame.TurnManager>.FindInstance
[Warning: Singleton] Got null in Singleton<DiskCardGame.TurnManager>.FindInstance
[Warning: Singleton] Got null in Singleton<DiskCardGame.TurnManager>.FindInstance
[Warning: Singleton] Got null in Singleton<DiskCardGame.TurnManager>.FindInstance
[Warning: Singleton] Got null in Singleton<DiskCardGame.TurnManager>.FindInstance
[Warning: Singleton] Got null in Singleton<DiskCardGame.TurnManager>.FindInstance
[Warning: Singleton] Got null in Singleton<DiskCardGame.TurnManager>.FindInstance
[Warning: Singleton] Got null in Singleton<DiskCardGame.TurnManager>.FindInstance
[Warning: Singleton] Got null in Singleton<DiskCardGame.TurnManager>.FindInstance
[Warning: Singleton] Got null in Singleton<DiskCardGame.TurnManager>.FindInstance
[Warning: Singleton] Got null in Singleton<DiskCardGame.TurnManager>.FindInstance
[Warning: Singleton] Got null in Singleton<DiskCardGame.TurnManager>.FindInstance
[Warning: Singleton] Got null in Singleton<DiskCardGame.TurnManager>.FindInstance
[Warning: Singleton] Got null in Singleton<DiskCardGame.TurnManager>.FindInstance
[Warning: Singleton] Got null in Singleton<DiskCardGame.TurnManager>.FindInstance
[Warning: Singleton] Got null in Singleton<DiskCardGame.TurnManager>.FindInstance
[Warning: Singleton] Got null in Singleton<DiskCardGame.TurnManager>.FindInstance
[Warning: Singleton] Got null in Singleton<DiskCardGame.TurnManager>.FindInstance
[Warning: Singleton] Got null in Singleton<DiskCardGame.TurnManager>.FindInstance
[Warning: Singleton] Got null in Singleton<DiskCardGame.TurnManager>.FindInstance
[Warning: Singleton] Got null in Singleton<DiskCardGame.TurnManager>.FindInstance
[Warning: Singleton] Got null in Singleton<DiskCardGame.TurnManager>.FindInstance
[Warning: Singleton] Got null in Singleton<DiskCardGame.TurnManager>.FindInstance
[Warning: Singleton] Got null in Singleton<DiskCardGame.TurnManager>.FindInstance
[Warning: Singleton] Got null in Singleton<DiskCardGame.TurnManager>.FindInstance
[Warning: Singleton] Got null in Singleton<DiskCardGame.TurnManager>.FindInstance
[Warning: Singleton] Got null in Singleton<DiskCardGame.TurnManager>.FindInstance
[Warning: Singleton] Got null in Singleton<DiskCardGame.TurnManager>.FindInstance
[Warning: Singleton] Got null in Singleton<DiskCardGame.TurnManager>.FindInstance
[Warning: Singleton] Got null in Singleton<DiskCardGame.TurnManager>.FindInstance
[Warning: Singleton] Got null in Singleton<DiskCardGame.TurnManager>.FindInstance
[Warning: Singleton] Got null in Singleton<DiskCardGame.TurnManager>.FindInstance
[Warning: Singleton] Got null in Singleton<DiskCardGame.TurnManager>.FindInstance
[Warning: Singleton] Got null in Singleton<DiskCardGame.TurnManager>.FindInstance
[Warning: Singleton] Got null in Singleton<DiskCardGame.TurnManager>.FindInstance
[Warning: Singleton] Got null in Singleton<DiskCardGame.TurnManager>.FindInstance
[Warning: Singleton] Got null in Singleton<DiskCardGame.TurnManager>.FindInstance
[Warning: Singleton] Got null in Singleton<DiskCardGame.TurnManager>.FindInstance
[Warning: Singleton] Got null in Singleton<DiskCardGame.TurnManager>.FindInstance
[Warning: Singleton] Got null in Singleton<DiskCardGame.TurnManager>.FindInstance
[Warning: Singleton] Got null in Singleton<DiskCardGame.TurnManager>.FindInstance
[Warning: Singleton] Got null in Singleton<DiskCardGame.TurnManager>.FindInstance
[Warning: Singleton] Got null in Singleton<DiskCardGame.TurnManager>.FindInstance
[Warning: Singleton] Got null in Singleton<DiskCardGame.TurnManager>.FindInstance
[Warning: Singleton] Got null in Singleton<DiskCardGame.TurnManager>.FindInstance
[Warning: Singleton] Got null in Singleton<DiskCardGame.TurnManager>.FindInstance
[Warning: Singleton] Got null in Singleton<DiskCardGame.TurnManager>.FindInstance
[Warning: Singleton] Got null in Singleton<DiskCardGame.TurnManager>.FindInstance
[Warning: Singleton] Got null in Singleton<DiskCardGame.TurnManager>.FindInstance
[Info   : KayceePvP] Added created card 'gay' to the PvP run's deck.
[Warning: KayceePvP] PvP: removed forbidden card '!DEATHCARD_BASE' from the deck (deck_final) as a safety net.
[Info   : KayceePvP] Lobby: sent our deck (7 cards, route=Refinamento) to the opponent, waiting for theirs...
[Info   : KayceePvP] PvP handoff: peer deck received (9 cards) - continuing to the duel.
[Warning: Singleton] Got null in Singleton<DiskCardGame.TurnManager>.FindInstance
[Info   : KayceePvP] PvP handoff: no TurnManager yet - loading Part1_Cabin for the duel.
[Warning: Singleton] Got null in Singleton<DiskCardGame.TurnManager>.FindInstance
[Warning: Singleton] Got null in Singleton<DiskCardGame.TurnManager>.FindInstance
[Warning: Singleton] Got null in Singleton<DiskCardGame.TurnManager>.FindInstance
[Warning: Singleton] Got null in Singleton<DiskCardGame.TurnManager>.FindInstance
[Warning: Singleton] Got null in Singleton<DiskCardGame.TurnManager>.FindInstance
[Warning: Singleton] Got null in Singleton<DiskCardGame.TurnManager>.FindInstance
[Warning: Singleton] Got null in Singleton<DiskCardGame.TurnManager>.FindInstance
[Warning: Singleton] Got null in Singleton<DiskCardGame.TurnManager>.FindInstance
[Warning: Singleton] Got null in Singleton<DiskCardGame.TurnManager>.FindInstance
[Warning: Singleton] Got null in Singleton<DiskCardGame.TurnManager>.FindInstance
[Warning: Singleton] Got null in Singleton<DiskCardGame.TurnManager>.FindInstance
[Warning: Singleton] Got null in Singleton<DiskCardGame.TurnManager>.FindInstance
[Warning: Singleton] Got null in Singleton<DiskCardGame.TurnManager>.FindInstance
[Warning: Singleton] Got null in Singleton<DiskCardGame.TurnManager>.FindInstance
[Warning: Singleton] Got null in Singleton<DiskCardGame.TurnManager>.FindInstance
[Warning: Singleton] Got null in Singleton<DiskCardGame.TurnManager>.FindInstance
[Warning: Singleton] Got null in Singleton<DiskCardGame.TurnManager>.FindInstance
[Warning: Singleton] Got null in Singleton<DiskCardGame.TurnManager>.FindInstance
[Warning: Singleton] Got null in Singleton<DiskCardGame.TurnManager>.FindInstance
[Warning: Singleton] Got null in Singleton<DiskCardGame.TurnManager>.FindInstance
[Warning: Singleton] Got null in Singleton<DiskCardGame.TurnManager>.FindInstance
[Warning: Singleton] Got null in Singleton<DiskCardGame.TurnManager>.FindInstance
[Warning: Singleton] Got null in Singleton<DiskCardGame.TurnManager>.FindInstance
[Warning: Singleton] Got null in Singleton<DiskCardGame.TurnManager>.FindInstance
[Warning: Singleton] Got null in Singleton<DiskCardGame.TurnManager>.FindInstance
[Warning: Singleton] Got null in Singleton<DiskCardGame.TurnManager>.FindInstance
[Warning: Singleton] Got null in Singleton<DiskCardGame.TurnManager>.FindInstance
[Warning: Singleton] Got null in Singleton<DiskCardGame.TurnManager>.FindInstance
[Warning: Singleton] Got null in Singleton<DiskCardGame.TurnManager>.FindInstance
[Warning: Singleton] Got null in Singleton<DiskCardGame.TurnManager>.FindInstance
[Warning: Singleton] Got null in Singleton<DiskCardGame.TurnManager>.FindInstance
[Warning: Singleton] Got null in Singleton<DiskCardGame.TurnManager>.FindInstance
[Warning: Singleton] Got null in Singleton<DiskCardGame.TurnManager>.FindInstance
[Warning: Singleton] Got null in Singleton<DiskCardGame.TurnManager>.FindInstance
[Warning: Singleton] Got null in Singleton<DiskCardGame.TurnManager>.FindInstance
[Warning: Singleton] Got null in Singleton<DiskCardGame.TurnManager>.FindInstance
[Warning: Singleton] Got null in Singleton<DiskCardGame.TurnManager>.FindInstance
[Warning: Singleton] Got null in Singleton<DiskCardGame.TurnManager>.FindInstance
[Warning: Singleton] Got null in Singleton<DiskCardGame.TurnManager>.FindInstance
[Warning: Singleton] Got null in Singleton<DiskCardGame.TurnManager>.FindInstance
[Warning: Singleton] Got null in Singleton<DiskCardGame.TurnManager>.FindInstance
[Warning: Singleton] Got null in Singleton<DiskCardGame.TurnManager>.FindInstance
[Warning: Singleton] Got null in Singleton<DiskCardGame.TurnManager>.FindInstance
[Warning: Singleton] Got null in Singleton<DiskCardGame.TurnManager>.FindInstance
[Warning: Singleton] Got null in Singleton<DiskCardGame.TurnManager>.FindInstance
[Warning: Singleton] Got null in Singleton<DiskCardGame.TurnManager>.FindInstance
[Warning: Singleton] Got null in Singleton<DiskCardGame.TurnManager>.FindInstance
[Warning: Singleton] Got null in Singleton<DiskCardGame.TurnManager>.FindInstance
[Warning: Singleton] Got null in Singleton<DiskCardGame.TurnManager>.FindInstance
[Warning: Singleton] Got null in Singleton<DiskCardGame.TurnManager>.FindInstance
[Warning: Singleton] Got null in Singleton<DiskCardGame.TurnManager>.FindInstance
[Warning: Singleton] Got null in Singleton<DiskCardGame.TurnManager>.FindInstance
[Warning: Singleton] Got null in Singleton<DiskCardGame.TurnManager>.FindInstance
[Warning: Singleton] Got null in Singleton<DiskCardGame.TurnManager>.FindInstance
[Warning: Singleton] Got null in Singleton<DiskCardGame.TurnManager>.FindInstance
[Warning: Singleton] Got null in Singleton<DiskCardGame.TurnManager>.FindInstance
[Warning: Singleton] Got null in Singleton<DiskCardGame.TurnManager>.FindInstance
[Warning: Singleton] Got null in Singleton<DiskCardGame.TurnManager>.FindInstance
[Warning: Singleton] Got null in Singleton<DiskCardGame.TurnManager>.FindInstance
[Warning: Singleton] Got null in Singleton<DiskCardGame.TurnManager>.FindInstance
[Warning: Singleton] Got null in Singleton<DiskCardGame.TurnManager>.FindInstance
[Warning: Singleton] Got null in Singleton<DiskCardGame.TurnManager>.FindInstance
[Warning: Singleton] Got null in Singleton<DiskCardGame.TurnManager>.FindInstance
[Warning: Singleton] Got null in Singleton<DiskCardGame.TurnManager>.FindInstance
[Warning: Singleton] Got null in Singleton<DiskCardGame.TurnManager>.FindInstance
[Warning: Singleton] Got null in Singleton<DiskCardGame.TurnManager>.FindInstance
[Warning: Singleton] Got null in Singleton<DiskCardGame.TurnManager>.FindInstance
[Warning: Singleton] Got null in Singleton<DiskCardGame.TurnManager>.FindInstance
[Warning: Singleton] Got null in Singleton<DiskCardGame.TurnManager>.FindInstance
[Warning: Singleton] Got null in Singleton<DiskCardGame.TurnManager>.FindInstance
[Warning: Singleton] Got null in Singleton<DiskCardGame.TurnManager>.FindInstance
[Warning: Singleton] Got null in Singleton<DiskCardGame.TurnManager>.FindInstance
[Warning: Singleton] Got null in Singleton<DiskCardGame.TurnManager>.FindInstance
[Warning: Singleton] Got null in Singleton<DiskCardGame.TurnManager>.FindInstance
[Warning: Singleton] Got null in Singleton<DiskCardGame.TurnManager>.FindInstance
[Warning: Singleton] Got null in Singleton<DiskCardGame.TurnManager>.FindInstance
[Warning: Singleton] Got null in Singleton<DiskCardGame.TurnManager>.FindInstance
[Warning: Singleton] Got null in Singleton<DiskCardGame.TurnManager>.FindInstance
[Warning: Singleton] Got null in Singleton<DiskCardGame.TurnManager>.FindInstance
[Warning: Singleton] Got null in Singleton<DiskCardGame.TurnManager>.FindInstance
[Warning: Singleton] Got null in Singleton<DiskCardGame.TurnManager>.FindInstance
[Warning: Singleton] Got null in Singleton<DiskCardGame.TurnManager>.FindInstance
[Warning: Singleton] Got null in Singleton<DiskCardGame.TurnManager>.FindInstance
[Warning: Singleton] Got null in Singleton<DiskCardGame.TurnManager>.FindInstance
[Warning: Singleton] Got null in Singleton<DiskCardGame.TurnManager>.FindInstance
[Warning: Singleton] Got null in Singleton<DiskCardGame.TurnManager>.FindInstance
[Warning: Singleton] Got null in Singleton<DiskCardGame.TurnManager>.FindInstance
[Warning: Singleton] Got null in Singleton<DiskCardGame.TurnManager>.FindInstance
[Warning: Singleton] Got null in Singleton<DiskCardGame.TurnManager>.FindInstance
[Warning: Singleton] Got null in Singleton<DiskCardGame.TurnManager>.FindInstance
[Warning: Singleton] Got null in Singleton<DiskCardGame.TurnManager>.FindInstance
[Warning: Singleton] Got null in Singleton<DiskCardGame.TurnManager>.FindInstance
[Warning: Singleton] Got null in Singleton<DiskCardGame.TurnManager>.FindInstance
[Warning: Singleton] Got null in Singleton<DiskCardGame.TurnManager>.FindInstance
[Warning: Singleton] Got null in Singleton<DiskCardGame.TurnManager>.FindInstance
[Warning: Singleton] Got null in Singleton<DiskCardGame.TurnManager>.FindInstance
[Warning: Singleton] Got null in Singleton<DiskCardGame.TurnManager>.FindInstance
[Warning: Singleton] Got null in Singleton<DiskCardGame.TurnManager>.FindInstance
[Warning: Singleton] Got null in Singleton<DiskCardGame.TurnManager>.FindInstance
[Warning: Singleton] Got null in Singleton<DiskCardGame.TurnManager>.FindInstance
[Warning: Singleton] Got null in Singleton<DiskCardGame.TurnManager>.FindInstance
[Warning: Singleton] Got null in Singleton<DiskCardGame.TurnManager>.FindInstance
[Warning: Singleton] Got null in Singleton<DiskCardGame.TurnManager>.FindInstance
[Warning: Singleton] Got null in Singleton<DiskCardGame.TurnManager>.FindInstance
[Warning: Singleton] Got null in Singleton<DiskCardGame.TurnManager>.FindInstance
[Warning: Singleton] Got null in Singleton<DiskCardGame.TurnManager>.FindInstance
[Warning: Singleton] Got null in Singleton<DiskCardGame.TurnManager>.FindInstance
[Warning: Singleton] Got null in Singleton<DiskCardGame.TurnManager>.FindInstance
[Warning: Singleton] Got null in Singleton<DiskCardGame.TurnManager>.FindInstance
[Warning: Singleton] Got null in Singleton<DiskCardGame.TurnManager>.FindInstance
[Warning: Singleton] Got null in Singleton<DiskCardGame.TurnManager>.FindInstance
[Warning: Singleton] Got null in Singleton<DiskCardGame.TurnManager>.FindInstance
[Warning: Singleton] Got null in Singleton<DiskCardGame.TurnManager>.FindInstance
[Warning: Singleton] Got null in Singleton<DiskCardGame.TurnManager>.FindInstance
[Warning: Singleton] Got null in Singleton<DiskCardGame.TurnManager>.FindInstance
[Warning: Singleton] Got null in Singleton<DiskCardGame.TurnManager>.FindInstance
[Warning: Singleton] Got null in Singleton<DiskCardGame.TurnManager>.FindInstance
[Warning: Singleton] Got null in Singleton<DiskCardGame.TurnManager>.FindInstance
[Warning: Singleton] Got null in Singleton<DiskCardGame.TurnManager>.FindInstance
[Warning: Singleton] Got null in Singleton<DiskCardGame.TurnManager>.FindInstance
[Warning: Singleton] Got null in Singleton<DiskCardGame.TurnManager>.FindInstance
[Warning: Singleton] Got null in Singleton<DiskCardGame.TurnManager>.FindInstance
[Warning: Singleton] Got null in Singleton<DiskCardGame.TurnManager>.FindInstance
[Warning: Singleton] Got null in Singleton<DiskCardGame.TurnManager>.FindInstance
[Warning: Singleton] Got null in Singleton<DiskCardGame.TurnManager>.FindInstance
[Warning: Singleton] Got null in Singleton<DiskCardGame.TurnManager>.FindInstance
[Warning: Singleton] Got null in Singleton<DiskCardGame.TurnManager>.FindInstance
[Warning: Singleton] Got null in Singleton<DiskCardGame.TurnManager>.FindInstance
[Warning: Singleton] Got null in Singleton<DiskCardGame.TurnManager>.FindInstance
[Warning: Singleton] Got null in Singleton<DiskCardGame.TurnManager>.FindInstance
[Warning: Singleton] Got null in Singleton<DiskCardGame.TurnManager>.FindInstance
[Warning: Singleton] Got null in Singleton<DiskCardGame.TurnManager>.FindInstance
[Warning: Singleton] Got null in Singleton<DiskCardGame.TurnManager>.FindInstance
[Warning: Singleton] Got null in Singleton<DiskCardGame.TurnManager>.FindInstance
[Warning: Singleton] Got null in Singleton<DiskCardGame.TurnManager>.FindInstance
[Warning: Singleton] Got null in Singleton<DiskCardGame.TurnManager>.FindInstance
[Warning: Singleton] Got null in Singleton<DiskCardGame.TurnManager>.FindInstance
[Warning: Singleton] Got null in Singleton<DiskCardGame.TurnManager>.FindInstance
[Warning: Singleton] Got null in Singleton<DiskCardGame.TurnManager>.FindInstance
[Warning: Singleton] Got null in Singleton<DiskCardGame.TurnManager>.FindInstance
[Warning: Singleton] Got null in Singleton<DiskCardGame.TurnManager>.FindInstance
[Warning: Singleton] Got null in Singleton<DiskCardGame.TurnManager>.FindInstance
[Warning: Singleton] Got null in Singleton<DiskCardGame.TurnManager>.FindInstance
[Warning: Singleton] Got null in Singleton<DiskCardGame.TurnManager>.FindInstance
[Warning: Singleton] Got null in Singleton<DiskCardGame.TurnManager>.FindInstance
[Warning: Singleton] Got null in Singleton<DiskCardGame.TurnManager>.FindInstance
[Warning: Singleton] Got null in Singleton<DiskCardGame.TurnManager>.FindInstance
[Warning: Singleton] Got null in Singleton<DiskCardGame.TurnManager>.FindInstance
[Warning: Singleton] Got null in Singleton<DiskCardGame.TurnManager>.FindInstance
[Warning: Singleton] Got null in Singleton<DiskCardGame.TurnManager>.FindInstance
[Warning: Singleton] Got null in Singleton<DiskCardGame.TurnManager>.FindInstance
[Warning: Singleton] Got null in Singleton<DiskCardGame.TurnManager>.FindInstance
[Warning: Singleton] Got null in Singleton<DiskCardGame.TurnManager>.FindInstance
[Warning: Singleton] Got null in Singleton<DiskCardGame.TurnManager>.FindInstance
[Warning: Singleton] Got null in Singleton<DiskCardGame.TurnManager>.FindInstance
[Warning: Singleton] Got null in Singleton<DiskCardGame.TurnManager>.FindInstance
[Warning: Singleton] Got null in Singleton<DiskCardGame.TurnManager>.FindInstance
[Warning: Singleton] Got null in Singleton<DiskCardGame.TurnManager>.FindInstance
[Warning: Singleton] Got null in Singleton<DiskCardGame.TurnManager>.FindInstance
[Warning: Singleton] Got null in Singleton<DiskCardGame.TurnManager>.FindInstance
[Warning: Singleton] Got null in Singleton<DiskCardGame.TurnManager>.FindInstance
[Warning: Singleton] Got null in Singleton<DiskCardGame.TurnManager>.FindInstance
[Warning: Singleton] Got null in Singleton<DiskCardGame.TurnManager>.FindInstance
[Warning: Singleton] Got null in Singleton<DiskCardGame.TurnManager>.FindInstance
[Warning: Singleton] Got null in Singleton<DiskCardGame.TurnManager>.FindInstance
[Warning: Singleton] Got null in Singleton<DiskCardGame.TurnManager>.FindInstance
[Warning: Singleton] Got null in Singleton<DiskCardGame.TurnManager>.FindInstance
[Warning: Singleton] Got null in Singleton<DiskCardGame.TurnManager>.FindInstance
[Info   : KayceePvP] PvP handoff: Part1_Cabin loaded - waiting for TurnManager before starting the duel.
[Warning: Singleton] Got null in Singleton<DiskCardGame.TurnManager>.FindInstance
[Debug  :InscryptionCommunityPatch] Card pool has Energy cards? False. Card pool has Gem cards? False.
[Info   : KayceePvP] PvP handoff: TurnManager found - showing the ready screen before the duel.
[Info   : KayceePvP] Duel (combat): CombatResolutionSignalPatch.ResetForMatch - reason='PrepareForMatch(1091957462)', generation 0 -> 0.
[Info   : KayceePvP] Duel: prepared for match 1091957462 - sequence/turn counters reset.
[Info   : KayceePvP] Duel (lobby-match): INTERBATTLE_RELOAD_LATCH_OFF | match=0 battle=1
[Info   : KayceePvP] Duel (interbattle): ResetBattleFlowForMatch - reason='PvpCardCreationFlow.ShowReadyScreenAndCountdown (real ready phase)', matchId 0 -> 1091957462, _handledBattle 0 -> 0.
[Info   : KayceePvP] PvP: duel_begin confirmed by host protocol - starting the duel now.
[Info   : KayceePvP] PvP items: replaced preparation inventory with exactly one SquirrelBottle for series 1091957462.
[Info   : KayceePvP] Duel (lobby-match): BeginMatch | match=1091957462 frozenLocalDeckCount=7
[Info   : KayceePvP] Duel: ARMED_TURN_OWNERSHIP | self=PEER match=1091957462 battle=1 hostGoesFirstThisBattle=True soloDebugMode=False localFirstTurn=1 expectedOutgoing=1 expectedIncoming=0
[Info   : KayceePvP] Duel: starting with 7 cards.
[Info   : KayceePvP] Duel (totem): SNAPSHOT at battle begin (battle 1) | matchId=1091957462 battleNumber=1 SELF=PEER ownTotems=[none]
[Warning: Singleton] Got null in Singleton<DiskCardGame.ConduitCircuitManager>.FindInstance
[Info   : KayceePvP] Duel HUD: opponent Totem icons tribe=Insect (OK) ability=TripleBlood (OK).
[Warning: Unity Log] DiskCardGame.CardInfo must be instantiated using the ScriptableObject.CreateInstance method instead of new CardInfo.
[Warning: Unity Log] DiskCardGame.CardInfo must be instantiated using the ScriptableObject.CreateInstance method instead of new CardInfo.
[Info   : KayceePvP] Duel (deck-shuffle): role=PEER matchId=1091957462 battleNumber=1 seed=-1056781310 firstPicks=[Squirrel,Squirrel,Squirrel]
[Info   : KayceePvP] Duel (deck-shuffle): role=PEER matchId=1091957462 battleNumber=1 seed=-1056781310 firstPicks=[Mantis,AntQueen,Ouroboros]
[Info   : KayceePvP] NetworkOpponent: waiting for the peer's turn (4 opponent slots available). gen=1
[Info   : KayceePvP] Duel: TRACE_HANDLE_MESSAGE | self=PEER sender=HOST type=card_played match=1091957462 battle=1 turn=0 seq=0 currentTurn=0 isPlayerTurn=False netTransitMsApprox=467,7
[Info   : KayceePvP] Duel: RECEIVED | match=1091957462 battle=1 turn=0 seq=0 sender=HOST type=card_played card=Squirrel slot=1 queueBefore=0 queueAfter=1 currentTurn=0
[Info   : KayceePvP] Duel: TRACE_HANDLE_MESSAGE | self=PEER sender=HOST type=duel_state_hash match=1091957462 battle=1 turn=0 seq=1 currentTurn=0 isPlayerTurn=False netTransitMsApprox=424,6
[Info   : KayceePvP] Duel: RECEIVED PEER HASH | match=1091957462 sender=HOST forSeq=0 basedOnActionFromHost=True hash=gTdTz5wshTHQWsmd
[Info   : KayceePvP] NetworkOpponent: PROCESSING | gen=1 match=1091957462 battle=1 turn=0 seq=0 type=card_played queueBefore=1 queueAfter=0 currentTurn=0 isPlayerTurn=False queueDwellMs=41,6
[Info   : KayceePvP] NetworkOpponent: queueing 'Squirrel' onto opponent slot 1.
[Info   : KayceePvP] Duel: LOCAL STATE HASH | match=1091957462 forSeq=0 basedOnActionFromHost=True hash=gTdTz5wshTHQWsmd state=[HOST=[EMPTY;Squirrel/0/1/[];EMPTY;EMPTY] PEER=[EMPTY;EMPTY;EMPTY;EMPTY] BAL=0 TURN=0 BATTLE=1 HW=0 PW=0]
[Info   : KayceePvP] Duel: STATE HASH MATCH | match=1091957462 forSeq=0 basedOnActionFromHost=True hash=gTdTz5wshTHQWsmd
[Info   : KayceePvP] Duel: TRACE_HANDLE_MESSAGE | self=PEER sender=HOST type=card_played match=1091957462 battle=1 turn=0 seq=2 currentTurn=0 isPlayerTurn=False netTransitMsApprox=474,6
[Info   : KayceePvP] Duel: RECEIVED | match=1091957462 battle=1 turn=0 seq=2 sender=HOST type=card_played card=Ant slot=1 queueBefore=0 queueAfter=1 currentTurn=0
[Info   : KayceePvP] NetworkOpponent: PROCESSING | gen=1 match=1091957462 battle=1 turn=0 seq=2 type=card_played queueBefore=1 queueAfter=0 currentTurn=0 isPlayerTurn=False queueDwellMs=8,6
[Info   : KayceePvP] Duel: TRACE_HANDLE_MESSAGE | self=PEER sender=HOST type=duel_state_hash match=1091957462 battle=1 turn=0 seq=3 currentTurn=0 isPlayerTurn=False netTransitMsApprox=428,4
[Info   : KayceePvP] Duel: RECEIVED PEER HASH | match=1091957462 sender=HOST forSeq=2 basedOnActionFromHost=True hash=WXz2bzZ2KAWo5Aam
[Info   : KayceePvP] NetworkOpponent: applying remote sacrifice at slot 1 ('Squirrel').
[Info   : KayceePvP] Duel (card-sync): RECV card='Ant' | SELF=PEER RECONSTRUCTED_BASE=[] WIRE=[22] TO_ADD=[22] TO_NEGATE=[] FINAL_EFFECTIVE=[22]
[Info   : KayceePvP] NetworkOpponent: queueing 'Ant' onto opponent slot 1.
[Info   : KayceePvP] Duel (totem): TRIGGER=NETWORK_RECONSTRUCTION card='Ant' arrived with a fromTotem mod | CARD_ABSOLUTE_OWNER=HOST SELF=PEER FINAL_RUNTIME_ABILITIES=[TripleBlood]
[Info   : KayceePvP] Duel: LOCAL STATE HASH | match=1091957462 forSeq=2 basedOnActionFromHost=True hash=WXz2bzZ2KAWo5Aam state=[HOST=[EMPTY;Ant/1/2/[22];EMPTY;EMPTY] PEER=[EMPTY;EMPTY;EMPTY;EMPTY] BAL=0 TURN=0 BATTLE=1 HW=0 PW=0]
[Info   : KayceePvP] Duel: STATE HASH MATCH | match=1091957462 forSeq=2 basedOnActionFromHost=True hash=WXz2bzZ2KAWo5Aam
[Info   : KayceePvP] Duel: TRACE_HANDLE_MESSAGE | self=PEER sender=HOST type=card_played match=1091957462 battle=1 turn=0 seq=4 currentTurn=0 isPlayerTurn=False netTransitMsApprox=436,2
[Info   : KayceePvP] Duel: RECEIVED | match=1091957462 battle=1 turn=0 seq=4 sender=HOST type=card_played card=Moose slot=0 queueBefore=0 queueAfter=1 currentTurn=0
[Info   : KayceePvP] NetworkOpponent: PROCESSING | gen=1 match=1091957462 battle=1 turn=0 seq=4 type=card_played queueBefore=1 queueAfter=0 currentTurn=0 isPlayerTurn=False queueDwellMs=6,5
[Info   : KayceePvP] Duel: TRACE_HANDLE_MESSAGE | self=PEER sender=HOST type=duel_state_hash match=1091957462 battle=1 turn=0 seq=5 currentTurn=0 isPlayerTurn=False netTransitMsApprox=422,1
[Info   : KayceePvP] Duel: RECEIVED PEER HASH | match=1091957462 sender=HOST forSeq=4 basedOnActionFromHost=True hash=aSdEfuq+ofuvpluz
[Info   : KayceePvP] NetworkOpponent: applying remote sacrifice at slot 1 ('Ant').
[Info   : KayceePvP] Duel (card-sync): RECV card='Moose' | SELF=PEER RECONSTRUCTED_BASE=[16] WIRE=[16] TO_ADD=[] TO_NEGATE=[] FINAL_EFFECTIVE=[16]
[Info   : KayceePvP] NetworkOpponent: queueing 'Moose' onto opponent slot 0.
[Info   : KayceePvP] Duel: TRACE_HANDLE_MESSAGE | self=PEER sender=HOST type=end_turn match=1091957462 battle=1 turn=0 seq=6 currentTurn=0 isPlayerTurn=False netTransitMsApprox=424,2
[Info   : KayceePvP] Duel: RECEIVED | match=1091957462 battle=1 turn=0 seq=6 sender=HOST type=end_turn queueBefore=0 queueAfter=1 currentTurn=0
[Info   : KayceePvP] Duel: LOCAL STATE HASH | match=1091957462 forSeq=4 basedOnActionFromHost=True hash=aSdEfuq+ofuvpluz state=[HOST=[Moose/3/7/[16];EMPTY;EMPTY;EMPTY] PEER=[EMPTY;EMPTY;EMPTY;EMPTY] BAL=0 TURN=0 BATTLE=1 HW=0 PW=0]
[Info   : KayceePvP] Duel: STATE HASH MATCH | match=1091957462 forSeq=4 basedOnActionFromHost=True hash=aSdEfuq+ofuvpluz
[Info   : KayceePvP] NetworkOpponent: PROCESSING | gen=1 match=1091957462 battle=1 turn=0 seq=6 type=end_turn queueBefore=1 queueAfter=0 currentTurn=0 isPlayerTurn=False queueDwellMs=309,9
[Info   : KayceePvP] NetworkOpponent: end_turn (seq=6) arrived during SetupPhase's QueueFirstCardBeforePlayer mirror - vanilla never calls DoCombatPhase for this turn on its own, running it here before releasing this side's own first turn. gen=1 generationBefore=0
[Info   : KayceePvP] Duel (combat): COMBAT_PHASE_STARTED | self=PEER generation=1 playerIsAttacker=False
[Info   : KayceePvP] Duel: TRACE_HANDLE_MESSAGE | self=PEER sender=HOST type=duel_state_hash match=1091957462 battle=1 turn=1 seq=7 currentTurn=0 isPlayerTurn=False netTransitMsApprox=436,8
[Info   : KayceePvP] Duel: RECEIVED PEER HASH | match=1091957462 sender=HOST forSeq=6 basedOnActionFromHost=True hash=nUpk0eRCTca6Zo93
[Info   : KayceePvP] Duel (combat): COMBAT_PHASE_RESOLVED | self=PEER generation=1 playerIsAttacker=False
[Info   : KayceePvP] Duel: LOCAL STATE HASH | match=1091957462 forSeq=6 basedOnActionFromHost=True hash=nUpk0eRCTca6Zo93 state=[HOST=[Moose/3/7/[16];EMPTY;EMPTY;EMPTY] PEER=[EMPTY;EMPTY;EMPTY;EMPTY] BAL=3 TURN=1 BATTLE=1 HW=0 PW=0]
[Info   : KayceePvP] Duel: STATE HASH MATCH | match=1091957462 forSeq=6 basedOnActionFromHost=True hash=nUpk0eRCTca6Zo93
[Info   : KayceePvP] DIAG PlayerIsWinner | role=PEER result=False opponent.NumLives=1 opponent.Surrendered=False
[Info   : KayceePvP] DIAG GameIsOver | role=PEER result=False balance=-3 opponent.NumLives=1 opponent.Surrendered=False PlayerSurrendered=False MatchEnded=False
[Info   : KayceePvP] Duel: SENDING | match=1091957462 turn=1 seq=4 sender=PEER type=card_played card=Squirrel slot=0
[Info   : KayceePvP] Duel: LOCAL STATE HASH | match=1091957462 forSeq=4 basedOnActionFromHost=False hash=yKeCkPmYcINeLMjM state=[HOST=[Moose/3/7/[16];EMPTY;EMPTY;EMPTY] PEER=[Squirrel/0/1/[];EMPTY;EMPTY;EMPTY] BAL=3 TURN=1 BATTLE=1 HW=0 PW=0]
[Info   : KayceePvP] Duel: TRACE_HANDLE_MESSAGE | self=PEER sender=HOST type=duel_state_hash match=1091957462 battle=1 turn=1 seq=8 currentTurn=1 isPlayerTurn=True netTransitMsApprox=448,8
[Info   : KayceePvP] Duel: RECEIVED PEER HASH | match=1091957462 sender=HOST forSeq=4 basedOnActionFromHost=False hash=sUXjflVziIHTvCA6
[Error  : KayceePvP] Duel: STATE HASH MISMATCH | match=1091957462 forSeq=4 basedOnActionFromHost=False localHash=yKeCkPmYcINeLMjM peerHash=sUXjflVziIHTvCA6
[Error  : KayceePvP] Duel: local state dump (forSeq=4) | HOST=[Moose/3/7/[16];EMPTY;EMPTY;EMPTY] PEER=[Squirrel/0/1/[];EMPTY;EMPTY;EMPTY] BAL=3 TURN=1 BATTLE=1 HW=0 PW=0
[Info   : KayceePvP] Duel: captured sacrifice of 'Squirrel' at slot 0 - will attach to the next card_played broadcast.
[Info   : KayceePvP] Duel: SENDING | match=1091957462 turn=1 seq=6 sender=PEER type=card_played card=Mantis slot=1 sacrificedSlots=[0]
[Info   : KayceePvP] Duel: LOCAL STATE HASH | match=1091957462 forSeq=6 basedOnActionFromHost=False hash=wjFdJvlxlObOfrur state=[HOST=[Moose/3/7/[16];EMPTY;EMPTY;EMPTY] PEER=[EMPTY;Mantis/1/1/[24];EMPTY;EMPTY] BAL=3 TURN=1 BATTLE=1 HW=0 PW=0]
[Info   : KayceePvP] Duel: TRACE_HANDLE_MESSAGE | self=PEER sender=HOST type=duel_state_hash match=1091957462 battle=1 turn=1 seq=9 currentTurn=1 isPlayerTurn=True netTransitMsApprox=446,3
[Info   : KayceePvP] Duel: RECEIVED PEER HASH | match=1091957462 sender=HOST forSeq=6 basedOnActionFromHost=False hash=1Pd08oNAkDsoZs2p
[Error  : KayceePvP] Duel: STATE HASH MISMATCH | match=1091957462 forSeq=6 basedOnActionFromHost=False localHash=wjFdJvlxlObOfrur peerHash=1Pd08oNAkDsoZs2p
[Error  : KayceePvP] Duel: local state dump (forSeq=6) | HOST=[Moose/3/7/[16];EMPTY;EMPTY;EMPTY] PEER=[EMPTY;Mantis/1/1/[24];EMPTY;EMPTY] BAL=3 TURN=1 BATTLE=1 HW=0 PW=0
[Info   : KayceePvP] Duel: SENDING | match=1091957462 turn=1 seq=8 sender=PEER type=end_turn cardsPlayedThisTurn=2
[Info   : KayceePvP] Duel (combat): COMBAT_PHASE_STARTED | self=PEER generation=2 playerIsAttacker=True
[Info   : KayceePvP] Duel (combat): COMBAT_PHASE_RESOLVED | self=PEER generation=2 playerIsAttacker=True
[Info   : KayceePvP] Duel (ability-trigger): GlobalTriggerHandler.TriggerCardsOnBoard(Trigger.TurnEnd) DISPATCHED | SELF=PEER playerTurnEndArg=True
[Info   : KayceePvP] Duel: LOCAL STATE HASH | match=1091957462 forSeq=8 basedOnActionFromHost=False hash=M7kZjaXvVcjJ+seW state=[HOST=[Moose/3/6/[16];EMPTY;EMPTY;EMPTY] PEER=[EMPTY;Mantis/1/1/[24];EMPTY;EMPTY] BAL=2 TURN=2 BATTLE=1 HW=0 PW=0]
[Info   : KayceePvP] Duel (ability-trigger): Strafe.RespondsToTurnEnd | ABILITY=StrafePush CARD='Moose' CARD_ABSOLUTE_OWNER=HOST LOCAL_SIDE=OPPONENT SELF=PEER playerTurnEnd=True RESULT=False
[Info   : KayceePvP] Duel: TRACE_HANDLE_MESSAGE | self=PEER sender=HOST type=duel_state_hash match=1091957462 battle=1 turn=2 seq=10 currentTurn=2 isPlayerTurn=True netTransitMsApprox=454,9
[Info   : KayceePvP] Duel: RECEIVED PEER HASH | match=1091957462 sender=HOST forSeq=8 basedOnActionFromHost=False hash=89QRujiF//BMWO7/
[Error  : KayceePvP] Duel: STATE HASH MISMATCH | match=1091957462 forSeq=8 basedOnActionFromHost=False localHash=M7kZjaXvVcjJ+seW peerHash=89QRujiF//BMWO7/
[Error  : KayceePvP] Duel: local state dump (forSeq=8) | HOST=[Moose/3/6/[16];EMPTY;EMPTY;EMPTY] PEER=[EMPTY;Mantis/1/1/[24];EMPTY;EMPTY] BAL=2 TURN=2 BATTLE=1 HW=0 PW=0
[Info   : KayceePvP] NetworkOpponent: waiting for the peer's turn (4 opponent slots available). gen=2
[Info   : KayceePvP] Duel: TRACE_HANDLE_MESSAGE | self=PEER sender=HOST type=end_turn match=1091957462 battle=1 turn=2 seq=11 currentTurn=2 isPlayerTurn=False netTransitMsApprox=423,8
[Info   : KayceePvP] Duel: RECEIVED | match=1091957462 battle=1 turn=2 seq=11 sender=HOST type=end_turn queueBefore=0 queueAfter=1 currentTurn=2
[Info   : KayceePvP] NetworkOpponent: PROCESSING | gen=2 match=1091957462 battle=1 turn=2 seq=11 type=end_turn queueBefore=1 queueAfter=0 currentTurn=2 isPlayerTurn=False queueDwellMs=10,1
[Info   : KayceePvP] Duel (combat): COMBAT_PHASE_STARTED | self=PEER generation=3 playerIsAttacker=False
[Info   : KayceePvP] Duel: TRACE_HANDLE_MESSAGE | self=PEER sender=HOST type=duel_state_hash match=1091957462 battle=1 turn=3 seq=12 currentTurn=2 isPlayerTurn=False netTransitMsApprox=439,8
[Info   : KayceePvP] Duel: RECEIVED PEER HASH | match=1091957462 sender=HOST forSeq=11 basedOnActionFromHost=True hash=hYkDIjOG/PxIQx53
[Info   : KayceePvP] Duel (combat): COMBAT_PHASE_RESOLVED | self=PEER generation=3 playerIsAttacker=False
[Info   : KayceePvP] Duel (ability-trigger): GlobalTriggerHandler.TriggerCardsOnBoard(Trigger.TurnEnd) DISPATCHED | SELF=PEER playerTurnEndArg=False
[Info   : KayceePvP] Duel: LOCAL STATE HASH | match=1091957462 forSeq=11 basedOnActionFromHost=True hash=pDYi/qPEPVsGhbCt state=[HOST=[Moose/3/6/[16];EMPTY;EMPTY;EMPTY] PEER=[EMPTY;Mantis/1/1/[24];EMPTY;EMPTY] BAL=5 TURN=3 BATTLE=1 HW=0 PW=0]
[Error  : KayceePvP] Duel: STATE HASH MISMATCH | match=1091957462 forSeq=11 basedOnActionFromHost=True localHash=pDYi/qPEPVsGhbCt peerHash=hYkDIjOG/PxIQx53
[Error  : KayceePvP] Duel: local state dump (forSeq=11) | HOST=[Moose/3/6/[16];EMPTY;EMPTY;EMPTY] PEER=[EMPTY;Mantis/1/1/[24];EMPTY;EMPTY] BAL=5 TURN=3 BATTLE=1 HW=0 PW=0
[Info   : KayceePvP] Duel (ability-trigger): Strafe.RespondsToTurnEnd | ABILITY=StrafePush CARD='Moose' CARD_ABSOLUTE_OWNER=HOST LOCAL_SIDE=OPPONENT SELF=PEER playerTurnEnd=False RESULT=True
[Info   : KayceePvP] Duel (ability-trigger): Strafe.RespondsToTurnEnd | ABILITY=StrafePush CARD='Moose' CARD_ABSOLUTE_OWNER=HOST LOCAL_SIDE=OPPONENT SELF=PEER playerTurnEnd=False RESULT=True
[Info   : KayceePvP] Duel (ability-trigger): Strafe.OnTurnEnd STARTED | ABILITY=StrafePush CARD='Moose' CARD_ABSOLUTE_OWNER=HOST LOCAL_SIDE=OPPONENT SELF=PEER playerTurnEnd=False cardSlot=0
[Error  : Unity Log] NullReferenceException: Object reference not set to an instance of an object
Stack trace:
DiskCardGame.ConsumableItemSlot.OnCursorStay () (at <4bde92741da1454db82522c215e393a6>:0)
DiskCardGame.MainInputInteractable.CursorStay () (at <4bde92741da1454db82522c215e393a6>:0)
DiskCardGame.InteractionCursor.UpdateMainInput () (at <4bde92741da1454db82522c215e393a6>:0)
DiskCardGame.InteractionCursor.ManagedUpdate () (at <4bde92741da1454db82522c215e393a6>:0)
FrameLoopManager.ExecuteIteration (FrameLoopManager+IterationType type) (at <4bde92741da1454db82522c215e393a6>:0)
FrameLoopManager.Update () (at <4bde92741da1454db82522c215e393a6>:0)

[Error  : Unity Log] NullReferenceException: Object reference not set to an instance of an object
Stack trace:
DiskCardGame.ConsumableItemSlot.OnCursorStay () (at <4bde92741da1454db82522c215e393a6>:0)
DiskCardGame.MainInputInteractable.CursorStay () (at <4bde92741da1454db82522c215e393a6>:0)
DiskCardGame.InteractionCursor.UpdateMainInput () (at <4bde92741da1454db82522c215e393a6>:0)
DiskCardGame.InteractionCursor.ManagedUpdate () (at <4bde92741da1454db82522c215e393a6>:0)
FrameLoopManager.ExecuteIteration (FrameLoopManager+IterationType type) (at <4bde92741da1454db82522c215e393a6>:0)
FrameLoopManager.Update () (at <4bde92741da1454db82522c215e393a6>:0)

[Error  : Unity Log] NullReferenceException: Object reference not set to an instance of an object
Stack trace:
DiskCardGame.ConsumableItemSlot.OnCursorStay () (at <4bde92741da1454db82522c215e393a6>:0)
DiskCardGame.MainInputInteractable.CursorStay () (at <4bde92741da1454db82522c215e393a6>:0)
DiskCardGame.InteractionCursor.UpdateMainInput () (at <4bde92741da1454db82522c215e393a6>:0)
DiskCardGame.InteractionCursor.ManagedUpdate () (at <4bde92741da1454db82522c215e393a6>:0)
FrameLoopManager.ExecuteIteration (FrameLoopManager+IterationType type) (at <4bde92741da1454db82522c215e393a6>:0)
FrameLoopManager.Update () (at <4bde92741da1454db82522c215e393a6>:0)

[Error  : Unity Log] NullReferenceException: Object reference not set to an instance of an object
Stack trace:
DiskCardGame.ConsumableItemSlot.OnCursorStay () (at <4bde92741da1454db82522c215e393a6>:0)
DiskCardGame.MainInputInteractable.CursorStay () (at <4bde92741da1454db82522c215e393a6>:0)
DiskCardGame.InteractionCursor.UpdateMainInput () (at <4bde92741da1454db82522c215e393a6>:0)
DiskCardGame.InteractionCursor.ManagedUpdate () (at <4bde92741da1454db82522c215e393a6>:0)
FrameLoopManager.ExecuteIteration (FrameLoopManager+IterationType type) (at <4bde92741da1454db82522c215e393a6>:0)
FrameLoopManager.Update () (at <4bde92741da1454db82522c215e393a6>:0)

[Error  : Unity Log] NullReferenceException: Object reference not set to an instance of an object
Stack trace:
DiskCardGame.ConsumableItemSlot.OnCursorStay () (at <4bde92741da1454db82522c215e393a6>:0)
DiskCardGame.MainInputInteractable.CursorStay () (at <4bde92741da1454db82522c215e393a6>:0)
DiskCardGame.InteractionCursor.UpdateMainInput () (at <4bde92741da1454db82522c215e393a6>:0)
DiskCardGame.InteractionCursor.ManagedUpdate () (at <4bde92741da1454db82522c215e393a6>:0)
FrameLoopManager.ExecuteIteration (FrameLoopManager+IterationType type) (at <4bde92741da1454db82522c215e393a6>:0)
FrameLoopManager.Update () (at <4bde92741da1454db82522c215e393a6>:0)

[Error  : Unity Log] NullReferenceException: Object reference not set to an instance of an object
Stack trace:
DiskCardGame.ConsumableItemSlot.OnCursorStay () (at <4bde92741da1454db82522c215e393a6>:0)
DiskCardGame.MainInputInteractable.CursorStay () (at <4bde92741da1454db82522c215e393a6>:0)
DiskCardGame.InteractionCursor.UpdateMainInput () (at <4bde92741da1454db82522c215e393a6>:0)
DiskCardGame.InteractionCursor.ManagedUpdate () (at <4bde92741da1454db82522c215e393a6>:0)
FrameLoopManager.ExecuteIteration (FrameLoopManager+IterationType type) (at <4bde92741da1454db82522c215e393a6>:0)
FrameLoopManager.Update () (at <4bde92741da1454db82522c215e393a6>:0)

[Error  : Unity Log] NullReferenceException: Object reference not set to an instance of an object
Stack trace:
DiskCardGame.ConsumableItemSlot.OnCursorStay () (at <4bde92741da1454db82522c215e393a6>:0)
DiskCardGame.MainInputInteractable.CursorStay () (at <4bde92741da1454db82522c215e393a6>:0)
DiskCardGame.InteractionCursor.UpdateMainInput () (at <4bde92741da1454db82522c215e393a6>:0)
DiskCardGame.InteractionCursor.ManagedUpdate () (at <4bde92741da1454db82522c215e393a6>:0)
FrameLoopManager.ExecuteIteration (FrameLoopManager+IterationType type) (at <4bde92741da1454db82522c215e393a6>:0)
FrameLoopManager.Update () (at <4bde92741da1454db82522c215e393a6>:0)

[Error  : Unity Log] NullReferenceException: Object reference not set to an instance of an object
Stack trace:
DiskCardGame.ConsumableItemSlot.OnCursorStay () (at <4bde92741da1454db82522c215e393a6>:0)
DiskCardGame.MainInputInteractable.CursorStay () (at <4bde92741da1454db82522c215e393a6>:0)
DiskCardGame.InteractionCursor.UpdateMainInput () (at <4bde92741da1454db82522c215e393a6>:0)
DiskCardGame.InteractionCursor.ManagedUpdate () (at <4bde92741da1454db82522c215e393a6>:0)
FrameLoopManager.ExecuteIteration (FrameLoopManager+IterationType type) (at <4bde92741da1454db82522c215e393a6>:0)
FrameLoopManager.Update () (at <4bde92741da1454db82522c215e393a6>:0)

[Error  : Unity Log] NullReferenceException: Object reference not set to an instance of an object
Stack trace:
DiskCardGame.ConsumableItemSlot.OnCursorStay () (at <4bde92741da1454db82522c215e393a6>:0)
DiskCardGame.MainInputInteractable.CursorStay () (at <4bde92741da1454db82522c215e393a6>:0)
DiskCardGame.InteractionCursor.UpdateMainInput () (at <4bde92741da1454db82522c215e393a6>:0)
DiskCardGame.InteractionCursor.ManagedUpdate () (at <4bde92741da1454db82522c215e393a6>:0)
FrameLoopManager.ExecuteIteration (FrameLoopManager+IterationType type) (at <4bde92741da1454db82522c215e393a6>:0)
FrameLoopManager.Update () (at <4bde92741da1454db82522c215e393a6>:0)

[Error  : Unity Log] NullReferenceException: Object reference not set to an instance of an object
Stack trace:
DiskCardGame.ConsumableItemSlot.OnCursorStay () (at <4bde92741da1454db82522c215e393a6>:0)
DiskCardGame.MainInputInteractable.CursorStay () (at <4bde92741da1454db82522c215e393a6>:0)
DiskCardGame.InteractionCursor.UpdateMainInput () (at <4bde92741da1454db82522c215e393a6>:0)
DiskCardGame.InteractionCursor.ManagedUpdate () (at <4bde92741da1454db82522c215e393a6>:0)
FrameLoopManager.ExecuteIteration (FrameLoopManager+IterationType type) (at <4bde92741da1454db82522c215e393a6>:0)
FrameLoopManager.Update () (at <4bde92741da1454db82522c215e393a6>:0)

[Error  : Unity Log] NullReferenceException: Object reference not set to an instance of an object
Stack trace:
DiskCardGame.ConsumableItemSlot.OnCursorStay () (at <4bde92741da1454db82522c215e393a6>:0)
DiskCardGame.MainInputInteractable.CursorStay () (at <4bde92741da1454db82522c215e393a6>:0)
DiskCardGame.InteractionCursor.UpdateMainInput () (at <4bde92741da1454db82522c215e393a6>:0)
DiskCardGame.InteractionCursor.ManagedUpdate () (at <4bde92741da1454db82522c215e393a6>:0)
FrameLoopManager.ExecuteIteration (FrameLoopManager+IterationType type) (at <4bde92741da1454db82522c215e393a6>:0)
FrameLoopManager.Update () (at <4bde92741da1454db82522c215e393a6>:0)

[Error  : Unity Log] NullReferenceException: Object reference not set to an instance of an object
Stack trace:
DiskCardGame.ConsumableItemSlot.OnCursorStay () (at <4bde92741da1454db82522c215e393a6>:0)
DiskCardGame.MainInputInteractable.CursorStay () (at <4bde92741da1454db82522c215e393a6>:0)
DiskCardGame.InteractionCursor.UpdateMainInput () (at <4bde92741da1454db82522c215e393a6>:0)
DiskCardGame.InteractionCursor.ManagedUpdate () (at <4bde92741da1454db82522c215e393a6>:0)
FrameLoopManager.ExecuteIteration (FrameLoopManager+IterationType type) (at <4bde92741da1454db82522c215e393a6>:0)
FrameLoopManager.Update () (at <4bde92741da1454db82522c215e393a6>:0)

[Info   : KayceePvP] Duel: SENDING | match=1091957462 turn=3 seq=11 sender=PEER type=card_played card=Squirrel slot=2
[Info   : KayceePvP] Duel: LOCAL STATE HASH | match=1091957462 forSeq=11 basedOnActionFromHost=False hash=t7cc3KP2Sz8sVxu/ state=[HOST=[EMPTY;Moose/3/6/[16];EMPTY;EMPTY] PEER=[EMPTY;Mantis/1/1/[24];Squirrel/0/1/[];EMPTY] BAL=5 TURN=3 BATTLE=1 HW=0 PW=0]
[Info   : KayceePvP] Duel: TRACE_HANDLE_MESSAGE | self=PEER sender=HOST type=duel_state_hash match=1091957462 battle=1 turn=3 seq=13 currentTurn=3 isPlayerTurn=True netTransitMsApprox=429,4
[Info   : KayceePvP] Duel: RECEIVED PEER HASH | match=1091957462 sender=HOST forSeq=11 basedOnActionFromHost=False hash=kcrn7rKmaG+fiCcd
[Error  : KayceePvP] Duel: STATE HASH MISMATCH | match=1091957462 forSeq=11 basedOnActionFromHost=False localHash=t7cc3KP2Sz8sVxu/ peerHash=kcrn7rKmaG+fiCcd
[Error  : KayceePvP] Duel: local state dump (forSeq=11) | HOST=[EMPTY;Moose/3/6/[16];EMPTY;EMPTY] PEER=[EMPTY;Mantis/1/1/[24];Squirrel/0/1/[];EMPTY] BAL=5 TURN=3 BATTLE=1 HW=0 PW=0
[Info   : KayceePvP] Duel: captured sacrifice of 'Squirrel' at slot 2 - will attach to the next card_played broadcast.
[Info   : KayceePvP] Duel: captured sacrifice of 'Mantis' at slot 1 - will attach to the next card_played broadcast.
[Info   : KayceePvP] Duel (card-sync): SEND card='DireWolfCub' | SELF=PEER BASE=[BoneDigger+Evolve] PERMANENT_MOD_ABILITIES=[TailOnHit] PERMANENT_MOD_NEGATIONS=[] TEMPORARY_MOD_ABILITIES=[] EFFECTIVE=[28+5+10] WIRE=[28+5+10] hasTotemAbility=False
[Info   : KayceePvP] Duel: SENDING | match=1091957462 turn=3 seq=13 sender=PEER type=card_played card=DireWolfCub slot=1 sacrificedSlots=[2,1]
[Info   : KayceePvP] Duel: LOCAL STATE HASH | match=1091957462 forSeq=13 basedOnActionFromHost=False hash=7cKQO2dqeb8G6Q3+ state=[HOST=[EMPTY;Moose/3/6/[16];EMPTY;EMPTY] PEER=[EMPTY;DireWolfCub/1/1/[5,10,28];EMPTY;EMPTY] BAL=5 TURN=3 BATTLE=1 HW=0 PW=0]
[Info   : KayceePvP] Duel: TRACE_HANDLE_MESSAGE | self=PEER sender=HOST type=duel_state_hash match=1091957462 battle=1 turn=3 seq=14 currentTurn=3 isPlayerTurn=True netTransitMsApprox=413,1
[Info   : KayceePvP] Duel: RECEIVED PEER HASH | match=1091957462 sender=HOST forSeq=13 basedOnActionFromHost=False hash=hCwjnN0V0nWH/DIi
[Error  : KayceePvP] Duel: STATE HASH MISMATCH | match=1091957462 forSeq=13 basedOnActionFromHost=False localHash=7cKQO2dqeb8G6Q3+ peerHash=hCwjnN0V0nWH/DIi
[Error  : KayceePvP] Duel: local state dump (forSeq=13) | HOST=[EMPTY;Moose/3/6/[16];EMPTY;EMPTY] PEER=[EMPTY;DireWolfCub/1/1/[5,10,28];EMPTY;EMPTY] BAL=5 TURN=3 BATTLE=1 HW=0 PW=0
[Info   : KayceePvP] Duel: SENDING | match=1091957462 turn=3 seq=15 sender=PEER type=end_turn cardsPlayedThisTurn=2
[Info   : KayceePvP] Duel (combat): COMBAT_PHASE_STARTED | self=PEER generation=4 playerIsAttacker=True
[Info   : KayceePvP] Duel (combat): COMBAT_PHASE_RESOLVED | self=PEER generation=4 playerIsAttacker=True
[Info   : KayceePvP] Duel (ability-trigger): GlobalTriggerHandler.TriggerCardsOnBoard(Trigger.TurnEnd) DISPATCHED | SELF=PEER playerTurnEndArg=True
[Info   : KayceePvP] Duel: LOCAL STATE HASH | match=1091957462 forSeq=15 basedOnActionFromHost=False hash=0jE11jKFG/IABfL5 state=[HOST=[EMPTY;Moose/3/5/[16];EMPTY;EMPTY] PEER=[EMPTY;DireWolfCub/1/1/[5,10,28];EMPTY;EMPTY] BAL=5 TURN=4 BATTLE=1 HW=0 PW=0]
[Info   : KayceePvP] Duel (ability-trigger): Strafe.RespondsToTurnEnd | ABILITY=StrafePush CARD='Moose' CARD_ABSOLUTE_OWNER=HOST LOCAL_SIDE=OPPONENT SELF=PEER playerTurnEnd=True RESULT=False
[Info   : KayceePvP] NetworkOpponent: waiting for the peer's turn (4 opponent slots available). gen=3
[Info   : KayceePvP] Duel: TRACE_HANDLE_MESSAGE | self=PEER sender=HOST type=duel_state_hash match=1091957462 battle=1 turn=4 seq=15 currentTurn=4 isPlayerTurn=False netTransitMsApprox=406,6
[Info   : KayceePvP] Duel: RECEIVED PEER HASH | match=1091957462 sender=HOST forSeq=15 basedOnActionFromHost=False hash=+1qCqo/pKwe5FkyF
[Error  : KayceePvP] Duel: STATE HASH MISMATCH | match=1091957462 forSeq=15 basedOnActionFromHost=False localHash=0jE11jKFG/IABfL5 peerHash=+1qCqo/pKwe5FkyF
[Error  : KayceePvP] Duel: local state dump (forSeq=15) | HOST=[EMPTY;Moose/3/5/[16];EMPTY;EMPTY] PEER=[EMPTY;DireWolfCub/1/1/[5,10,28];EMPTY;EMPTY] BAL=5 TURN=4 BATTLE=1 HW=0 PW=0
[Info   : KayceePvP] Duel: TRACE_HANDLE_MESSAGE | self=PEER sender=HOST type=card_played match=1091957462 battle=1 turn=4 seq=16 currentTurn=4 isPlayerTurn=False netTransitMsApprox=430,2
[Info   : KayceePvP] Duel: RECEIVED | match=1091957462 battle=1 turn=4 seq=16 sender=HOST type=card_played card=Squirrel slot=1 queueBefore=0 queueAfter=1 currentTurn=4
[Info   : KayceePvP] NetworkOpponent: PROCESSING | gen=3 match=1091957462 battle=1 turn=4 seq=16 type=card_played queueBefore=1 queueAfter=0 currentTurn=4 isPlayerTurn=False queueDwellMs=11,1
[Info   : KayceePvP] NetworkOpponent: queueing 'Squirrel' onto opponent slot 1.
[Info   : KayceePvP] Duel: TRACE_HANDLE_MESSAGE | self=PEER sender=HOST type=duel_state_hash match=1091957462 battle=1 turn=4 seq=17 currentTurn=4 isPlayerTurn=False netTransitMsApprox=438,9
[Info   : KayceePvP] Duel: RECEIVED PEER HASH | match=1091957462 sender=HOST forSeq=16 basedOnActionFromHost=True hash=efONtCXWXK3d+xs4
[Info   : KayceePvP] Duel: LOCAL STATE HASH | match=1091957462 forSeq=16 basedOnActionFromHost=True hash=0jE11jKFG/IABfL5 state=[HOST=[EMPTY;Moose/3/5/[16];EMPTY;EMPTY] PEER=[EMPTY;DireWolfCub/1/1/[5,10,28];EMPTY;EMPTY] BAL=5 TURN=4 BATTLE=1 HW=0 PW=0]
[Error  : KayceePvP] Duel: STATE HASH MISMATCH | match=1091957462 forSeq=16 basedOnActionFromHost=True localHash=0jE11jKFG/IABfL5 peerHash=efONtCXWXK3d+xs4
[Error  : KayceePvP] Duel: local state dump (forSeq=16) | HOST=[EMPTY;Moose/3/5/[16];EMPTY;EMPTY] PEER=[EMPTY;DireWolfCub/1/1/[5,10,28];EMPTY;EMPTY] BAL=5 TURN=4 BATTLE=1 HW=0 PW=0
[Info   : KayceePvP] Duel: TRACE_HANDLE_MESSAGE | self=PEER sender=HOST type=card_played match=1091957462 battle=1 turn=4 seq=18 currentTurn=4 isPlayerTurn=False netTransitMsApprox=425,7
[Info   : KayceePvP] Duel: RECEIVED | match=1091957462 battle=1 turn=4 seq=18 sender=HOST type=card_played card=Goat slot=1 queueBefore=0 queueAfter=1 currentTurn=4
[Info   : KayceePvP] NetworkOpponent: PROCESSING | gen=3 match=1091957462 battle=1 turn=4 seq=18 type=card_played queueBefore=1 queueAfter=0 currentTurn=4 isPlayerTurn=False queueDwellMs=5,0
[Info   : KayceePvP] NetworkOpponent: applying remote sacrifice at slot 1 ('Moose').
[Info   : KayceePvP] Duel: TRACE_HANDLE_MESSAGE | self=PEER sender=HOST type=duel_state_hash match=1091957462 battle=1 turn=4 seq=19 currentTurn=4 isPlayerTurn=False netTransitMsApprox=435,2
[Info   : KayceePvP] Duel: RECEIVED PEER HASH | match=1091957462 sender=HOST forSeq=18 basedOnActionFromHost=True hash=p+0vsjfrA4AGOrN3
[Info   : KayceePvP] Duel (card-sync): RECV card='Goat' | SELF=PEER RECONSTRUCTED_BASE=[22] WIRE=[22+7] TO_ADD=[7] TO_NEGATE=[] FINAL_EFFECTIVE=[22+7]
[Info   : KayceePvP] NetworkOpponent: queueing 'Goat' onto opponent slot 1.
[Info   : KayceePvP] Duel: LOCAL STATE HASH | match=1091957462 forSeq=18 basedOnActionFromHost=True hash=PjveRKZsukALvm1L state=[HOST=[EMPTY;Squirrel/0/1/[];EMPTY;EMPTY] PEER=[EMPTY;DireWolfCub/1/1/[5,10,28];EMPTY;EMPTY] BAL=5 TURN=4 BATTLE=1 HW=0 PW=0]
[Error  : KayceePvP] Duel: STATE HASH MISMATCH | match=1091957462 forSeq=18 basedOnActionFromHost=True localHash=PjveRKZsukALvm1L peerHash=p+0vsjfrA4AGOrN3
[Error  : KayceePvP] Duel: local state dump (forSeq=18) | HOST=[EMPTY;Squirrel/0/1/[];EMPTY;EMPTY] PEER=[EMPTY;DireWolfCub/1/1/[5,10,28];EMPTY;EMPTY] BAL=5 TURN=4 BATTLE=1 HW=0 PW=0
[Info   : KayceePvP] Duel: TRACE_HANDLE_MESSAGE | self=PEER sender=HOST type=card_played match=1091957462 battle=1 turn=4 seq=20 currentTurn=4 isPlayerTurn=False netTransitMsApprox=439,7
[Info   : KayceePvP] Duel: RECEIVED | match=1091957462 battle=1 turn=4 seq=20 sender=HOST type=card_played card=Bat slot=3 queueBefore=0 queueAfter=1 currentTurn=4
[Info   : KayceePvP] NetworkOpponent: PROCESSING | gen=3 match=1091957462 battle=1 turn=4 seq=20 type=card_played queueBefore=1 queueAfter=0 currentTurn=4 isPlayerTurn=False queueDwellMs=10,3
[Info   : KayceePvP] Duel (card-sync): RECV card='Bat' | SELF=PEER RECONSTRUCTED_BASE=[19] WIRE=[19] TO_ADD=[] TO_NEGATE=[] FINAL_EFFECTIVE=[19]
[Info   : KayceePvP] NetworkOpponent: queueing 'Bat' onto opponent slot 3.
[Info   : KayceePvP] Duel: TRACE_HANDLE_MESSAGE | self=PEER sender=HOST type=duel_state_hash match=1091957462 battle=1 turn=4 seq=21 currentTurn=4 isPlayerTurn=False netTransitMsApprox=440,4
[Info   : KayceePvP] Duel: RECEIVED PEER HASH | match=1091957462 sender=HOST forSeq=20 basedOnActionFromHost=True hash=GlQvWenzojj50kl3
[Info   : KayceePvP] Duel: LOCAL STATE HASH | match=1091957462 forSeq=20 basedOnActionFromHost=True hash=PQYsQnKAK6OBLR1j state=[HOST=[EMPTY;Squirrel/0/1/[];EMPTY;Bat/2/1/[19]] PEER=[EMPTY;DireWolfCub/1/1/[5,10,28];EMPTY;EMPTY] BAL=5 TURN=4 BATTLE=1 HW=0 PW=0]
[Error  : KayceePvP] Duel: STATE HASH MISMATCH | match=1091957462 forSeq=20 basedOnActionFromHost=True localHash=PQYsQnKAK6OBLR1j peerHash=GlQvWenzojj50kl3
[Error  : KayceePvP] Duel: local state dump (forSeq=20) | HOST=[EMPTY;Squirrel/0/1/[];EMPTY;Bat/2/1/[19]] PEER=[EMPTY;DireWolfCub/1/1/[5,10,28];EMPTY;EMPTY] BAL=5 TURN=4 BATTLE=1 HW=0 PW=0
[Info   : KayceePvP] Duel: TRACE_HANDLE_MESSAGE | self=PEER sender=HOST type=card_played match=1091957462 battle=1 turn=4 seq=22 currentTurn=4 isPlayerTurn=False netTransitMsApprox=450,9
[Info   : KayceePvP] Duel: RECEIVED | match=1091957462 battle=1 turn=4 seq=22 sender=HOST type=card_played card=Bloodhound slot=1 queueBefore=0 queueAfter=1 currentTurn=4
[Info   : KayceePvP] Duel: TRACE_HANDLE_MESSAGE | self=PEER sender=HOST type=duel_state_hash match=1091957462 battle=1 turn=4 seq=23 currentTurn=4 isPlayerTurn=False netTransitMsApprox=465,5
[Info   : KayceePvP] Duel: RECEIVED PEER HASH | match=1091957462 sender=HOST forSeq=22 basedOnActionFromHost=True hash=4nlyy/g5w/SLlaGZ
[Info   : KayceePvP] NetworkOpponent: PROCESSING | gen=3 match=1091957462 battle=1 turn=4 seq=22 type=card_played queueBefore=1 queueAfter=0 currentTurn=4 isPlayerTurn=False queueDwellMs=34,4
[Info   : KayceePvP] NetworkOpponent: applying remote sacrifice at slot 1 ('Squirrel').
[Info   : KayceePvP] Duel (card-sync): RECV card='Bloodhound' | SELF=PEER RECONSTRUCTED_BASE=[18] WIRE=[18] TO_ADD=[] TO_NEGATE=[] FINAL_EFFECTIVE=[18]
[Info   : KayceePvP] NetworkOpponent: queueing 'Bloodhound' onto opponent slot 1.
[Info   : KayceePvP] Duel (ownership): suppressed Tutor.OnResolveOnBoard | ABSOLUTE_OWNER=HOST LOCAL_SIDE=OPPONENT SELF=PEER ABILITY=Tutor card='Goat' - would have wrongly let the local player choose from their own deck.
[Info   : KayceePvP] Duel: LOCAL STATE HASH | match=1091957462 forSeq=22 basedOnActionFromHost=True hash=1gp5gek3Dou1bKH+ state=[HOST=[EMPTY;Goat/0/1/[7,22];EMPTY;Bat/2/1/[19]] PEER=[EMPTY;DireWolfCub/1/1/[5,10,28];EMPTY;EMPTY] BAL=5 TURN=4 BATTLE=1 HW=0 PW=0]
[Error  : KayceePvP] Duel: STATE HASH MISMATCH | match=1091957462 forSeq=22 basedOnActionFromHost=True localHash=1gp5gek3Dou1bKH+ peerHash=4nlyy/g5w/SLlaGZ
[Error  : KayceePvP] Duel: local state dump (forSeq=22) | HOST=[EMPTY;Goat/0/1/[7,22];EMPTY;Bat/2/1/[19]] PEER=[EMPTY;DireWolfCub/1/1/[5,10,28];EMPTY;EMPTY] BAL=5 TURN=4 BATTLE=1 HW=0 PW=0
[Info   : KayceePvP] Duel: TRACE_HANDLE_MESSAGE | self=PEER sender=HOST type=end_turn match=1091957462 battle=1 turn=4 seq=24 currentTurn=4 isPlayerTurn=False netTransitMsApprox=445,2
[Info   : KayceePvP] Duel: RECEIVED | match=1091957462 battle=1 turn=4 seq=24 sender=HOST type=end_turn queueBefore=0 queueAfter=1 currentTurn=4
[Info   : KayceePvP] NetworkOpponent: PROCESSING | gen=3 match=1091957462 battle=1 turn=4 seq=24 type=end_turn queueBefore=1 queueAfter=0 currentTurn=4 isPlayerTurn=False queueDwellMs=8,5
[Info   : KayceePvP] Duel (combat): COMBAT_PHASE_STARTED | self=PEER generation=5 playerIsAttacker=False
[Info   : KayceePvP] Duel (combat): COMBAT_PHASE_RESOLVED | self=PEER generation=5 playerIsAttacker=False
[Info   : KayceePvP] Duel (ability-trigger): GlobalTriggerHandler.TriggerCardsOnBoard(Trigger.TurnEnd) DISPATCHED | SELF=PEER playerTurnEndArg=False
[Info   : KayceePvP] Duel: LOCAL STATE HASH | match=1091957462 forSeq=24 basedOnActionFromHost=True hash=dXMSwpxaKY23cljp state=[HOST=[EMPTY;Goat/0/1/[7,22];EMPTY;Bat/2/1/[19]] PEER=[EMPTY;DireWolfCub/1/1/[5,10,28];EMPTY;EMPTY] BAL=5 TURN=5 BATTLE=1 HW=0 PW=0]
[Info   : KayceePvP] Duel: TRACE_HANDLE_MESSAGE | self=PEER sender=HOST type=duel_state_hash match=1091957462 battle=1 turn=5 seq=25 currentTurn=5 isPlayerTurn=True netTransitMsApprox=417,1
[Info   : KayceePvP] Duel: RECEIVED PEER HASH | match=1091957462 sender=HOST forSeq=24 basedOnActionFromHost=True hash=Q6tOUcd2DWHPGrCz
[Error  : KayceePvP] Duel: STATE HASH MISMATCH | match=1091957462 forSeq=24 basedOnActionFromHost=True localHash=dXMSwpxaKY23cljp peerHash=Q6tOUcd2DWHPGrCz
[Error  : KayceePvP] Duel: local state dump (forSeq=24) | HOST=[EMPTY;Goat/0/1/[7,22];EMPTY;Bat/2/1/[19]] PEER=[EMPTY;DireWolfCub/1/1/[5,10,28];EMPTY;EMPTY] BAL=5 TURN=5 BATTLE=1 HW=0 PW=0
