[Message:   BepInEx] BepInEx 5.4.23.5 - Inscryption (16/06/2026 15:26:48)
[Info   :   BepInEx] Running under Unity v2019.4.24.6137584
[Info   :   BepInEx] CLR runtime version: 4.0.30319.17020
[Info   :   BepInEx] Supports SRE: False
[Info   :   BepInEx] System platform: Bits64, Windows
[Message:   BepInEx] Preloader started
[Info   :   BepInEx] Loaded 1 patcher method from [BepInEx.Preloader 5.4.23.5]
[Info   :   BepInEx] Loaded 1 patcher method from [BepInEx.MonoMod.Loader 1.0.0.0]
[Info   :   BepInEx] 2 patcher plugins loaded
[Info   :   BepInEx] Patching [UnityEngine.CoreModule] with [BepInEx.Chainloader]
[Info   :   MonoMod] Collecting target assemblies from mods
[Info   :   BepInEx] Patching [Assembly-CSharp] with [BepInEx.MonoMod.Loader.Patcher]
[Message:   MonoMod] [Main] Scanning for mods in directory.
[Message:   MonoMod] [ReadMod] Loading mod dir: C:\Users\Administrador\AppData\Roaming\Thunderstore Mod Manager\DataFolder\Inscryption\profiles\KayceePvP\BepInEx\monomod
[Message:   MonoMod] [ReadMod] Loading mod dir: C:\Users\Administrador\AppData\Roaming\Thunderstore Mod Manager\DataFolder\Inscryption\profiles\KayceePvP\BepInEx\monomod\API_dev-API
[Message:   MonoMod] [ReadMod] Loading mod: C:\Users\Administrador\AppData\Roaming\Thunderstore Mod Manager\DataFolder\Inscryption\profiles\KayceePvP\BepInEx\monomod\API_dev-API\Assembly-CSharp.APIPatcher.mm.dll
[Message:   MonoMod] [Main] Found 1 mods
[Message:   MonoMod] [Main] mm.PatchRefs(); fixup pre-pass
[Message:   MonoMod] [Main] mm.AutoPatch();
[Message:   MonoMod] [AutoPatch] Parsing rules in loaded mods
[Message:   MonoMod] [AutoPatch] PrePatch pass
[Message:   MonoMod] [AutoPatch] Patch pass
[Message:   MonoMod] [AutoPatch] PatchRefs pass
[Message:   MonoMod] [PostProcessor] PostProcessor pass #1
[Message:   MonoMod] [Main] Done.
[Message:   BepInEx] Preloader finished
[Message:   BepInEx] Chainloader ready
[Message:   BepInEx] Chainloader started
[Info   :   BepInEx] 4 plugins to load
[Warning:   BepInEx] Skipping [KayceePvP 0.1.3] because a newer version exists (KayceePvP 0.1.3)
[Info   :   BepInEx] Loading [InscryptionAPI 2.24.0]
[Info   :   BepInEx] Loading [InscryptionCommunityPatch 2.24.0]
[Info   :   BepInEx] Loading [KayceePvP 0.1.3]
[Info   : KayceePvP] PvpDialogueOverrides: initialized - 17 event override(s), 4 literal override(s).
[Info   : KayceePvP] Card mutation: PackRat -> Curious Rat (add=[Tutor] negate=[RandomConsumable+RandomAbility]).
[Info   : KayceePvP] Card mutation: Amoeba -> Alpha Amoeba (add=[BuffNeighbours] negate=[RandomAbility]).
[Info   : KayceePvP] SelfCheck: ownership matrix (HOST/PEER x local/remote card, 4/4 cases) passed.
[Info   : KayceePvP] SelfCheck: starter deck gate (multiplayer on/off, 2/2 cases) passed.
[Info   : KayceePvP] SelfCheck: map-mode convergence (shared WaitForPeerDeckThenDuel entry point, no duplicate wait) passed.
[Info   : KayceePvP] SelfCheck: rematch protocol (8/8 cases) passed.
[Info   : KayceePvP] SelfCheck: PvP item allowlist (11/11 cases) passed.
[Info   : KayceePvP] KayceePvP 0.1.3 loaded.
[Message:   BepInEx] Chainloader startup complete
[Info   :   Console] Searching for compatible XInput library...
[Info   :   Console] Found Xinput1_4.dll.
[Info   : Unity Log] Test save file:
[Info   : Unity Log] DiskCardGame.StoryEventsData
[Debug  :InscryptionAPI] Inserted 4 dialogue event(s)!
[Debug  :   BepInEx] [UnityInput] Using LegacyInputSystem
[Info   : Unity Log] Test save file:
[Info   : Unity Log] DiskCardGame.StoryEventsData
[Info   : Unity Log] Received stats and achievements from Steam

[Debug  :InscryptionCommunityPatch] Ability [Reach] stacks [1] time(s)
[Debug  :InscryptionCommunityPatch] Ability [TriStrike] stacks [1] time(s)
[Debug  :InscryptionCommunityPatch] Ability [DrawAnt] stacks [1] time(s)
[Debug  :InscryptionCommunityPatch] Ability [Flying] stacks [1] time(s)
[Debug  :InscryptionCommunityPatch] Ability [DebuffEnemy] stacks [1] time(s)
[Debug  :InscryptionCommunityPatch] Ability [TriStrike] stacks [1] time(s)
[Warning: Unity Log] Parent of RectTransform is being set with parent property. Consider using the SetParent method instead, with the worldPositionStays argument set to false. This will retain local orientation and scale rather than world orientation and scale, which can prevent common UI scaling issues.
[Warning: Unity Log] Parent of RectTransform is being set with parent property. Consider using the SetParent method instead, with the worldPositionStays argument set to false. This will retain local orientation and scale rather than world orientation and scale, which can prevent common UI scaling issues.
[Info   : KayceePvP] New Ascension run requested - opening PvP lobby before it starts.
[Info   : KayceePvP] Lobby: host set map mode = BalancedPath
[Info   : KayceePvP] Relay: connecting to 'kayceepvp.duckdns.org':443...
[Info   : KayceePvP] Relay: TLS handshake complete.
[Error  : KayceePvP] Relay: connection ended - InvalidOperationException: Relay rejected the request: join_failed
[Info   : KayceePvP] Relay: connecting to 'kayceepvp.duckdns.org':443...
[Info   : KayceePvP] Relay: TLS handshake complete.
[Info   : KayceePvP] Relay: paired with peer.
[Info   : KayceePvP] Lobby: run starting, shared map seed = 20260727, matchId = 425820432, mapMode = BalancedPath, names=[gustavo]/[jp]
[Info   : KayceePvP] Lobby ready - starting PvP run with shared map seed 20260727, matchId 425820432, mapMode BalancedPath (host goes first: True).
[Info   :InscryptionAPI] Forest
[Info   :InscryptionAPI] Wetlands
[Info   :InscryptionAPI] Alpine
[Info   : KayceePvP] PvP pelt map: filtered 4 forbidden/special card occurrence(s), including Lice/Hrokkall, from Trader/choice pool.
[Info   : KayceePvP] RunSetup: granted starting totem heads for this run.
[Warning: Singleton] Got null in Singleton<DiskCardGame.TurnManager>.FindInstance
[Warning: Singleton] Got null in Singleton<DiskCardGame.TurnManager>.FindInstance
[Warning: Singleton] Got null in Singleton<DiskCardGame.TurnManager>.FindInstance
[Warning: Singleton] Got null in Singleton<DiskCardGame.TurnManager>.FindInstance
[Warning: Singleton] Got null in Singleton<DiskCardGame.TurnManager>.FindInstance
[Warning: Singleton] Got null in Singleton<DiskCardGame.TurnManager>.FindInstance
[Warning: Singleton] Got null in Singleton<DiskCardGame.TurnManager>.FindInstance
[Warning: Singleton] Got null in Singleton<DiskCardGame.TurnManager>.FindInstance
[Warning: Singleton] Got null in Singleton<DiskCardGame.TurnManager>.FindInstance
[Warning: Singleton] Got null in Singleton<DiskCardGame.TurnManager>.FindInstance
[Warning: Singleton] Got null in Singleton<DiskCardGame.TurnManager>.FindInstance
[Warning: Singleton] Got null in Singleton<DiskCardGame.TurnManager>.FindInstance
[Warning: Singleton] Got null in Singleton<DiskCardGame.TurnManager>.FindInstance
[Warning: Singleton] Got null in Singleton<DiskCardGame.TurnManager>.FindInstance
[Info   : Unity Log] Test save file:
[Info   : Unity Log] DiskCardGame.StoryEventsData
[Warning: Singleton] Got null in Singleton<DiskCardGame.TurnManager>.FindInstance
[Warning: Singleton] Got null in Singleton<DiskCardGame.TurnManager>.FindInstance
[Warning: Singleton] Got null in Singleton<DiskCardGame.TurnManager>.FindInstance
[Warning: Singleton] Got null in Singleton<DiskCardGame.TurnManager>.FindInstance
[Warning: Singleton] Got null in Singleton<DiskCardGame.TurnManager>.FindInstance
[Warning: Singleton] Got null in Singleton<DiskCardGame.TurnManager>.FindInstance
[Warning: Singleton] Got null in Singleton<DiskCardGame.TurnManager>.FindInstance
[Warning: Singleton] Got null in Singleton<DiskCardGame.TurnManager>.FindInstance
[Warning: Singleton] Got null in Singleton<DiskCardGame.TurnManager>.FindInstance
[Warning: Singleton] Got null in Singleton<DiskCardGame.TurnManager>.FindInstance
[Warning: Singleton] Got null in Singleton<DiskCardGame.TurnManager>.FindInstance
[Warning: Singleton] Got null in Singleton<DiskCardGame.TurnManager>.FindInstance
[Warning: Singleton] Got null in Singleton<DiskCardGame.TurnManager>.FindInstance
[Warning: Singleton] Got null in Singleton<DiskCardGame.TurnManager>.FindInstance
[Warning: Singleton] Got null in Singleton<DiskCardGame.TurnManager>.FindInstance
[Warning: Singleton] Got null in Singleton<DiskCardGame.TurnManager>.FindInstance
[Warning: Singleton] Got null in Singleton<DiskCardGame.TurnManager>.FindInstance
[Warning: Singleton] Got null in Singleton<DiskCardGame.TurnManager>.FindInstance
[Warning: Singleton] Got null in Singleton<DiskCardGame.TurnManager>.FindInstance
[Warning: Singleton] Got null in Singleton<DiskCardGame.TurnManager>.FindInstance
[Warning: Singleton] Got null in Singleton<DiskCardGame.TurnManager>.FindInstance
[Warning: Singleton] Got null in Singleton<DiskCardGame.TurnManager>.FindInstance
[Warning: Singleton] Got null in Singleton<DiskCardGame.TurnManager>.FindInstance
[Warning: Singleton] Got null in Singleton<DiskCardGame.TurnManager>.FindInstance
[Warning: Singleton] Got null in Singleton<DiskCardGame.TurnManager>.FindInstance
[Warning: Singleton] Got null in Singleton<DiskCardGame.TurnManager>.FindInstance
[Warning: Singleton] Got null in Singleton<DiskCardGame.TurnManager>.FindInstance
[Warning: Singleton] Got null in Singleton<DiskCardGame.TurnManager>.FindInstance
[Warning: Singleton] Got null in Singleton<DiskCardGame.TurnManager>.FindInstance
[Warning: Singleton] Got null in Singleton<DiskCardGame.TurnManager>.FindInstance
[Warning: Singleton] Got null in Singleton<DiskCardGame.TurnManager>.FindInstance
[Warning: Singleton] Got null in Singleton<DiskCardGame.TurnManager>.FindInstance
[Warning: Singleton] Got null in Singleton<DiskCardGame.TurnManager>.FindInstance
[Warning: Singleton] Got null in Singleton<DiskCardGame.TurnManager>.FindInstance
[Warning: Singleton] Got null in Singleton<DiskCardGame.TurnManager>.FindInstance
[Warning: Singleton] Got null in Singleton<DiskCardGame.TurnManager>.FindInstance
[Warning: Singleton] Got null in Singleton<DiskCardGame.TurnManager>.FindInstance
[Warning: Singleton] Got null in Singleton<DiskCardGame.TurnManager>.FindInstance
[Warning: Singleton] Got null in Singleton<DiskCardGame.TurnManager>.FindInstance
[Warning: Singleton] Got null in Singleton<DiskCardGame.TurnManager>.FindInstance
[Warning: Singleton] Got null in Singleton<DiskCardGame.TurnManager>.FindInstance
[Warning: Singleton] Got null in Singleton<DiskCardGame.TurnManager>.FindInstance
[Warning: Singleton] Got null in Singleton<DiskCardGame.TurnManager>.FindInstance
[Warning: Singleton] Got null in Singleton<DiskCardGame.TurnManager>.FindInstance
[Warning: Singleton] Got null in Singleton<DiskCardGame.TurnManager>.FindInstance
[Warning: Singleton] Got null in Singleton<DiskCardGame.TurnManager>.FindInstance
[Warning: Singleton] Got null in Singleton<DiskCardGame.TurnManager>.FindInstance
[Warning: Singleton] Got null in Singleton<DiskCardGame.TurnManager>.FindInstance
[Warning: Singleton] Got null in Singleton<DiskCardGame.TurnManager>.FindInstance
[Warning: Singleton] Got null in Singleton<DiskCardGame.TurnManager>.FindInstance
[Warning: Singleton] Got null in Singleton<DiskCardGame.TurnManager>.FindInstance
[Debug  :InscryptionCommunityPatch] Card pool has Energy cards? False. Card pool has Gem cards? False.
[Info   : KayceePvP] Duel (totem): RunState.Run.totems changed | SELF=PEER count=0 totemTops=5 totemBottoms=0 assembled=[]
[Warning: Singleton] Got null in Singleton<DiskCardGame.MapNodeManager>.FindInstance
[Warning: Singleton] Got null in Singleton<DiskCardGame.MapNodeManager>.FindInstance
[Info   : KayceePvP] PvP pelt map: filtered 3 forbidden/special card occurrence(s), including Lice/Hrokkall, from Trader/choice pool.
[Info   : KayceePvP] PvP pelt map: filtered 3 forbidden/special card occurrence(s), including Lice/Hrokkall, from Trader/choice pool.
[Info   : KayceePvP] PvP pelt map: filtered 3 forbidden/special card occurrence(s), including Lice/Hrokkall, from Trader/choice pool.
[Info   : KayceePvP] PvP pelt map: filtered 3 forbidden/special card occurrence(s), including Lice/Hrokkall, from Trader/choice pool.
[Info   : KayceePvP] Card mutation: Amoeba -> Alpha Amoeba (add=[BuffNeighbours] negate=[RandomAbility]).
[Info   : KayceePvP] Card mutation: PackRat -> Curious Rat (add=[Tutor] negate=[RandomConsumable+RandomAbility]).
[Info   : KayceePvP] PvP pelt map: filtered 5 forbidden/special card occurrence(s), including Lice/Hrokkall, from Trader/choice pool.
[Info   : KayceePvP] Card mutation: Amoeba -> Alpha Amoeba (add=[BuffNeighbours] negate=[RandomAbility]).
[Info   : KayceePvP] Card mutation: PackRat -> Curious Rat (add=[Tutor] negate=[RandomConsumable+RandomAbility]).
[Info   : KayceePvP] PvP pelt map: filtered 5 forbidden/special card occurrence(s), including Lice/Hrokkall, from Trader/choice pool.
[Info   : KayceePvP] PvP pelt map: filtered 4 forbidden/special card occurrence(s), including Lice/Hrokkall, from Trader/choice pool.
[Info   : KayceePvP] PvP pelt map: filtered 4 forbidden/special card occurrence(s), including Lice/Hrokkall, from Trader/choice pool.
[Info   : KayceePvP] PvP pelt map: filtered 4 forbidden/special card occurrence(s), including Lice/Hrokkall, from Trader/choice pool.
[Info   : KayceePvP] PvP pelt map: filtered 4 forbidden/special card occurrence(s), including Lice/Hrokkall, from Trader/choice pool.
[Info   : KayceePvP] PvP pelt map: filtered 4 forbidden/special card occurrence(s), including Lice/Hrokkall, from Trader/choice pool.
[Info   : KayceePvP] PvP pelt map: filtered 4 forbidden/special card occurrence(s), including Lice/Hrokkall, from Trader/choice pool.
[Info   : KayceePvP] PvP pelt map: filtered 4 forbidden/special card occurrence(s), including Lice/Hrokkall, from Trader/choice pool.
[Warning: Singleton] Got null in Singleton<DiskCardGame.ConduitCircuitManager>.FindInstance
[Info   : KayceePvP] PvP: Backspace pressed - skipping the current preparation battle phase.
[Info   : KayceePvP] PvP pelt map: filtered 4 forbidden/special card occurrence(s), including Lice/Hrokkall, from Trader/choice pool.
[Info   : KayceePvP] PvP pelt map: filtered 4 forbidden/special card occurrence(s), including Lice/Hrokkall, from Trader/choice pool.
[Info   : KayceePvP] PvP pelt map: filtered 4 forbidden/special card occurrence(s), including Lice/Hrokkall, from Trader/choice pool.
[Info   : KayceePvP] PvP pelt map: filtered 4 forbidden/special card occurrence(s), including Lice/Hrokkall, from Trader/choice pool.
[Warning: Unity Log] DiskCardGame.CardInfo must be instantiated using the ScriptableObject.CreateInstance method instead of new CardInfo.
[Info   : KayceePvP] Lobby: opponent finished their boss - received their deck (16 cards, route=, risk=clean).
[Warning: Unity Log] DiskCardGame.CardInfo must be instantiated using the ScriptableObject.CreateInstance method instead of new CardInfo.
[Warning: Unity Log] DiskCardGame.CardInfo must be instantiated using the ScriptableObject.CreateInstance method instead of new CardInfo.
[Info   : KayceePvP] Card mutation: Amoeba -> Alpha Amoeba (add=[BuffNeighbours] negate=[RandomAbility]).
[Info   : KayceePvP] Card mutation: PackRat -> Curious Rat (add=[Tutor] negate=[RandomConsumable+RandomAbility]).
[Info   : KayceePvP] PvP pelt map: filtered 5 forbidden/special card occurrence(s), including Lice/Hrokkall, from Trader/choice pool.
[Info   : KayceePvP] Card mutation: Amoeba -> Alpha Amoeba (add=[BuffNeighbours] negate=[RandomAbility]).
[Info   : KayceePvP] Card mutation: PackRat -> Curious Rat (add=[Tutor] negate=[RandomConsumable+RandomAbility]).
[Info   : KayceePvP] PvP pelt map: filtered 5 forbidden/special card occurrence(s), including Lice/Hrokkall, from Trader/choice pool.
[Info   : KayceePvP] Card mutation: Amoeba -> Alpha Amoeba (add=[BuffNeighbours] negate=[RandomAbility]).
[Info   : KayceePvP] Card mutation: PackRat -> Curious Rat (add=[Tutor] negate=[RandomConsumable+RandomAbility]).
[Info   : KayceePvP] PvP pelt map: filtered 5 forbidden/special card occurrence(s), including Lice/Hrokkall, from Trader/choice pool.
[Info   : KayceePvP] Card mutation: Amoeba -> Alpha Amoeba (add=[BuffNeighbours] negate=[RandomAbility]).
[Info   : KayceePvP] Card mutation: PackRat -> Curious Rat (add=[Tutor] negate=[RandomConsumable+RandomAbility]).
[Info   : KayceePvP] PvP pelt map: filtered 5 forbidden/special card occurrence(s), including Lice/Hrokkall, from Trader/choice pool.
[Info   : KayceePvP] Card mutation: Amoeba -> Alpha Amoeba (add=[BuffNeighbours] negate=[RandomAbility]).
[Info   : KayceePvP] Card mutation: PackRat -> Curious Rat (add=[Tutor] negate=[RandomConsumable+RandomAbility]).
[Info   : KayceePvP] PvP pelt map: filtered 5 forbidden/special card occurrence(s), including Lice/Hrokkall, from Trader/choice pool.
[Info   : KayceePvP] Card mutation: Amoeba -> Alpha Amoeba (add=[BuffNeighbours] negate=[RandomAbility]).
[Info   : KayceePvP] Card mutation: PackRat -> Curious Rat (add=[Tutor] negate=[RandomConsumable+RandomAbility]).
[Info   : KayceePvP] PvP pelt map: filtered 5 forbidden/special card occurrence(s), including Lice/Hrokkall, from Trader/choice pool.
[Info   : KayceePvP] Card mutation: Amoeba -> Alpha Amoeba (add=[BuffNeighbours] negate=[RandomAbility]).
[Info   : KayceePvP] Card mutation: PackRat -> Curious Rat (add=[Tutor] negate=[RandomConsumable+RandomAbility]).
[Info   : KayceePvP] PvP pelt map: filtered 5 forbidden/special card occurrence(s), including Lice/Hrokkall, from Trader/choice pool.
[Info   : KayceePvP] PvP (sem batalhas): rota local concluída (18 cartas) - iniciando o handoff compartilhado.
[Info   : KayceePvP] Lobby: sent our deck (18 cards, route=) to the opponent, waiting for theirs...
[Info   : KayceePvP] PvP handoff: peer deck received (16 cards) - continuing to the duel.
[Info   : KayceePvP] PvP handoff: already in the gameplay scene - skipping the scene reload, going straight to the ready screen.
[Info   : KayceePvP] Duel: ARMED_TURN_OWNERSHIP | self=PEER match=425820432 battle=1 hostGoesFirstThisBattle=True soloDebugMode=False localFirstTurn=1 expectedOutgoing=1 expectedIncoming=0
[Info   : KayceePvP] Duel (combat): CombatResolutionSignalPatch.ResetForMatch - reason='PrepareForMatch(425820432)', generation 0 -> 0.
[Info   : KayceePvP] Duel (turnend): TurnEndResolutionSignalPatch.ResetForMatch - reason='PrepareForMatch(425820432)', generation 0 -> 0.
[Info   : KayceePvP] Duel: prepared for match 425820432 - sequence/turn counters reset.
[Info   : KayceePvP] Duel (lobby-match): INTERBATTLE_RELOAD_LATCH_OFF | match=0 battle=1
[Info   : KayceePvP] Duel (interbattle): ResetBattleFlowForMatch - reason='PvpCardCreationFlow.ShowReadyScreenAndCountdown (real ready phase)', matchId 0 -> 425820432, _handledBattle 0 -> 0.
[Info   : KayceePvP] PvP: duel_begin confirmed by host protocol - starting the duel now.
[Info   : KayceePvP] PvP items: replaced preparation inventory with exactly one SquirrelBottle for series 425820432.
[Info   : KayceePvP] Duel (lobby-match): BeginMatch | match=425820432 frozenLocalDeckCount=18
[Info   : KayceePvP] Duel: ARM_TURN_OWNERSHIP_SKIPPED | already armed for match=425820432 battle=1 (armed earlier by PrepareForMatch) - not overwriting counters that may have already advanced.
[Info   : KayceePvP] Duel: starting with 18 cards.
[Info   : KayceePvP] Duel (totem): SNAPSHOT at battle begin (battle 1) | matchId=425820432 battleNumber=1 SELF=PEER ownTotems=[none]
[Warning: Unity Log] DiskCardGame.CardInfo must be instantiated using the ScriptableObject.CreateInstance method instead of new CardInfo.
[Warning: Unity Log] DiskCardGame.CardInfo must be instantiated using the ScriptableObject.CreateInstance method instead of new CardInfo.
[Info   : KayceePvP] Duel (deck-shuffle): role=PEER matchId=425820432 battleNumber=1 seed=1647709156 firstPicks=[Squirrel,Squirrel,Squirrel]
[Info   : KayceePvP] Duel (deck-shuffle): role=PEER matchId=425820432 battleNumber=1 seed=1647709156 firstPicks=[Mothman_Stage1,Bloodhound,Coyote]
[Info   : KayceePvP] NetworkOpponent: waiting for the peer's turn (4 opponent slots available). gen=1
[Info   : KayceePvP] Duel: TRACE_HANDLE_MESSAGE | self=PEER sender=HOST type=card_played match=425820432 battle=1 turn=0 seq=0 currentTurn=0 isPlayerTurn=False netTransitMsApprox=-223,4
[Info   : KayceePvP] Duel: RECEIVED | match=425820432 battle=1 turn=0 seq=0 sender=HOST type=card_played card=Squirrel slot=0 queueBefore=0 queueAfter=1 currentTurn=0
[Info   : KayceePvP] NetworkOpponent: PROCESSING | gen=1 match=425820432 battle=1 turn=0 seq=0 type=card_played queueBefore=1 queueAfter=0 currentTurn=0 isPlayerTurn=False queueDwellMs=5,2
[Info   : KayceePvP] Duel: TRACE_HANDLE_MESSAGE | self=PEER sender=HOST type=duel_state_hash match=425820432 battle=1 turn=0 seq=1 currentTurn=0 isPlayerTurn=False netTransitMsApprox=-245,2
[Info   : KayceePvP] Duel: RECEIVED PEER HASH | match=425820432 sender=HOST forSeq=0 basedOnActionFromHost=True hash=XtO/IXBy7b4vLtcq
[Info   : KayceePvP] NetworkOpponent: queueing 'Squirrel' onto opponent slot 0.
[Info   : KayceePvP] Duel: LOCAL STATE HASH | match=425820432 forSeq=0 basedOnActionFromHost=True hash=XtO/IXBy7b4vLtcq state=[HOST=[Squirrel/0/1/[];EMPTY;EMPTY;EMPTY] PEER=[EMPTY;EMPTY;EMPTY;EMPTY] BAL=0 TURN=0 BATTLE=1 HW=0 PW=0]
[Info   : KayceePvP] Duel: STATE HASH MATCH | match=425820432 forSeq=0 basedOnActionFromHost=True hash=XtO/IXBy7b4vLtcq
[Info   : KayceePvP] Duel: TRACE_HANDLE_MESSAGE | self=PEER sender=HOST type=card_played match=425820432 battle=1 turn=0 seq=2 currentTurn=0 isPlayerTurn=False netTransitMsApprox=-271,4
[Info   : KayceePvP] Duel: RECEIVED | match=425820432 battle=1 turn=0 seq=2 sender=HOST type=card_played card=JerseyDevil slot=0 queueBefore=0 queueAfter=1 currentTurn=0
[Info   : KayceePvP] NetworkOpponent: PROCESSING | gen=1 match=425820432 battle=1 turn=0 seq=2 type=card_played queueBefore=1 queueAfter=0 currentTurn=0 isPlayerTurn=False queueDwellMs=7,0
[Info   : KayceePvP] NetworkOpponent: applying remote sacrifice at slot 0 ('Squirrel').
[Info   : KayceePvP] Duel: TRACE_HANDLE_MESSAGE | self=PEER sender=HOST type=duel_state_hash match=425820432 battle=1 turn=0 seq=3 currentTurn=0 isPlayerTurn=False netTransitMsApprox=-274,9
[Info   : KayceePvP] Duel: RECEIVED PEER HASH | match=425820432 sender=HOST forSeq=2 basedOnActionFromHost=True hash=2qZIGv+FL42b4EPP
[Info   : KayceePvP] Duel (card-sync): RECV card='JerseyDevil' | SELF=PEER RECONSTRUCTED_BASE=[20] WIRE=[20] TO_ADD=[] TO_NEGATE=[] FINAL_EFFECTIVE=[20]
[Info   : KayceePvP] NetworkOpponent: queueing 'JerseyDevil' onto opponent slot 0.
[Info   : KayceePvP] Duel: LOCAL STATE HASH | match=425820432 forSeq=2 basedOnActionFromHost=True hash=2qZIGv+FL42b4EPP state=[HOST=[JerseyDevil/0/1/[20];EMPTY;EMPTY;EMPTY] PEER=[EMPTY;EMPTY;EMPTY;EMPTY] BAL=0 TURN=0 BATTLE=1 HW=0 PW=0]
[Info   : KayceePvP] Duel: STATE HASH MATCH | match=425820432 forSeq=2 basedOnActionFromHost=True hash=2qZIGv+FL42b4EPP
[Info   : KayceePvP] Duel: TRACE_HANDLE_MESSAGE | self=PEER sender=HOST type=card_played match=425820432 battle=1 turn=0 seq=4 currentTurn=0 isPlayerTurn=False netTransitMsApprox=-256,0
[Info   : KayceePvP] Duel: RECEIVED | match=425820432 battle=1 turn=0 seq=4 sender=HOST type=card_played card=Goat slot=1 queueBefore=0 queueAfter=1 currentTurn=0
[Info   : KayceePvP] NetworkOpponent: PROCESSING | gen=1 match=425820432 battle=1 turn=0 seq=4 type=card_played queueBefore=1 queueAfter=0 currentTurn=0 isPlayerTurn=False queueDwellMs=6,2
[Info   : KayceePvP] Duel: TRACE_HANDLE_MESSAGE | self=PEER sender=HOST type=duel_state_hash match=425820432 battle=1 turn=0 seq=5 currentTurn=0 isPlayerTurn=False netTransitMsApprox=-283,2
[Info   : KayceePvP] Duel: RECEIVED PEER HASH | match=425820432 sender=HOST forSeq=4 basedOnActionFromHost=True hash=0E3Feijsw0exjAXb
[Info   : KayceePvP] NetworkOpponent: applying remote sacrifice at slot 0 ('JerseyDevil').
[Info   : KayceePvP] Duel (card-sync): RECV card='Goat' | SELF=PEER RECONSTRUCTED_BASE=[22] WIRE=[22] TO_ADD=[] TO_NEGATE=[] FINAL_EFFECTIVE=[22]
[Info   : KayceePvP] NetworkOpponent: queueing 'Goat' onto opponent slot 1.
[Info   : KayceePvP] Duel: LOCAL STATE HASH | match=425820432 forSeq=4 basedOnActionFromHost=True hash=0E3Feijsw0exjAXb state=[HOST=[JerseyDevil/2/1/[19,20];Goat/0/1/[22];EMPTY;EMPTY] PEER=[EMPTY;EMPTY;EMPTY;EMPTY] BAL=0 TURN=0 BATTLE=1 HW=0 PW=0]
[Info   : KayceePvP] Duel: STATE HASH MATCH | match=425820432 forSeq=4 basedOnActionFromHost=True hash=0E3Feijsw0exjAXb
[Info   : KayceePvP] Duel: TRACE_HANDLE_MESSAGE | self=PEER sender=HOST type=card_played match=425820432 battle=1 turn=0 seq=6 currentTurn=0 isPlayerTurn=False netTransitMsApprox=-250,9
[Info   : KayceePvP] Duel: RECEIVED | match=425820432 battle=1 turn=0 seq=6 sender=HOST type=card_played card=DireWolf slot=3 queueBefore=0 queueAfter=1 currentTurn=0
[Info   : KayceePvP] NetworkOpponent: PROCESSING | gen=1 match=425820432 battle=1 turn=0 seq=6 type=card_played queueBefore=1 queueAfter=0 currentTurn=0 isPlayerTurn=False queueDwellMs=5,0
[Info   : KayceePvP] NetworkOpponent: applying remote sacrifice at slot 1 ('Goat').
[Info   : KayceePvP] Duel: TRACE_HANDLE_MESSAGE | self=PEER sender=HOST type=duel_state_hash match=425820432 battle=1 turn=0 seq=7 currentTurn=0 isPlayerTurn=False netTransitMsApprox=-244,8
[Info   : KayceePvP] Duel: RECEIVED PEER HASH | match=425820432 sender=HOST forSeq=6 basedOnActionFromHost=True hash=p76gLrl2dScWd5IL
[Info   : KayceePvP] Duel (card-sync): RECV card='DireWolf' | SELF=PEER RECONSTRUCTED_BASE=[100] WIRE=[100] TO_ADD=[] TO_NEGATE=[] FINAL_EFFECTIVE=[100]
[Info   : KayceePvP] NetworkOpponent: queueing 'DireWolf' onto opponent slot 3.
[Info   : KayceePvP] Duel: TRACE_HANDLE_MESSAGE | self=PEER sender=HOST type=end_turn match=425820432 battle=1 turn=0 seq=8 currentTurn=0 isPlayerTurn=False netTransitMsApprox=-282,9
[Info   : KayceePvP] Duel: RECEIVED | match=425820432 battle=1 turn=0 seq=8 sender=HOST type=end_turn queueBefore=0 queueAfter=1 currentTurn=0
[Info   : KayceePvP] Duel: LOCAL STATE HASH | match=425820432 forSeq=6 basedOnActionFromHost=True hash=p76gLrl2dScWd5IL state=[HOST=[JerseyDevil/2/1/[19,20];EMPTY;EMPTY;DireWolf/2/5/[100]] PEER=[EMPTY;EMPTY;EMPTY;EMPTY] BAL=0 TURN=0 BATTLE=1 HW=0 PW=0]
[Info   : KayceePvP] Duel: STATE HASH MATCH | match=425820432 forSeq=6 basedOnActionFromHost=True hash=p76gLrl2dScWd5IL
[Info   : KayceePvP] NetworkOpponent: PROCESSING | gen=1 match=425820432 battle=1 turn=0 seq=8 type=end_turn queueBefore=1 queueAfter=0 currentTurn=0 isPlayerTurn=False queueDwellMs=294,2
[Info   : KayceePvP] NetworkOpponent: end_turn (seq=8) arrived during SetupPhase's QueueFirstCardBeforePlayer mirror - vanilla never calls DoCombatPhase for this turn on its own, running it here before releasing this side's own first turn. gen=1 generationBefore=0
[Info   : KayceePvP] Duel (combat): COMBAT_PHASE_STARTED | self=PEER generation=1 playerIsAttacker=False
[Info   : KayceePvP] Duel (combat): COMBAT_PHASE_RESOLVED | self=PEER generation=1 playerIsAttacker=False
[Info   : KayceePvP] NetworkOpponent: SetupPhase-mirrored combat for end_turn seq=8 resolved - dispatching the TurnEnd trigger OpponentTurn() would have fired here, so mirrored TurnEnd abilities (e.g. Strafe) move on this side too. gen=1
[Info   : KayceePvP] Duel (ability-trigger): GlobalTriggerHandler.TriggerCardsOnBoard(Trigger.TurnEnd) DISPATCHED | SELF=PEER playerTurnEndArg=False
[Info   : KayceePvP] Duel (turnend): TURN_END_TRIGGER_STARTED | self=PEER generation=1
[Info   : KayceePvP] Duel (turnend): TURN_END_TRIGGER_RESOLVED | self=PEER generation=1
[Info   : KayceePvP] Duel: LOCAL STATE HASH | match=425820432 forSeq=8 basedOnActionFromHost=True hash=N4Ypefc9jow/GhZA state=[HOST=[JerseyDevil/2/1/[19,20];EMPTY;EMPTY;DireWolf/2/5/[100]] PEER=[EMPTY;EMPTY;EMPTY;EMPTY] BAL=5 TURN=1 BATTLE=1 HW=0 PW=0]
[Info   : KayceePvP] DIAG PlayerIsWinner | role=PEER result=False opponent.NumLives=1 opponent.Surrendered=False
[Info   : KayceePvP] DIAG GameIsOver | role=PEER result=True balance=-6 opponent.NumLives=1 opponent.Surrendered=False PlayerSurrendered=False MatchEnded=False
[Info   : KayceePvP] DIAG PlayerIsWinner | role=PEER result=False opponent.NumLives=1 opponent.Surrendered=False
[Info   : KayceePvP] Duel: TRACE_HANDLE_MESSAGE | self=PEER sender=HOST type=duel_state_hash match=425820432 battle=1 turn=1 seq=9 currentTurn=1 isPlayerTurn=False netTransitMsApprox=-257,0
[Info   : KayceePvP] Duel: RECEIVED PEER HASH | match=425820432 sender=HOST forSeq=8 basedOnActionFromHost=True hash=N4Ypefc9jow/GhZA
[Info   : KayceePvP] Duel: STATE HASH MATCH | match=425820432 forSeq=8 basedOnActionFromHost=True hash=N4Ypefc9jow/GhZA
[Info   : KayceePvP] PvP: suppressed the real Kaycee's Mod candle/run-life loss for a duel loss (battle or final) - see RoundLifecyclePatch.cs.
[Info   : Unity Log] Test save file:
[Info   : Unity Log] DiskCardGame.StoryEventsData
[Warning: Singleton] Got null in Singleton<DiskCardGame.TurnManager>.FindInstance
[Warning: Singleton] Got null in Singleton<DiskCardGame.LifeManager>.FindInstance
[Warning: Singleton] Got null in Singleton<DiskCardGame.TurnManager>.FindInstance
[Warning: Singleton] Got null in Singleton<DiskCardGame.LifeManager>.FindInstance
[Warning: Singleton] Got null in Singleton<DiskCardGame.TurnManager>.FindInstance
[Warning: Singleton] Got null in Singleton<DiskCardGame.LifeManager>.FindInstance
[Warning: Singleton] Got null in Singleton<DiskCardGame.TurnManager>.FindInstance
[Warning: Singleton] Got null in Singleton<DiskCardGame.LifeManager>.FindInstance
[Warning: Singleton] Got null in Singleton<DiskCardGame.TurnManager>.FindInstance
[Warning: Singleton] Got null in Singleton<DiskCardGame.LifeManager>.FindInstance
[Warning: Singleton] Got null in Singleton<DiskCardGame.TurnManager>.FindInstance
[Warning: Singleton] Got null in Singleton<DiskCardGame.LifeManager>.FindInstance
[Warning: Singleton] Got null in Singleton<DiskCardGame.TurnManager>.FindInstance
[Warning: Singleton] Got null in Singleton<DiskCardGame.LifeManager>.FindInstance
[Warning: Singleton] Got null in Singleton<DiskCardGame.TurnManager>.FindInstance
[Warning: Singleton] Got null in Singleton<DiskCardGame.LifeManager>.FindInstance
[Warning: Singleton] Got null in Singleton<DiskCardGame.TurnManager>.FindInstance
[Warning: Singleton] Got null in Singleton<DiskCardGame.LifeManager>.FindInstance
[Warning: Singleton] Got null in Singleton<DiskCardGame.TurnManager>.FindInstance
[Warning: Singleton] Got null in Singleton<DiskCardGame.LifeManager>.FindInstance
[Warning: Singleton] Got null in Singleton<DiskCardGame.TurnManager>.FindInstance
[Warning: Singleton] Got null in Singleton<DiskCardGame.LifeManager>.FindInstance
[Warning: Singleton] Got null in Singleton<DiskCardGame.TurnManager>.FindInstance
[Warning: Singleton] Got null in Singleton<DiskCardGame.LifeManager>.FindInstance
[Warning: Singleton] Got null in Singleton<DiskCardGame.TurnManager>.FindInstance
[Warning: Singleton] Got null in Singleton<DiskCardGame.LifeManager>.FindInstance
[Warning: Singleton] Got null in Singleton<DiskCardGame.TurnManager>.FindInstance
[Warning: Singleton] Got null in Singleton<DiskCardGame.LifeManager>.FindInstance
[Warning: Singleton] Got null in Singleton<DiskCardGame.TurnManager>.FindInstance
[Warning: Singleton] Got null in Singleton<DiskCardGame.LifeManager>.FindInstance
[Warning: Singleton] Got null in Singleton<DiskCardGame.TurnManager>.FindInstance
[Warning: Singleton] Got null in Singleton<DiskCardGame.LifeManager>.FindInstance
[Warning: Singleton] Got null in Singleton<DiskCardGame.TurnManager>.FindInstance
[Warning: Singleton] Got null in Singleton<DiskCardGame.LifeManager>.FindInstance
[Warning: Singleton] Got null in Singleton<DiskCardGame.TurnManager>.FindInstance
[Warning: Singleton] Got null in Singleton<DiskCardGame.LifeManager>.FindInstance
[Warning: Singleton] Got null in Singleton<DiskCardGame.TurnManager>.FindInstance
[Warning: Singleton] Got null in Singleton<DiskCardGame.LifeManager>.FindInstance
[Warning: Singleton] Got null in Singleton<DiskCardGame.TurnManager>.FindInstance
[Warning: Singleton] Got null in Singleton<DiskCardGame.LifeManager>.FindInstance
[Warning: Singleton] Got null in Singleton<DiskCardGame.TurnManager>.FindInstance
[Warning: Singleton] Got null in Singleton<DiskCardGame.LifeManager>.FindInstance
[Warning: Singleton] Got null in Singleton<DiskCardGame.TurnManager>.FindInstance
[Warning: Singleton] Got null in Singleton<DiskCardGame.LifeManager>.FindInstance
[Warning: Singleton] Got null in Singleton<DiskCardGame.TurnManager>.FindInstance
[Warning: Singleton] Got null in Singleton<DiskCardGame.LifeManager>.FindInstance
[Warning: Singleton] Got null in Singleton<DiskCardGame.TurnManager>.FindInstance
[Warning: Singleton] Got null in Singleton<DiskCardGame.LifeManager>.FindInstance
[Warning: Singleton] Got null in Singleton<DiskCardGame.TurnManager>.FindInstance
[Warning: Singleton] Got null in Singleton<DiskCardGame.LifeManager>.FindInstance
[Warning: Singleton] Got null in Singleton<DiskCardGame.TurnManager>.FindInstance
[Warning: Singleton] Got null in Singleton<DiskCardGame.LifeManager>.FindInstance
[Warning: Singleton] Got null in Singleton<DiskCardGame.TurnManager>.FindInstance
[Warning: Singleton] Got null in Singleton<DiskCardGame.LifeManager>.FindInstance
[Warning: Singleton] Got null in Singleton<DiskCardGame.TurnManager>.FindInstance
[Warning: Singleton] Got null in Singleton<DiskCardGame.LifeManager>.FindInstance
[Warning: Singleton] Got null in Singleton<DiskCardGame.TurnManager>.FindInstance
[Warning: Singleton] Got null in Singleton<DiskCardGame.LifeManager>.FindInstance
[Warning: Singleton] Got null in Singleton<DiskCardGame.TurnManager>.FindInstance
[Warning: Singleton] Got null in Singleton<DiskCardGame.LifeManager>.FindInstance
[Warning: Singleton] Got null in Singleton<DiskCardGame.TurnManager>.FindInstance
[Warning: Singleton] Got null in Singleton<DiskCardGame.LifeManager>.FindInstance
[Warning: Singleton] Got null in Singleton<DiskCardGame.TurnManager>.FindInstance
[Warning: Singleton] Got null in Singleton<DiskCardGame.LifeManager>.FindInstance
[Warning: Singleton] Got null in Singleton<DiskCardGame.TurnManager>.FindInstance
[Warning: Singleton] Got null in Singleton<DiskCardGame.LifeManager>.FindInstance
[Warning: Singleton] Got null in Singleton<DiskCardGame.TurnManager>.FindInstance
[Warning: Singleton] Got null in Singleton<DiskCardGame.LifeManager>.FindInstance
[Warning: Singleton] Got null in Singleton<DiskCardGame.TurnManager>.FindInstance
[Warning: Singleton] Got null in Singleton<DiskCardGame.LifeManager>.FindInstance
[Warning: Singleton] Got null in Singleton<DiskCardGame.TurnManager>.FindInstance
[Warning: Singleton] Got null in Singleton<DiskCardGame.LifeManager>.FindInstance
[Warning: Singleton] Got null in Singleton<DiskCardGame.TurnManager>.FindInstance
[Warning: Singleton] Got null in Singleton<DiskCardGame.LifeManager>.FindInstance
[Warning: Singleton] Got null in Singleton<DiskCardGame.TurnManager>.FindInstance
[Warning: Singleton] Got null in Singleton<DiskCardGame.LifeManager>.FindInstance
[Warning: Singleton] Got null in Singleton<DiskCardGame.TurnManager>.FindInstance
[Warning: Singleton] Got null in Singleton<DiskCardGame.LifeManager>.FindInstance
[Warning: Singleton] Got null in Singleton<DiskCardGame.TurnManager>.FindInstance
[Warning: Singleton] Got null in Singleton<DiskCardGame.LifeManager>.FindInstance
[Warning: Singleton] Got null in Singleton<DiskCardGame.TurnManager>.FindInstance
[Warning: Singleton] Got null in Singleton<DiskCardGame.LifeManager>.FindInstance
[Warning: Singleton] Got null in Singleton<DiskCardGame.TurnManager>.FindInstance
[Warning: Singleton] Got null in Singleton<DiskCardGame.LifeManager>.FindInstance
[Warning: Singleton] Got null in Singleton<DiskCardGame.TurnManager>.FindInstance
[Warning: Singleton] Got null in Singleton<DiskCardGame.LifeManager>.FindInstance
[Warning: Singleton] Got null in Singleton<DiskCardGame.TurnManager>.FindInstance
[Warning: Singleton] Got null in Singleton<DiskCardGame.LifeManager>.FindInstance
[Warning: Singleton] Got null in Singleton<DiskCardGame.TurnManager>.FindInstance
[Warning: Singleton] Got null in Singleton<DiskCardGame.LifeManager>.FindInstance
[Warning: Singleton] Got null in Singleton<DiskCardGame.TurnManager>.FindInstance
[Warning: Singleton] Got null in Singleton<DiskCardGame.LifeManager>.FindInstance
[Warning: Singleton] Got null in Singleton<DiskCardGame.TurnManager>.FindInstance
[Warning: Singleton] Got null in Singleton<DiskCardGame.LifeManager>.FindInstance
[Warning: Singleton] Got null in Singleton<DiskCardGame.TurnManager>.FindInstance
[Warning: Singleton] Got null in Singleton<DiskCardGame.LifeManager>.FindInstance
[Warning: Singleton] Got null in Singleton<DiskCardGame.TurnManager>.FindInstance
[Warning: Singleton] Got null in Singleton<DiskCardGame.LifeManager>.FindInstance
[Warning: Singleton] Got null in Singleton<DiskCardGame.TurnManager>.FindInstance
[Warning: Singleton] Got null in Singleton<DiskCardGame.LifeManager>.FindInstance
[Warning: Singleton] Got null in Singleton<DiskCardGame.TurnManager>.FindInstance
[Warning: Singleton] Got null in Singleton<DiskCardGame.LifeManager>.FindInstance
[Warning: Singleton] Got null in Singleton<DiskCardGame.TurnManager>.FindInstance
[Warning: Singleton] Got null in Singleton<DiskCardGame.LifeManager>.FindInstance
[Warning: Singleton] Got null in Singleton<DiskCardGame.TurnManager>.FindInstance
[Warning: Singleton] Got null in Singleton<DiskCardGame.LifeManager>.FindInstance
[Warning: Singleton] Got null in Singleton<DiskCardGame.TurnManager>.FindInstance
[Warning: Singleton] Got null in Singleton<DiskCardGame.LifeManager>.FindInstance
[Warning: Singleton] Got null in Singleton<DiskCardGame.TurnManager>.FindInstance
[Warning: Singleton] Got null in Singleton<DiskCardGame.LifeManager>.FindInstance
[Warning: Singleton] Got null in Singleton<DiskCardGame.TurnManager>.FindInstance
[Warning: Singleton] Got null in Singleton<DiskCardGame.LifeManager>.FindInstance
[Warning: Singleton] Got null in Singleton<DiskCardGame.TurnManager>.FindInstance
[Warning: Singleton] Got null in Singleton<DiskCardGame.LifeManager>.FindInstance
[Warning: Singleton] Got null in Singleton<DiskCardGame.TurnManager>.FindInstance
[Warning: Singleton] Got null in Singleton<DiskCardGame.LifeManager>.FindInstance
[Warning: Singleton] Got null in Singleton<DiskCardGame.TurnManager>.FindInstance
[Warning: Singleton] Got null in Singleton<DiskCardGame.LifeManager>.FindInstance
[Warning: Singleton] Got null in Singleton<DiskCardGame.TurnManager>.FindInstance
[Warning: Singleton] Got null in Singleton<DiskCardGame.LifeManager>.FindInstance
[Warning: Singleton] Got null in Singleton<DiskCardGame.TurnManager>.FindInstance
[Warning: Singleton] Got null in Singleton<DiskCardGame.LifeManager>.FindInstance
[Warning: Singleton] Got null in Singleton<DiskCardGame.TurnManager>.FindInstance
[Warning: Singleton] Got null in Singleton<DiskCardGame.LifeManager>.FindInstance
[Warning: Singleton] Got null in Singleton<DiskCardGame.TurnManager>.FindInstance
[Warning: Singleton] Got null in Singleton<DiskCardGame.LifeManager>.FindInstance
[Warning: Singleton] Got null in Singleton<DiskCardGame.TurnManager>.FindInstance
[Warning: Singleton] Got null in Singleton<DiskCardGame.LifeManager>.FindInstance
[Warning: Singleton] Got null in Singleton<DiskCardGame.TurnManager>.FindInstance
[Warning: Singleton] Got null in Singleton<DiskCardGame.LifeManager>.FindInstance
[Warning: Singleton] Got null in Singleton<DiskCardGame.TurnManager>.FindInstance
[Warning: Singleton] Got null in Singleton<DiskCardGame.LifeManager>.FindInstance
[Warning: Singleton] Got null in Singleton<DiskCardGame.TurnManager>.FindInstance
[Warning: Singleton] Got null in Singleton<DiskCardGame.LifeManager>.FindInstance
[Warning: Singleton] Got null in Singleton<DiskCardGame.TurnManager>.FindInstance
[Warning: Singleton] Got null in Singleton<DiskCardGame.LifeManager>.FindInstance
[Warning: Singleton] Got null in Singleton<DiskCardGame.TurnManager>.FindInstance
[Warning: Singleton] Got null in Singleton<DiskCardGame.LifeManager>.FindInstance
[Warning: Singleton] Got null in Singleton<DiskCardGame.TurnManager>.FindInstance
[Warning: Singleton] Got null in Singleton<DiskCardGame.LifeManager>.FindInstance
[Warning: Singleton] Got null in Singleton<DiskCardGame.TurnManager>.FindInstance
[Warning: Singleton] Got null in Singleton<DiskCardGame.LifeManager>.FindInstance
[Warning: Singleton] Got null in Singleton<DiskCardGame.TurnManager>.FindInstance
[Warning: Singleton] Got null in Singleton<DiskCardGame.LifeManager>.FindInstance
[Warning: Singleton] Got null in Singleton<DiskCardGame.TurnManager>.FindInstance
[Warning: Singleton] Got null in Singleton<DiskCardGame.LifeManager>.FindInstance
[Warning: Singleton] Got null in Singleton<DiskCardGame.TurnManager>.FindInstance
[Warning: Singleton] Got null in Singleton<DiskCardGame.LifeManager>.FindInstance
[Warning: Singleton] Got null in Singleton<DiskCardGame.TurnManager>.FindInstance
[Warning: Singleton] Got null in Singleton<DiskCardGame.LifeManager>.FindInstance
[Warning: Singleton] Got null in Singleton<DiskCardGame.TurnManager>.FindInstance
[Warning: Singleton] Got null in Singleton<DiskCardGame.LifeManager>.FindInstance
[Warning: Singleton] Got null in Singleton<DiskCardGame.TurnManager>.FindInstance
[Warning: Singleton] Got null in Singleton<DiskCardGame.LifeManager>.FindInstance
[Warning: Singleton] Got null in Singleton<DiskCardGame.TurnManager>.FindInstance
[Warning: Singleton] Got null in Singleton<DiskCardGame.LifeManager>.FindInstance
[Warning: Singleton] Got null in Singleton<DiskCardGame.TurnManager>.FindInstance
[Warning: Singleton] Got null in Singleton<DiskCardGame.LifeManager>.FindInstance
[Warning: Singleton] Got null in Singleton<DiskCardGame.TurnManager>.FindInstance
[Warning: Singleton] Got null in Singleton<DiskCardGame.LifeManager>.FindInstance
[Warning: Singleton] Got null in Singleton<DiskCardGame.TurnManager>.FindInstance
[Warning: Singleton] Got null in Singleton<DiskCardGame.LifeManager>.FindInstance
[Warning: Singleton] Got null in Singleton<DiskCardGame.TurnManager>.FindInstance
[Warning: Singleton] Got null in Singleton<DiskCardGame.LifeManager>.FindInstance
[Warning: Singleton] Got null in Singleton<DiskCardGame.TurnManager>.FindInstance
[Warning: Singleton] Got null in Singleton<DiskCardGame.LifeManager>.FindInstance
[Warning: Singleton] Got null in Singleton<DiskCardGame.TurnManager>.FindInstance
[Warning: Singleton] Got null in Singleton<DiskCardGame.LifeManager>.FindInstance
[Warning: Singleton] Got null in Singleton<DiskCardGame.TurnManager>.FindInstance
[Warning: Singleton] Got null in Singleton<DiskCardGame.LifeManager>.FindInstance
[Warning: Singleton] Got null in Singleton<DiskCardGame.TurnManager>.FindInstance
[Warning: Singleton] Got null in Singleton<DiskCardGame.LifeManager>.FindInstance
[Warning: Singleton] Got null in Singleton<DiskCardGame.TurnManager>.FindInstance
[Warning: Singleton] Got null in Singleton<DiskCardGame.LifeManager>.FindInstance
[Warning: Singleton] Got null in Singleton<DiskCardGame.TurnManager>.FindInstance
[Warning: Singleton] Got null in Singleton<DiskCardGame.LifeManager>.FindInstance
[Warning: Singleton] Got null in Singleton<DiskCardGame.TurnManager>.FindInstance
[Warning: Singleton] Got null in Singleton<DiskCardGame.LifeManager>.FindInstance
[Warning: Singleton] Got null in Singleton<DiskCardGame.TurnManager>.FindInstance
[Warning: Singleton] Got null in Singleton<DiskCardGame.LifeManager>.FindInstance
[Warning: Singleton] Got null in Singleton<DiskCardGame.TurnManager>.FindInstance
[Warning: Singleton] Got null in Singleton<DiskCardGame.LifeManager>.FindInstance
[Warning: Singleton] Got null in Singleton<DiskCardGame.TurnManager>.FindInstance
[Warning: Singleton] Got null in Singleton<DiskCardGame.LifeManager>.FindInstance
[Warning: Singleton] Got null in Singleton<DiskCardGame.TurnManager>.FindInstance
[Warning: Singleton] Got null in Singleton<DiskCardGame.LifeManager>.FindInstance
[Warning: Singleton] Got null in Singleton<DiskCardGame.TurnManager>.FindInstance
[Warning: Singleton] Got null in Singleton<DiskCardGame.LifeManager>.FindInstance
[Warning: Singleton] Got null in Singleton<DiskCardGame.TurnManager>.FindInstance
[Warning: Singleton] Got null in Singleton<DiskCardGame.LifeManager>.FindInstance
[Warning: Singleton] Got null in Singleton<DiskCardGame.TurnManager>.FindInstance
[Warning: Singleton] Got null in Singleton<DiskCardGame.LifeManager>.FindInstance
[Warning: Singleton] Got null in Singleton<DiskCardGame.TurnManager>.FindInstance
[Warning: Singleton] Got null in Singleton<DiskCardGame.LifeManager>.FindInstance
[Warning: Singleton] Got null in Singleton<DiskCardGame.TurnManager>.FindInstance
[Warning: Singleton] Got null in Singleton<DiskCardGame.LifeManager>.FindInstance
[Warning: Singleton] Got null in Singleton<DiskCardGame.TurnManager>.FindInstance
[Warning: Singleton] Got null in Singleton<DiskCardGame.LifeManager>.FindInstance
[Warning: Singleton] Got null in Singleton<DiskCardGame.TurnManager>.FindInstance
[Warning: Singleton] Got null in Singleton<DiskCardGame.LifeManager>.FindInstance
[Warning: Singleton] Got null in Singleton<DiskCardGame.TurnManager>.FindInstance
[Warning: Singleton] Got null in Singleton<DiskCardGame.LifeManager>.FindInstance
[Warning: Singleton] Got null in Singleton<DiskCardGame.TurnManager>.FindInstance
[Warning: Singleton] Got null in Singleton<DiskCardGame.LifeManager>.FindInstance
[Warning: Singleton] Got null in Singleton<DiskCardGame.TurnManager>.FindInstance
[Warning: Singleton] Got null in Singleton<DiskCardGame.LifeManager>.FindInstance
[Warning: Singleton] Got null in Singleton<DiskCardGame.TurnManager>.FindInstance
[Warning: Singleton] Got null in Singleton<DiskCardGame.LifeManager>.FindInstance
[Warning: Singleton] Got null in Singleton<DiskCardGame.TurnManager>.FindInstance
[Warning: Singleton] Got null in Singleton<DiskCardGame.LifeManager>.FindInstance
[Warning: Singleton] Got null in Singleton<DiskCardGame.TurnManager>.FindInstance
[Warning: Singleton] Got null in Singleton<DiskCardGame.LifeManager>.FindInstance
[Warning: Singleton] Got null in Singleton<DiskCardGame.TurnManager>.FindInstance
[Warning: Singleton] Got null in Singleton<DiskCardGame.LifeManager>.FindInstance
[Warning: Singleton] Got null in Singleton<DiskCardGame.TurnManager>.FindInstance
[Warning: Singleton] Got null in Singleton<DiskCardGame.LifeManager>.FindInstance
[Warning: Singleton] Got null in Singleton<DiskCardGame.TurnManager>.FindInstance
[Warning: Singleton] Got null in Singleton<DiskCardGame.LifeManager>.FindInstance
[Warning: Singleton] Got null in Singleton<DiskCardGame.TurnManager>.FindInstance
[Warning: Singleton] Got null in Singleton<DiskCardGame.LifeManager>.FindInstance
[Warning: Singleton] Got null in Singleton<DiskCardGame.TurnManager>.FindInstance
[Warning: Singleton] Got null in Singleton<DiskCardGame.LifeManager>.FindInstance
[Warning: Singleton] Got null in Singleton<DiskCardGame.TurnManager>.FindInstance
[Warning: Singleton] Got null in Singleton<DiskCardGame.LifeManager>.FindInstance
[Warning: Singleton] Got null in Singleton<DiskCardGame.TurnManager>.FindInstance
[Warning: Singleton] Got null in Singleton<DiskCardGame.LifeManager>.FindInstance
[Warning: Singleton] Got null in Singleton<DiskCardGame.TurnManager>.FindInstance
[Warning: Singleton] Got null in Singleton<DiskCardGame.LifeManager>.FindInstance
[Warning: Singleton] Got null in Singleton<DiskCardGame.TurnManager>.FindInstance
[Warning: Singleton] Got null in Singleton<DiskCardGame.LifeManager>.FindInstance
[Warning: Singleton] Got null in Singleton<DiskCardGame.TurnManager>.FindInstance
[Warning: Singleton] Got null in Singleton<DiskCardGame.LifeManager>.FindInstance
[Warning: Singleton] Got null in Singleton<DiskCardGame.TurnManager>.FindInstance
[Warning: Singleton] Got null in Singleton<DiskCardGame.LifeManager>.FindInstance
[Warning: Singleton] Got null in Singleton<DiskCardGame.TurnManager>.FindInstance
[Warning: Singleton] Got null in Singleton<DiskCardGame.LifeManager>.FindInstance
[Warning: Singleton] Got null in Singleton<DiskCardGame.TurnManager>.FindInstance
[Warning: Singleton] Got null in Singleton<DiskCardGame.LifeManager>.FindInstance
[Warning: Singleton] Got null in Singleton<DiskCardGame.TurnManager>.FindInstance
[Warning: Singleton] Got null in Singleton<DiskCardGame.LifeManager>.FindInstance
[Warning: Singleton] Got null in Singleton<DiskCardGame.TurnManager>.FindInstance
[Warning: Singleton] Got null in Singleton<DiskCardGame.LifeManager>.FindInstance
[Warning: Singleton] Got null in Singleton<DiskCardGame.TurnManager>.FindInstance
[Warning: Singleton] Got null in Singleton<DiskCardGame.LifeManager>.FindInstance
[Warning: Singleton] Got null in Singleton<DiskCardGame.TurnManager>.FindInstance
[Warning: Singleton] Got null in Singleton<DiskCardGame.LifeManager>.FindInstance
[Warning: Singleton] Got null in Singleton<DiskCardGame.TurnManager>.FindInstance
[Warning: Singleton] Got null in Singleton<DiskCardGame.LifeManager>.FindInstance
[Warning: Singleton] Got null in Singleton<DiskCardGame.TurnManager>.FindInstance
[Warning: Singleton] Got null in Singleton<DiskCardGame.LifeManager>.FindInstance
[Warning: Singleton] Got null in Singleton<DiskCardGame.TurnManager>.FindInstance
[Warning: Singleton] Got null in Singleton<DiskCardGame.LifeManager>.FindInstance
[Warning: Singleton] Got null in Singleton<DiskCardGame.TurnManager>.FindInstance
[Warning: Singleton] Got null in Singleton<DiskCardGame.LifeManager>.FindInstance
[Warning: Singleton] Got null in Singleton<DiskCardGame.TurnManager>.FindInstance
[Warning: Singleton] Got null in Singleton<DiskCardGame.LifeManager>.FindInstance
[Warning: Singleton] Got null in Singleton<DiskCardGame.TurnManager>.FindInstance
[Warning: Singleton] Got null in Singleton<DiskCardGame.LifeManager>.FindInstance
[Warning: Singleton] Got null in Singleton<DiskCardGame.TurnManager>.FindInstance
[Warning: Singleton] Got null in Singleton<DiskCardGame.LifeManager>.FindInstance
[Warning: Singleton] Got null in Singleton<DiskCardGame.TurnManager>.FindInstance
[Warning: Singleton] Got null in Singleton<DiskCardGame.LifeManager>.FindInstance
[Warning: Singleton] Got null in Singleton<DiskCardGame.TurnManager>.FindInstance
[Warning: Singleton] Got null in Singleton<DiskCardGame.LifeManager>.FindInstance
[Warning: Singleton] Got null in Singleton<DiskCardGame.TurnManager>.FindInstance
[Warning: Singleton] Got null in Singleton<DiskCardGame.LifeManager>.FindInstance
[Warning: Singleton] Got null in Singleton<DiskCardGame.TurnManager>.FindInstance
[Warning: Singleton] Got null in Singleton<DiskCardGame.LifeManager>.FindInstance
[Warning: Singleton] Got null in Singleton<DiskCardGame.TurnManager>.FindInstance
[Warning: Singleton] Got null in Singleton<DiskCardGame.LifeManager>.FindInstance
[Warning: Singleton] Got null in Singleton<DiskCardGame.TurnManager>.FindInstance
[Warning: Singleton] Got null in Singleton<DiskCardGame.LifeManager>.FindInstance
[Warning: Singleton] Got null in Singleton<DiskCardGame.TurnManager>.FindInstance
[Warning: Singleton] Got null in Singleton<DiskCardGame.LifeManager>.FindInstance
[Warning: Singleton] Got null in Singleton<DiskCardGame.TurnManager>.FindInstance
[Warning: Singleton] Got null in Singleton<DiskCardGame.LifeManager>.FindInstance
[Warning: Singleton] Got null in Singleton<DiskCardGame.TurnManager>.FindInstance
[Warning: Singleton] Got null in Singleton<DiskCardGame.LifeManager>.FindInstance
[Warning: Singleton] Got null in Singleton<DiskCardGame.TurnManager>.FindInstance
[Warning: Singleton] Got null in Singleton<DiskCardGame.LifeManager>.FindInstance
[Warning: Singleton] Got null in Singleton<DiskCardGame.TurnManager>.FindInstance
[Warning: Singleton] Got null in Singleton<DiskCardGame.LifeManager>.FindInstance
[Warning: Singleton] Got null in Singleton<DiskCardGame.TurnManager>.FindInstance
[Warning: Singleton] Got null in Singleton<DiskCardGame.LifeManager>.FindInstance
[Warning: Singleton] Got null in Singleton<DiskCardGame.TurnManager>.FindInstance
[Warning: Singleton] Got null in Singleton<DiskCardGame.LifeManager>.FindInstance
[Warning: Singleton] Got null in Singleton<DiskCardGame.TurnManager>.FindInstance
[Warning: Singleton] Got null in Singleton<DiskCardGame.LifeManager>.FindInstance
[Warning: Singleton] Got null in Singleton<DiskCardGame.TurnManager>.FindInstance
[Warning: Singleton] Got null in Singleton<DiskCardGame.LifeManager>.FindInstance
[Warning: Singleton] Got null in Singleton<DiskCardGame.TurnManager>.FindInstance
[Warning: Singleton] Got null in Singleton<DiskCardGame.LifeManager>.FindInstance
[Warning: Singleton] Got null in Singleton<DiskCardGame.TurnManager>.FindInstance
[Warning: Singleton] Got null in Singleton<DiskCardGame.LifeManager>.FindInstance
[Warning: Singleton] Got null in Singleton<DiskCardGame.TurnManager>.FindInstance
[Warning: Singleton] Got null in Singleton<DiskCardGame.LifeManager>.FindInstance
[Warning: Singleton] Got null in Singleton<DiskCardGame.TurnManager>.FindInstance
[Warning: Singleton] Got null in Singleton<DiskCardGame.LifeManager>.FindInstance
[Warning: Singleton] Got null in Singleton<DiskCardGame.TurnManager>.FindInstance
[Warning: Singleton] Got null in Singleton<DiskCardGame.LifeManager>.FindInstance
[Warning: Singleton] Got null in Singleton<DiskCardGame.TurnManager>.FindInstance
[Warning: Singleton] Got null in Singleton<DiskCardGame.LifeManager>.FindInstance
[Warning: Singleton] Got null in Singleton<DiskCardGame.TurnManager>.FindInstance
[Warning: Singleton] Got null in Singleton<DiskCardGame.LifeManager>.FindInstance
[Warning: Singleton] Got null in Singleton<DiskCardGame.TurnManager>.FindInstance
[Warning: Singleton] Got null in Singleton<DiskCardGame.LifeManager>.FindInstance
[Warning: Singleton] Got null in Singleton<DiskCardGame.TurnManager>.FindInstance
[Warning: Singleton] Got null in Singleton<DiskCardGame.LifeManager>.FindInstance
[Warning: Singleton] Got null in Singleton<DiskCardGame.TurnManager>.FindInstance
[Warning: Singleton] Got null in Singleton<DiskCardGame.LifeManager>.FindInstance
[Warning: Singleton] Got null in Singleton<DiskCardGame.TurnManager>.FindInstance
[Warning: Singleton] Got null in Singleton<DiskCardGame.LifeManager>.FindInstance
[Warning: Singleton] Got null in Singleton<DiskCardGame.TurnManager>.FindInstance
[Warning: Singleton] Got null in Singleton<DiskCardGame.LifeManager>.FindInstance
[Warning: Singleton] Got null in Singleton<DiskCardGame.TurnManager>.FindInstance
[Warning: Singleton] Got null in Singleton<DiskCardGame.LifeManager>.FindInstance
[Warning: Singleton] Got null in Singleton<DiskCardGame.TurnManager>.FindInstance
[Warning: Singleton] Got null in Singleton<DiskCardGame.LifeManager>.FindInstance
[Warning: Singleton] Got null in Singleton<DiskCardGame.TurnManager>.FindInstance
[Warning: Singleton] Got null in Singleton<DiskCardGame.LifeManager>.FindInstance
[Warning: Singleton] Got null in Singleton<DiskCardGame.TurnManager>.FindInstance
[Warning: Singleton] Got null in Singleton<DiskCardGame.LifeManager>.FindInstance
[Warning: Singleton] Got null in Singleton<DiskCardGame.TurnManager>.FindInstance
[Warning: Singleton] Got null in Singleton<DiskCardGame.LifeManager>.FindInstance
[Warning: Singleton] Got null in Singleton<DiskCardGame.TurnManager>.FindInstance
[Warning: Singleton] Got null in Singleton<DiskCardGame.LifeManager>.FindInstance
[Warning: Singleton] Got null in Singleton<DiskCardGame.TurnManager>.FindInstance
[Warning: Singleton] Got null in Singleton<DiskCardGame.LifeManager>.FindInstance
[Warning: Singleton] Got null in Singleton<DiskCardGame.TurnManager>.FindInstance
[Warning: Singleton] Got null in Singleton<DiskCardGame.LifeManager>.FindInstance
[Warning: Singleton] Got null in Singleton<DiskCardGame.TurnManager>.FindInstance
[Warning: Singleton] Got null in Singleton<DiskCardGame.LifeManager>.FindInstance
[Warning: Singleton] Got null in Singleton<DiskCardGame.TurnManager>.FindInstance
[Warning: Singleton] Got null in Singleton<DiskCardGame.LifeManager>.FindInstance
[Warning: Singleton] Got null in Singleton<DiskCardGame.TurnManager>.FindInstance
[Warning: Singleton] Got null in Singleton<DiskCardGame.LifeManager>.FindInstance
[Warning: Singleton] Got null in Singleton<DiskCardGame.TurnManager>.FindInstance
[Warning: Singleton] Got null in Singleton<DiskCardGame.LifeManager>.FindInstance
[Warning: Singleton] Got null in Singleton<DiskCardGame.TurnManager>.FindInstance
[Warning: Singleton] Got null in Singleton<DiskCardGame.LifeManager>.FindInstance
[Warning: Singleton] Got null in Singleton<DiskCardGame.TurnManager>.FindInstance
[Warning: Singleton] Got null in Singleton<DiskCardGame.LifeManager>.FindInstance
[Warning: Singleton] Got null in Singleton<DiskCardGame.TurnManager>.FindInstance
[Warning: Singleton] Got null in Singleton<DiskCardGame.LifeManager>.FindInstance
[Warning: Singleton] Got null in Singleton<DiskCardGame.TurnManager>.FindInstance
[Warning: Singleton] Got null in Singleton<DiskCardGame.LifeManager>.FindInstance
[Warning: Singleton] Got null in Singleton<DiskCardGame.TurnManager>.FindInstance
[Warning: Singleton] Got null in Singleton<DiskCardGame.LifeManager>.FindInstance
[Warning: Singleton] Got null in Singleton<DiskCardGame.TurnManager>.FindInstance
[Warning: Singleton] Got null in Singleton<DiskCardGame.LifeManager>.FindInstance
[Warning: Singleton] Got null in Singleton<DiskCardGame.TurnManager>.FindInstance
[Warning: Singleton] Got null in Singleton<DiskCardGame.LifeManager>.FindInstance
[Warning: Singleton] Got null in Singleton<DiskCardGame.TurnManager>.FindInstance
[Warning: Singleton] Got null in Singleton<DiskCardGame.LifeManager>.FindInstance
[Warning: Singleton] Got null in Singleton<DiskCardGame.TurnManager>.FindInstance
[Warning: Singleton] Got null in Singleton<DiskCardGame.LifeManager>.FindInstance
[Warning: Singleton] Got null in Singleton<DiskCardGame.TurnManager>.FindInstance
[Warning: Singleton] Got null in Singleton<DiskCardGame.LifeManager>.FindInstance
[Warning: Singleton] Got null in Singleton<DiskCardGame.TurnManager>.FindInstance
[Warning: Singleton] Got null in Singleton<DiskCardGame.LifeManager>.FindInstance
[Warning: Singleton] Got null in Singleton<DiskCardGame.TurnManager>.FindInstance
[Warning: Singleton] Got null in Singleton<DiskCardGame.LifeManager>.FindInstance
[Warning: Singleton] Got null in Singleton<DiskCardGame.TurnManager>.FindInstance
[Warning: Singleton] Got null in Singleton<DiskCardGame.LifeManager>.FindInstance
[Warning: Singleton] Got null in Singleton<DiskCardGame.TurnManager>.FindInstance
[Warning: Singleton] Got null in Singleton<DiskCardGame.LifeManager>.FindInstance
[Warning: Singleton] Got null in Singleton<DiskCardGame.TurnManager>.FindInstance
[Warning: Singleton] Got null in Singleton<DiskCardGame.LifeManager>.FindInstance
[Warning: Singleton] Got null in Singleton<DiskCardGame.TurnManager>.FindInstance
[Warning: Singleton] Got null in Singleton<DiskCardGame.LifeManager>.FindInstance
[Warning: Singleton] Got null in Singleton<DiskCardGame.TurnManager>.FindInstance
[Warning: Singleton] Got null in Singleton<DiskCardGame.LifeManager>.FindInstance
[Warning: Singleton] Got null in Singleton<DiskCardGame.TurnManager>.FindInstance
[Warning: Singleton] Got null in Singleton<DiskCardGame.LifeManager>.FindInstance
[Warning: Singleton] Got null in Singleton<DiskCardGame.TurnManager>.FindInstance
[Warning: Singleton] Got null in Singleton<DiskCardGame.LifeManager>.FindInstance
[Warning: Singleton] Got null in Singleton<DiskCardGame.TurnManager>.FindInstance
[Warning: Singleton] Got null in Singleton<DiskCardGame.LifeManager>.FindInstance
[Warning: Singleton] Got null in Singleton<DiskCardGame.TurnManager>.FindInstance
[Warning: Singleton] Got null in Singleton<DiskCardGame.LifeManager>.FindInstance
[Warning: Singleton] Got null in Singleton<DiskCardGame.TurnManager>.FindInstance
[Warning: Singleton] Got null in Singleton<DiskCardGame.LifeManager>.FindInstance
[Warning: Singleton] Got null in Singleton<DiskCardGame.TurnManager>.FindInstance
[Warning: Singleton] Got null in Singleton<DiskCardGame.LifeManager>.FindInstance
[Warning: Singleton] Got null in Singleton<DiskCardGame.TurnManager>.FindInstance
[Warning: Singleton] Got null in Singleton<DiskCardGame.LifeManager>.FindInstance
[Warning: Singleton] Got null in Singleton<DiskCardGame.TurnManager>.FindInstance
[Warning: Singleton] Got null in Singleton<DiskCardGame.LifeManager>.FindInstance
[Warning: Singleton] Got null in Singleton<DiskCardGame.TurnManager>.FindInstance
[Warning: Singleton] Got null in Singleton<DiskCardGame.LifeManager>.FindInstance
[Warning: Singleton] Got null in Singleton<DiskCardGame.TurnManager>.FindInstance
[Warning: Singleton] Got null in Singleton<DiskCardGame.LifeManager>.FindInstance
[Warning: Singleton] Got null in Singleton<DiskCardGame.TurnManager>.FindInstance
[Warning: Singleton] Got null in Singleton<DiskCardGame.LifeManager>.FindInstance
[Warning: Singleton] Got null in Singleton<DiskCardGame.TurnManager>.FindInstance
[Warning: Singleton] Got null in Singleton<DiskCardGame.LifeManager>.FindInstance
[Warning: Singleton] Got null in Singleton<DiskCardGame.TurnManager>.FindInstance
[Warning: Singleton] Got null in Singleton<DiskCardGame.LifeManager>.FindInstance
[Warning: Singleton] Got null in Singleton<DiskCardGame.TurnManager>.FindInstance
[Warning: Singleton] Got null in Singleton<DiskCardGame.LifeManager>.FindInstance
[Warning: Singleton] Got null in Singleton<DiskCardGame.TurnManager>.FindInstance
[Warning: Singleton] Got null in Singleton<DiskCardGame.LifeManager>.FindInstance
[Warning: Singleton] Got null in Singleton<DiskCardGame.TurnManager>.FindInstance
[Warning: Singleton] Got null in Singleton<DiskCardGame.LifeManager>.FindInstance
[Warning: Singleton] Got null in Singleton<DiskCardGame.TurnManager>.FindInstance
[Warning: Singleton] Got null in Singleton<DiskCardGame.LifeManager>.FindInstance
[Warning: Singleton] Got null in Singleton<DiskCardGame.TurnManager>.FindInstance
[Warning: Singleton] Got null in Singleton<DiskCardGame.LifeManager>.FindInstance
[Warning: Singleton] Got null in Singleton<DiskCardGame.TurnManager>.FindInstance
[Warning: Singleton] Got null in Singleton<DiskCardGame.LifeManager>.FindInstance
[Warning: Singleton] Got null in Singleton<DiskCardGame.TurnManager>.FindInstance
[Warning: Singleton] Got null in Singleton<DiskCardGame.LifeManager>.FindInstance
[Warning: Singleton] Got null in Singleton<DiskCardGame.TurnManager>.FindInstance
[Warning: Singleton] Got null in Singleton<DiskCardGame.LifeManager>.FindInstance
[Warning: Singleton] Got null in Singleton<DiskCardGame.TurnManager>.FindInstance
[Warning: Singleton] Got null in Singleton<DiskCardGame.LifeManager>.FindInstance
[Warning: Singleton] Got null in Singleton<DiskCardGame.TurnManager>.FindInstance
[Warning: Singleton] Got null in Singleton<DiskCardGame.LifeManager>.FindInstance
[Warning: Singleton] Got null in Singleton<DiskCardGame.TurnManager>.FindInstance
[Warning: Singleton] Got null in Singleton<DiskCardGame.LifeManager>.FindInstance
[Warning: Singleton] Got null in Singleton<DiskCardGame.TurnManager>.FindInstance
[Warning: Singleton] Got null in Singleton<DiskCardGame.LifeManager>.FindInstance
[Warning: Singleton] Got null in Singleton<DiskCardGame.TurnManager>.FindInstance
[Warning: Singleton] Got null in Singleton<DiskCardGame.LifeManager>.FindInstance
[Warning: Singleton] Got null in Singleton<DiskCardGame.TurnManager>.FindInstance
[Warning: Singleton] Got null in Singleton<DiskCardGame.LifeManager>.FindInstance
[Warning: Singleton] Got null in Singleton<DiskCardGame.TurnManager>.FindInstance
[Warning: Singleton] Got null in Singleton<DiskCardGame.LifeManager>.FindInstance
[Warning: Singleton] Got null in Singleton<DiskCardGame.TurnManager>.FindInstance
[Warning: Singleton] Got null in Singleton<DiskCardGame.LifeManager>.FindInstance
[Warning: Singleton] Got null in Singleton<DiskCardGame.TurnManager>.FindInstance
[Warning: Singleton] Got null in Singleton<DiskCardGame.LifeManager>.FindInstance
[Warning: Singleton] Got null in Singleton<DiskCardGame.TurnManager>.FindInstance
[Warning: Singleton] Got null in Singleton<DiskCardGame.LifeManager>.FindInstance
[Warning: Singleton] Got null in Singleton<DiskCardGame.TurnManager>.FindInstance
[Warning: Singleton] Got null in Singleton<DiskCardGame.LifeManager>.FindInstance
[Warning: Singleton] Got null in Singleton<DiskCardGame.TurnManager>.FindInstance
[Warning: Singleton] Got null in Singleton<DiskCardGame.LifeManager>.FindInstance
[Warning: Singleton] Got null in Singleton<DiskCardGame.TurnManager>.FindInstance
[Warning: Singleton] Got null in Singleton<DiskCardGame.LifeManager>.FindInstance
[Warning: Singleton] Got null in Singleton<DiskCardGame.TurnManager>.FindInstance
[Warning: Singleton] Got null in Singleton<DiskCardGame.LifeManager>.FindInstance
[Warning: Singleton] Got null in Singleton<DiskCardGame.TurnManager>.FindInstance
[Warning: Singleton] Got null in Singleton<DiskCardGame.LifeManager>.FindInstance
[Warning: Singleton] Got null in Singleton<DiskCardGame.TurnManager>.FindInstance
[Warning: Singleton] Got null in Singleton<DiskCardGame.LifeManager>.FindInstance
[Warning: Singleton] Got null in Singleton<DiskCardGame.TurnManager>.FindInstance
[Warning: Singleton] Got null in Singleton<DiskCardGame.LifeManager>.FindInstance
[Warning: Singleton] Got null in Singleton<DiskCardGame.TurnManager>.FindInstance
[Warning: Singleton] Got null in Singleton<DiskCardGame.LifeManager>.FindInstance
[Warning: Singleton] Got null in Singleton<DiskCardGame.TurnManager>.FindInstance
[Warning: Singleton] Got null in Singleton<DiskCardGame.LifeManager>.FindInstance
[Warning: Singleton] Got null in Singleton<DiskCardGame.TurnManager>.FindInstance
[Warning: Singleton] Got null in Singleton<DiskCardGame.LifeManager>.FindInstance
[Warning: Singleton] Got null in Singleton<DiskCardGame.TurnManager>.FindInstance
[Warning: Singleton] Got null in Singleton<DiskCardGame.LifeManager>.FindInstance
[Warning: Singleton] Got null in Singleton<DiskCardGame.TurnManager>.FindInstance
[Warning: Singleton] Got null in Singleton<DiskCardGame.LifeManager>.FindInstance
[Warning: Singleton] Got null in Singleton<DiskCardGame.TurnManager>.FindInstance
[Warning: Singleton] Got null in Singleton<DiskCardGame.LifeManager>.FindInstance
[Warning: Singleton] Got null in Singleton<DiskCardGame.TurnManager>.FindInstance
[Warning: Singleton] Got null in Singleton<DiskCardGame.LifeManager>.FindInstance
[Warning: Singleton] Got null in Singleton<DiskCardGame.TurnManager>.FindInstance
[Warning: Singleton] Got null in Singleton<DiskCardGame.LifeManager>.FindInstance
[Warning: Singleton] Got null in Singleton<DiskCardGame.TurnManager>.FindInstance
[Warning: Singleton] Got null in Singleton<DiskCardGame.LifeManager>.FindInstance
[Warning: Singleton] Got null in Singleton<DiskCardGame.TurnManager>.FindInstance
[Warning: Singleton] Got null in Singleton<DiskCardGame.LifeManager>.FindInstance
[Warning: Singleton] Got null in Singleton<DiskCardGame.TurnManager>.FindInstance
[Warning: Singleton] Got null in Singleton<DiskCardGame.LifeManager>.FindInstance
[Warning: Singleton] Got null in Singleton<DiskCardGame.TurnManager>.FindInstance
[Warning: Singleton] Got null in Singleton<DiskCardGame.LifeManager>.FindInstance
[Warning: Singleton] Got null in Singleton<DiskCardGame.TurnManager>.FindInstance
[Warning: Singleton] Got null in Singleton<DiskCardGame.LifeManager>.FindInstance
[Warning: Singleton] Got null in Singleton<DiskCardGame.TurnManager>.FindInstance
[Warning: Singleton] Got null in Singleton<DiskCardGame.LifeManager>.FindInstance
[Warning: Singleton] Got null in Singleton<DiskCardGame.TurnManager>.FindInstance
[Warning: Singleton] Got null in Singleton<DiskCardGame.LifeManager>.FindInstance
[Warning: Singleton] Got null in Singleton<DiskCardGame.TurnManager>.FindInstance
[Warning: Singleton] Got null in Singleton<DiskCardGame.LifeManager>.FindInstance
[Warning: Singleton] Got null in Singleton<DiskCardGame.TurnManager>.FindInstance
[Warning: Singleton] Got null in Singleton<DiskCardGame.LifeManager>.FindInstance
[Warning: Singleton] Got null in Singleton<DiskCardGame.TurnManager>.FindInstance
[Warning: Singleton] Got null in Singleton<DiskCardGame.LifeManager>.FindInstance
[Warning: Singleton] Got null in Singleton<DiskCardGame.TurnManager>.FindInstance
[Warning: Singleton] Got null in Singleton<DiskCardGame.LifeManager>.FindInstance
[Warning: Singleton] Got null in Singleton<DiskCardGame.TurnManager>.FindInstance
[Warning: Singleton] Got null in Singleton<DiskCardGame.LifeManager>.FindInstance
[Warning: Singleton] Got null in Singleton<DiskCardGame.TurnManager>.FindInstance
[Warning: Singleton] Got null in Singleton<DiskCardGame.LifeManager>.FindInstance
[Warning: Singleton] Got null in Singleton<DiskCardGame.TurnManager>.FindInstance
[Warning: Singleton] Got null in Singleton<DiskCardGame.LifeManager>.FindInstance
[Warning: Singleton] Got null in Singleton<DiskCardGame.TurnManager>.FindInstance
[Warning: Singleton] Got null in Singleton<DiskCardGame.LifeManager>.FindInstance
[Warning: Singleton] Got null in Singleton<DiskCardGame.TurnManager>.FindInstance
[Warning: Singleton] Got null in Singleton<DiskCardGame.LifeManager>.FindInstance
[Warning: Singleton] Got null in Singleton<DiskCardGame.TurnManager>.FindInstance
[Warning: Singleton] Got null in Singleton<DiskCardGame.LifeManager>.FindInstance
[Warning: Singleton] Got null in Singleton<DiskCardGame.TurnManager>.FindInstance
[Warning: Singleton] Got null in Singleton<DiskCardGame.LifeManager>.FindInstance
[Warning: Singleton] Got null in Singleton<DiskCardGame.TurnManager>.FindInstance
[Warning: Singleton] Got null in Singleton<DiskCardGame.LifeManager>.FindInstance
[Warning: Singleton] Got null in Singleton<DiskCardGame.TurnManager>.FindInstance
[Warning: Singleton] Got null in Singleton<DiskCardGame.LifeManager>.FindInstance
[Warning: Singleton] Got null in Singleton<DiskCardGame.TurnManager>.FindInstance
[Warning: Singleton] Got null in Singleton<DiskCardGame.LifeManager>.FindInstance
[Warning: Singleton] Got null in Singleton<DiskCardGame.TurnManager>.FindInstance
[Warning: Singleton] Got null in Singleton<DiskCardGame.LifeManager>.FindInstance
[Warning: Singleton] Got null in Singleton<DiskCardGame.TurnManager>.FindInstance
[Warning: Singleton] Got null in Singleton<DiskCardGame.LifeManager>.FindInstance
[Warning: Singleton] Got null in Singleton<DiskCardGame.TurnManager>.FindInstance
[Warning: Singleton] Got null in Singleton<DiskCardGame.LifeManager>.FindInstance
[Warning: Singleton] Got null in Singleton<DiskCardGame.TurnManager>.FindInstance
[Warning: Singleton] Got null in Singleton<DiskCardGame.LifeManager>.FindInstance
[Warning: Singleton] Got null in Singleton<DiskCardGame.TurnManager>.FindInstance
[Warning: Singleton] Got null in Singleton<DiskCardGame.LifeManager>.FindInstance
[Warning: Singleton] Got null in Singleton<DiskCardGame.TurnManager>.FindInstance
[Warning: Singleton] Got null in Singleton<DiskCardGame.LifeManager>.FindInstance
[Warning: Singleton] Got null in Singleton<DiskCardGame.TurnManager>.FindInstance
[Warning: Singleton] Got null in Singleton<DiskCardGame.LifeManager>.FindInstance
[Warning: Singleton] Got null in Singleton<DiskCardGame.TurnManager>.FindInstance
[Warning: Singleton] Got null in Singleton<DiskCardGame.LifeManager>.FindInstance
[Warning: Singleton] Got null in Singleton<DiskCardGame.TurnManager>.FindInstance
[Warning: Singleton] Got null in Singleton<DiskCardGame.LifeManager>.FindInstance
[Warning: Singleton] Got null in Singleton<DiskCardGame.TurnManager>.FindInstance
[Warning: Singleton] Got null in Singleton<DiskCardGame.LifeManager>.FindInstance
[Warning: Singleton] Got null in Singleton<DiskCardGame.TurnManager>.FindInstance
[Warning: Singleton] Got null in Singleton<DiskCardGame.LifeManager>.FindInstance
[Warning: Singleton] Got null in Singleton<DiskCardGame.TurnManager>.FindInstance
[Warning: Singleton] Got null in Singleton<DiskCardGame.LifeManager>.FindInstance
[Warning: Singleton] Got null in Singleton<DiskCardGame.TurnManager>.FindInstance
[Warning: Singleton] Got null in Singleton<DiskCardGame.LifeManager>.FindInstance
[Warning: Singleton] Got null in Singleton<DiskCardGame.TurnManager>.FindInstance
[Warning: Singleton] Got null in Singleton<DiskCardGame.LifeManager>.FindInstance
[Warning: Singleton] Got null in Singleton<DiskCardGame.TurnManager>.FindInstance
[Warning: Singleton] Got null in Singleton<DiskCardGame.LifeManager>.FindInstance
[Warning: Singleton] Got null in Singleton<DiskCardGame.TurnManager>.FindInstance
[Warning: Singleton] Got null in Singleton<DiskCardGame.LifeManager>.FindInstance
[Warning: Singleton] Got null in Singleton<DiskCardGame.TurnManager>.FindInstance
[Warning: Singleton] Got null in Singleton<DiskCardGame.LifeManager>.FindInstance
[Warning: Singleton] Got null in Singleton<DiskCardGame.TurnManager>.FindInstance
[Warning: Singleton] Got null in Singleton<DiskCardGame.LifeManager>.FindInstance
[Warning: Singleton] Got null in Singleton<DiskCardGame.TurnManager>.FindInstance
[Warning: Singleton] Got null in Singleton<DiskCardGame.LifeManager>.FindInstance
[Warning: Singleton] Got null in Singleton<DiskCardGame.TurnManager>.FindInstance
[Warning: Singleton] Got null in Singleton<DiskCardGame.LifeManager>.FindInstance
[Warning: Singleton] Got null in Singleton<DiskCardGame.TurnManager>.FindInstance
[Warning: Singleton] Got null in Singleton<DiskCardGame.LifeManager>.FindInstance
[Warning: Singleton] Got null in Singleton<DiskCardGame.TurnManager>.FindInstance
[Warning: Singleton] Got null in Singleton<DiskCardGame.LifeManager>.FindInstance
[Warning: Singleton] Got null in Singleton<DiskCardGame.TurnManager>.FindInstance
[Warning: Singleton] Got null in Singleton<DiskCardGame.LifeManager>.FindInstance
[Warning: Singleton] Got null in Singleton<DiskCardGame.TurnManager>.FindInstance
[Warning: Singleton] Got null in Singleton<DiskCardGame.LifeManager>.FindInstance
[Warning: Singleton] Got null in Singleton<DiskCardGame.TurnManager>.FindInstance
[Warning: Singleton] Got null in Singleton<DiskCardGame.LifeManager>.FindInstance
[Warning: Singleton] Got null in Singleton<DiskCardGame.TurnManager>.FindInstance
[Warning: Singleton] Got null in Singleton<DiskCardGame.LifeManager>.FindInstance
[Warning: Singleton] Got null in Singleton<DiskCardGame.TurnManager>.FindInstance
[Warning: Singleton] Got null in Singleton<DiskCardGame.LifeManager>.FindInstance
[Warning: Singleton] Got null in Singleton<DiskCardGame.TurnManager>.FindInstance
[Warning: Singleton] Got null in Singleton<DiskCardGame.LifeManager>.FindInstance
[Warning: Singleton] Got null in Singleton<DiskCardGame.TurnManager>.FindInstance
[Warning: Singleton] Got null in Singleton<DiskCardGame.LifeManager>.FindInstance
[Warning: Singleton] Got null in Singleton<DiskCardGame.TurnManager>.FindInstance
[Warning: Singleton] Got null in Singleton<DiskCardGame.LifeManager>.FindInstance
[Warning: Singleton] Got null in Singleton<DiskCardGame.TurnManager>.FindInstance
[Warning: Singleton] Got null in Singleton<DiskCardGame.LifeManager>.FindInstance
[Warning: Singleton] Got null in Singleton<DiskCardGame.TurnManager>.FindInstance
[Warning: Singleton] Got null in Singleton<DiskCardGame.LifeManager>.FindInstance
[Warning: Singleton] Got null in Singleton<DiskCardGame.TurnManager>.FindInstance
[Warning: Singleton] Got null in Singleton<DiskCardGame.LifeManager>.FindInstance
[Warning: Singleton] Got null in Singleton<DiskCardGame.TurnManager>.FindInstance
[Warning: Singleton] Got null in Singleton<DiskCardGame.LifeManager>.FindInstance
[Warning: Singleton] Got null in Singleton<DiskCardGame.TurnManager>.FindInstance
[Warning: Singleton] Got null in Singleton<DiskCardGame.LifeManager>.FindInstance
[Debug  :InscryptionCommunityPatch] Ability [Reach] stacks [1] time(s)
[Warning: Singleton] Got null in Singleton<DiskCardGame.TurnManager>.FindInstance
[Warning: Singleton] Got null in Singleton<DiskCardGame.LifeManager>.FindInstance
[Warning: Singleton] Got null in Singleton<DiskCardGame.TurnManager>.FindInstance
[Warning: Singleton] Got null in Singleton<DiskCardGame.LifeManager>.FindInstance
[Warning: Singleton] Got null in Singleton<DiskCardGame.TurnManager>.FindInstance
[Warning: Singleton] Got null in Singleton<DiskCardGame.LifeManager>.FindInstance
[Warning: Singleton] Got null in Singleton<DiskCardGame.TurnManager>.FindInstance
[Warning: Singleton] Got null in Singleton<DiskCardGame.LifeManager>.FindInstance
[Warning: Singleton] Got null in Singleton<DiskCardGame.TurnManager>.FindInstance
[Warning: Singleton] Got null in Singleton<DiskCardGame.LifeManager>.FindInstance
[Warning: Singleton] Got null in Singleton<DiskCardGame.TurnManager>.FindInstance
[Warning: Singleton] Got null in Singleton<DiskCardGame.LifeManager>.FindInstance
[Warning: Singleton] Got null in Singleton<DiskCardGame.TurnManager>.FindInstance
[Warning: Singleton] Got null in Singleton<DiskCardGame.LifeManager>.FindInstance
[Warning: Singleton] Got null in Singleton<DiskCardGame.TurnManager>.FindInstance
[Warning: Singleton] Got null in Singleton<DiskCardGame.LifeManager>.FindInstance
[Warning: Singleton] Got null in Singleton<DiskCardGame.TurnManager>.FindInstance
[Warning: Singleton] Got null in Singleton<DiskCardGame.LifeManager>.FindInstance
[Warning: Singleton] Got null in Singleton<DiskCardGame.TurnManager>.FindInstance
[Warning: Singleton] Got null in Singleton<DiskCardGame.LifeManager>.FindInstance
[Warning: Singleton] Got null in Singleton<DiskCardGame.TurnManager>.FindInstance
[Warning: Singleton] Got null in Singleton<DiskCardGame.LifeManager>.FindInstance
[Warning: Singleton] Got null in Singleton<DiskCardGame.TurnManager>.FindInstance
[Warning: Singleton] Got null in Singleton<DiskCardGame.LifeManager>.FindInstance
[Warning: Singleton] Got null in Singleton<DiskCardGame.TurnManager>.FindInstance
[Warning: Singleton] Got null in Singleton<DiskCardGame.LifeManager>.FindInstance
[Warning: Singleton] Got null in Singleton<DiskCardGame.TurnManager>.FindInstance
[Warning: Singleton] Got null in Singleton<DiskCardGame.LifeManager>.FindInstance
[Warning: Singleton] Got null in Singleton<DiskCardGame.TurnManager>.FindInstance
[Warning: Singleton] Got null in Singleton<DiskCardGame.LifeManager>.FindInstance
[Warning: Singleton] Got null in Singleton<DiskCardGame.TurnManager>.FindInstance
[Warning: Singleton] Got null in Singleton<DiskCardGame.LifeManager>.FindInstance
[Warning: Singleton] Got null in Singleton<DiskCardGame.TurnManager>.FindInstance
[Warning: Singleton] Got null in Singleton<DiskCardGame.LifeManager>.FindInstance
[Warning: Singleton] Got null in Singleton<DiskCardGame.TurnManager>.FindInstance
[Warning: Singleton] Got null in Singleton<DiskCardGame.LifeManager>.FindInstance
[Warning: Singleton] Got null in Singleton<DiskCardGame.TurnManager>.FindInstance
[Warning: Singleton] Got null in Singleton<DiskCardGame.LifeManager>.FindInstance
[Warning: Singleton] Got null in Singleton<DiskCardGame.TurnManager>.FindInstance
[Warning: Singleton] Got null in Singleton<DiskCardGame.LifeManager>.FindInstance
[Warning: Singleton] Got null in Singleton<DiskCardGame.TurnManager>.FindInstance
[Warning: Singleton] Got null in Singleton<DiskCardGame.LifeManager>.FindInstance
[Warning: Singleton] Got null in Singleton<DiskCardGame.TurnManager>.FindInstance
[Warning: Singleton] Got null in Singleton<DiskCardGame.LifeManager>.FindInstance
[Warning: Singleton] Got null in Singleton<DiskCardGame.TurnManager>.FindInstance
[Warning: Singleton] Got null in Singleton<DiskCardGame.LifeManager>.FindInstance
[Warning: Singleton] Got null in Singleton<DiskCardGame.TurnManager>.FindInstance
[Warning: Singleton] Got null in Singleton<DiskCardGame.LifeManager>.FindInstance
[Warning: Singleton] Got null in Singleton<DiskCardGame.TurnManager>.FindInstance
[Warning: Singleton] Got null in Singleton<DiskCardGame.LifeManager>.FindInstance
[Warning: Singleton] Got null in Singleton<DiskCardGame.TurnManager>.FindInstance
[Warning: Singleton] Got null in Singleton<DiskCardGame.LifeManager>.FindInstance
[Warning: Singleton] Got null in Singleton<DiskCardGame.TurnManager>.FindInstance
[Warning: Singleton] Got null in Singleton<DiskCardGame.LifeManager>.FindInstance
[Warning: Singleton] Got null in Singleton<DiskCardGame.TurnManager>.FindInstance
[Warning: Singleton] Got null in Singleton<DiskCardGame.LifeManager>.FindInstance
[Warning: Singleton] Got null in Singleton<DiskCardGame.TurnManager>.FindInstance
[Warning: Singleton] Got null in Singleton<DiskCardGame.LifeManager>.FindInstance
[Debug  :InscryptionCommunityPatch] Ability [Submerge] stacks [1] time(s)
[Debug  :InscryptionCommunityPatch] Ability [Evolve] stacks [1] time(s)
[Warning: Singleton] Got null in Singleton<DiskCardGame.TurnManager>.FindInstance
[Warning: Singleton] Got null in Singleton<DiskCardGame.LifeManager>.FindInstance
[Warning: Singleton] Got null in Singleton<DiskCardGame.TurnManager>.FindInstance
[Warning: Singleton] Got null in Singleton<DiskCardGame.LifeManager>.FindInstance
[Warning: Singleton] Got null in Singleton<DiskCardGame.TurnManager>.FindInstance
[Warning: Singleton] Got null in Singleton<DiskCardGame.LifeManager>.FindInstance
[Warning: Singleton] Got null in Singleton<DiskCardGame.TurnManager>.FindInstance
[Warning: Singleton] Got null in Singleton<DiskCardGame.LifeManager>.FindInstance
[Warning: Singleton] Got null in Singleton<DiskCardGame.TurnManager>.FindInstance
[Warning: Singleton] Got null in Singleton<DiskCardGame.LifeManager>.FindInstance
[Warning: Singleton] Got null in Singleton<DiskCardGame.TurnManager>.FindInstance
[Warning: Singleton] Got null in Singleton<DiskCardGame.LifeManager>.FindInstance
[Warning: Singleton] Got null in Singleton<DiskCardGame.TurnManager>.FindInstance
[Warning: Singleton] Got null in Singleton<DiskCardGame.LifeManager>.FindInstance
[Warning: Singleton] Got null in Singleton<DiskCardGame.TurnManager>.FindInstance
[Warning: Singleton] Got null in Singleton<DiskCardGame.LifeManager>.FindInstance
[Warning: Singleton] Got null in Singleton<DiskCardGame.TurnManager>.FindInstance
[Warning: Singleton] Got null in Singleton<DiskCardGame.LifeManager>.FindInstance
[Warning: Singleton] Got null in Singleton<DiskCardGame.TurnManager>.FindInstance
[Warning: Singleton] Got null in Singleton<DiskCardGame.LifeManager>.FindInstance
[Warning: Singleton] Got null in Singleton<DiskCardGame.TurnManager>.FindInstance
[Warning: Singleton] Got null in Singleton<DiskCardGame.LifeManager>.FindInstance
[Warning: Singleton] Got null in Singleton<DiskCardGame.TurnManager>.FindInstance
[Warning: Singleton] Got null in Singleton<DiskCardGame.LifeManager>.FindInstance
[Warning: Singleton] Got null in Singleton<DiskCardGame.TurnManager>.FindInstance
[Warning: Singleton] Got null in Singleton<DiskCardGame.LifeManager>.FindInstance
[Warning: Singleton] Got null in Singleton<DiskCardGame.TurnManager>.FindInstance
[Warning: Singleton] Got null in Singleton<DiskCardGame.LifeManager>.FindInstance
[Warning: Singleton] Got null in Singleton<DiskCardGame.TurnManager>.FindInstance
[Warning: Singleton] Got null in Singleton<DiskCardGame.LifeManager>.FindInstance
[Warning: Singleton] Got null in Singleton<DiskCardGame.TurnManager>.FindInstance
[Warning: Singleton] Got null in Singleton<DiskCardGame.LifeManager>.FindInstance
[Warning: Singleton] Got null in Singleton<DiskCardGame.TurnManager>.FindInstance
[Warning: Singleton] Got null in Singleton<DiskCardGame.LifeManager>.FindInstance
[Warning: Singleton] Got null in Singleton<DiskCardGame.TurnManager>.FindInstance
[Warning: Singleton] Got null in Singleton<DiskCardGame.LifeManager>.FindInstance
[Debug  :InscryptionCommunityPatch] Ability [HydraEgg] stacks [1] time(s)
[Debug  :InscryptionCommunityPatch] Ability [HydraEgg] stacks [1] time(s)
[Debug  :InscryptionCommunityPatch] Ability [HydraEgg] stacks [1] time(s)
[Warning: Singleton] Got null in Singleton<DiskCardGame.TurnManager>.FindInstance
[Warning: Singleton] Got null in Singleton<DiskCardGame.LifeManager>.FindInstance
[Warning: Singleton] Got null in Singleton<DiskCardGame.TurnManager>.FindInstance
[Warning: Singleton] Got null in Singleton<DiskCardGame.LifeManager>.FindInstance
[Warning: Singleton] Got null in Singleton<DiskCardGame.TurnManager>.FindInstance
[Warning: Singleton] Got null in Singleton<DiskCardGame.LifeManager>.FindInstance
[Warning: Singleton] Got null in Singleton<DiskCardGame.TurnManager>.FindInstance
[Warning: Singleton] Got null in Singleton<DiskCardGame.LifeManager>.FindInstance
[Warning: Singleton] Got null in Singleton<DiskCardGame.TurnManager>.FindInstance
[Warning: Singleton] Got null in Singleton<DiskCardGame.LifeManager>.FindInstance
[Warning: Singleton] Got null in Singleton<DiskCardGame.TurnManager>.FindInstance
[Warning: Singleton] Got null in Singleton<DiskCardGame.LifeManager>.FindInstance
[Warning: Singleton] Got null in Singleton<DiskCardGame.TurnManager>.FindInstance
[Warning: Singleton] Got null in Singleton<DiskCardGame.LifeManager>.FindInstance
[Warning: Singleton] Got null in Singleton<DiskCardGame.TurnManager>.FindInstance
[Warning: Singleton] Got null in Singleton<DiskCardGame.LifeManager>.FindInstance
[Warning: Singleton] Got null in Singleton<DiskCardGame.TurnManager>.FindInstance
[Warning: Singleton] Got null in Singleton<DiskCardGame.LifeManager>.FindInstance
[Warning: Singleton] Got null in Singleton<DiskCardGame.TurnManager>.FindInstance
[Warning: Singleton] Got null in Singleton<DiskCardGame.LifeManager>.FindInstance
[Warning: Singleton] Got null in Singleton<DiskCardGame.TurnManager>.FindInstance
[Warning: Singleton] Got null in Singleton<DiskCardGame.LifeManager>.FindInstance
[Warning: Singleton] Got null in Singleton<DiskCardGame.TurnManager>.FindInstance
[Warning: Singleton] Got null in Singleton<DiskCardGame.LifeManager>.FindInstance
[Warning: Singleton] Got null in Singleton<DiskCardGame.TurnManager>.FindInstance
[Warning: Singleton] Got null in Singleton<DiskCardGame.LifeManager>.FindInstance
[Warning: Singleton] Got null in Singleton<DiskCardGame.TurnManager>.FindInstance
[Warning: Singleton] Got null in Singleton<DiskCardGame.LifeManager>.FindInstance
[Warning: Singleton] Got null in Singleton<DiskCardGame.TurnManager>.FindInstance
[Warning: Singleton] Got null in Singleton<DiskCardGame.LifeManager>.FindInstance
[Warning: Singleton] Got null in Singleton<DiskCardGame.TurnManager>.FindInstance
[Warning: Singleton] Got null in Singleton<DiskCardGame.LifeManager>.FindInstance
[Warning: Singleton] Got null in Singleton<DiskCardGame.TurnManager>.FindInstance
[Warning: Singleton] Got null in Singleton<DiskCardGame.LifeManager>.FindInstance
[Warning: Singleton] Got null in Singleton<DiskCardGame.TurnManager>.FindInstance
[Warning: Singleton] Got null in Singleton<DiskCardGame.LifeManager>.FindInstance
[Warning: Singleton] Got null in Singleton<DiskCardGame.TurnManager>.FindInstance
[Warning: Singleton] Got null in Singleton<DiskCardGame.LifeManager>.FindInstance
[Warning: Singleton] Got null in Singleton<DiskCardGame.TurnManager>.FindInstance
[Warning: Singleton] Got null in Singleton<DiskCardGame.LifeManager>.FindInstance
[Warning: Singleton] Got null in Singleton<DiskCardGame.TurnManager>.FindInstance
[Warning: Singleton] Got null in Singleton<DiskCardGame.LifeManager>.FindInstance
[Debug  :InscryptionCommunityPatch] Ability [TriStrike] stacks [1] time(s)
[Warning: Singleton] Got null in Singleton<DiskCardGame.TurnManager>.FindInstance
[Warning: Singleton] Got null in Singleton<DiskCardGame.LifeManager>.FindInstance
[Warning: Singleton] Got null in Singleton<DiskCardGame.TurnManager>.FindInstance
[Warning: Singleton] Got null in Singleton<DiskCardGame.LifeManager>.FindInstance
[Warning: Singleton] Got null in Singleton<DiskCardGame.TurnManager>.FindInstance
[Warning: Singleton] Got null in Singleton<DiskCardGame.LifeManager>.FindInstance
[Warning: Singleton] Got null in Singleton<DiskCardGame.TurnManager>.FindInstance
[Warning: Singleton] Got null in Singleton<DiskCardGame.LifeManager>.FindInstance
[Warning: Singleton] Got null in Singleton<DiskCardGame.TurnManager>.FindInstance
[Warning: Singleton] Got null in Singleton<DiskCardGame.LifeManager>.FindInstance
[Warning: Singleton] Got null in Singleton<DiskCardGame.TurnManager>.FindInstance
[Warning: Singleton] Got null in Singleton<DiskCardGame.LifeManager>.FindInstance
[Warning: Singleton] Got null in Singleton<DiskCardGame.TurnManager>.FindInstance
[Warning: Singleton] Got null in Singleton<DiskCardGame.LifeManager>.FindInstance
[Warning: Singleton] Got null in Singleton<DiskCardGame.TurnManager>.FindInstance
[Warning: Singleton] Got null in Singleton<DiskCardGame.LifeManager>.FindInstance
[Warning: Singleton] Got null in Singleton<DiskCardGame.TurnManager>.FindInstance
[Warning: Singleton] Got null in Singleton<DiskCardGame.LifeManager>.FindInstance
[Warning: Singleton] Got null in Singleton<DiskCardGame.TurnManager>.FindInstance
[Warning: Singleton] Got null in Singleton<DiskCardGame.LifeManager>.FindInstance
[Warning: Singleton] Got null in Singleton<DiskCardGame.TurnManager>.FindInstance
[Warning: Singleton] Got null in Singleton<DiskCardGame.LifeManager>.FindInstance
[Warning: Singleton] Got null in Singleton<DiskCardGame.TurnManager>.FindInstance
[Warning: Singleton] Got null in Singleton<DiskCardGame.LifeManager>.FindInstance
[Warning: Singleton] Got null in Singleton<DiskCardGame.TurnManager>.FindInstance
[Warning: Singleton] Got null in Singleton<DiskCardGame.LifeManager>.FindInstance
[Warning: Singleton] Got null in Singleton<DiskCardGame.TurnManager>.FindInstance
[Warning: Singleton] Got null in Singleton<DiskCardGame.LifeManager>.FindInstance
[Warning: Singleton] Got null in Singleton<DiskCardGame.TurnManager>.FindInstance
[Warning: Singleton] Got null in Singleton<DiskCardGame.LifeManager>.FindInstance
[Warning: Singleton] Got null in Singleton<DiskCardGame.TurnManager>.FindInstance
[Warning: Singleton] Got null in Singleton<DiskCardGame.LifeManager>.FindInstance
[Warning: Singleton] Got null in Singleton<DiskCardGame.TurnManager>.FindInstance
[Warning: Singleton] Got null in Singleton<DiskCardGame.LifeManager>.FindInstance
[Warning: Singleton] Got null in Singleton<DiskCardGame.TurnManager>.FindInstance
[Warning: Singleton] Got null in Singleton<DiskCardGame.LifeManager>.FindInstance
[Warning: Singleton] Got null in Singleton<DiskCardGame.TurnManager>.FindInstance
[Warning: Singleton] Got null in Singleton<DiskCardGame.LifeManager>.FindInstance
[Warning: Singleton] Got null in Singleton<DiskCardGame.TurnManager>.FindInstance
[Warning: Singleton] Got null in Singleton<DiskCardGame.LifeManager>.FindInstance
[Warning: Singleton] Got null in Singleton<DiskCardGame.TurnManager>.FindInstance
[Warning: Singleton] Got null in Singleton<DiskCardGame.LifeManager>.FindInstance
[Warning: Singleton] Got null in Singleton<DiskCardGame.TurnManager>.FindInstance
[Warning: Singleton] Got null in Singleton<DiskCardGame.LifeManager>.FindInstance
[Warning: Singleton] Got null in Singleton<DiskCardGame.TurnManager>.FindInstance
[Warning: Singleton] Got null in Singleton<DiskCardGame.LifeManager>.FindInstance
[Warning: Singleton] Got null in Singleton<DiskCardGame.TurnManager>.FindInstance
[Warning: Singleton] Got null in Singleton<DiskCardGame.LifeManager>.FindInstance
[Warning: Singleton] Got null in Singleton<DiskCardGame.TurnManager>.FindInstance
[Warning: Singleton] Got null in Singleton<DiskCardGame.LifeManager>.FindInstance
[Warning: Singleton] Got null in Singleton<DiskCardGame.TurnManager>.FindInstance
[Warning: Singleton] Got null in Singleton<DiskCardGame.LifeManager>.FindInstance
[Warning: Singleton] Got null in Singleton<DiskCardGame.TurnManager>.FindInstance
[Warning: Singleton] Got null in Singleton<DiskCardGame.LifeManager>.FindInstance
[Warning: Singleton] Got null in Singleton<DiskCardGame.TurnManager>.FindInstance
[Warning: Singleton] Got null in Singleton<DiskCardGame.LifeManager>.FindInstance
[Warning: Singleton] Got null in Singleton<DiskCardGame.TurnManager>.FindInstance
[Warning: Singleton] Got null in Singleton<DiskCardGame.LifeManager>.FindInstance
[Warning: Singleton] Got null in Singleton<DiskCardGame.TurnManager>.FindInstance
[Warning: Singleton] Got null in Singleton<DiskCardGame.LifeManager>.FindInstance
[Warning: Singleton] Got null in Singleton<DiskCardGame.TurnManager>.FindInstance
[Warning: Singleton] Got null in Singleton<DiskCardGame.LifeManager>.FindInstance
[Warning: Singleton] Got null in Singleton<DiskCardGame.TurnManager>.FindInstance
[Warning: Singleton] Got null in Singleton<DiskCardGame.LifeManager>.FindInstance
[Warning: Singleton] Got null in Singleton<DiskCardGame.TurnManager>.FindInstance
[Warning: Singleton] Got null in Singleton<DiskCardGame.LifeManager>.FindInstance
[Warning: Singleton] Got null in Singleton<DiskCardGame.TurnManager>.FindInstance
[Warning: Singleton] Got null in Singleton<DiskCardGame.LifeManager>.FindInstance
[Warning: Singleton] Got null in Singleton<DiskCardGame.TurnManager>.FindInstance
[Warning: Singleton] Got null in Singleton<DiskCardGame.LifeManager>.FindInstance
[Warning: Singleton] Got null in Singleton<DiskCardGame.TurnManager>.FindInstance
[Warning: Singleton] Got null in Singleton<DiskCardGame.LifeManager>.FindInstance
[Warning: Singleton] Got null in Singleton<DiskCardGame.TurnManager>.FindInstance
[Warning: Singleton] Got null in Singleton<DiskCardGame.LifeManager>.FindInstance
[Warning: Singleton] Got null in Singleton<DiskCardGame.TurnManager>.FindInstance
[Warning: Singleton] Got null in Singleton<DiskCardGame.LifeManager>.FindInstance
[Warning: Singleton] Got null in Singleton<DiskCardGame.TurnManager>.FindInstance
[Warning: Singleton] Got null in Singleton<DiskCardGame.LifeManager>.FindInstance
[Warning: Singleton] Got null in Singleton<DiskCardGame.TurnManager>.FindInstance
[Warning: Singleton] Got null in Singleton<DiskCardGame.LifeManager>.FindInstance
[Warning: Singleton] Got null in Singleton<DiskCardGame.TurnManager>.FindInstance
[Warning: Singleton] Got null in Singleton<DiskCardGame.LifeManager>.FindInstance
[Warning: Singleton] Got null in Singleton<DiskCardGame.TurnManager>.FindInstance
[Warning: Singleton] Got null in Singleton<DiskCardGame.LifeManager>.FindInstance
[Warning: Singleton] Got null in Singleton<DiskCardGame.TurnManager>.FindInstance
[Warning: Singleton] Got null in Singleton<DiskCardGame.LifeManager>.FindInstance
[Warning: Singleton] Got null in Singleton<DiskCardGame.TurnManager>.FindInstance
[Warning: Singleton] Got null in Singleton<DiskCardGame.LifeManager>.FindInstance
[Warning: Singleton] Got null in Singleton<DiskCardGame.TurnManager>.FindInstance
[Warning: Singleton] Got null in Singleton<DiskCardGame.LifeManager>.FindInstance
[Warning: Singleton] Got null in Singleton<DiskCardGame.TurnManager>.FindInstance
[Warning: Singleton] Got null in Singleton<DiskCardGame.LifeManager>.FindInstance
[Warning: Singleton] Got null in Singleton<DiskCardGame.TurnManager>.FindInstance
[Warning: Singleton] Got null in Singleton<DiskCardGame.LifeManager>.FindInstance
[Warning: Singleton] Got null in Singleton<DiskCardGame.TurnManager>.FindInstance
[Warning: Singleton] Got null in Singleton<DiskCardGame.LifeManager>.FindInstance
[Warning: Singleton] Got null in Singleton<DiskCardGame.TurnManager>.FindInstance
[Warning: Singleton] Got null in Singleton<DiskCardGame.LifeManager>.FindInstance
[Warning: Singleton] Got null in Singleton<DiskCardGame.TurnManager>.FindInstance
[Warning: Singleton] Got null in Singleton<DiskCardGame.LifeManager>.FindInstance
[Warning: Singleton] Got null in Singleton<DiskCardGame.TurnManager>.FindInstance
[Warning: Singleton] Got null in Singleton<DiskCardGame.LifeManager>.FindInstance
[Warning: Singleton] Got null in Singleton<DiskCardGame.TurnManager>.FindInstance
[Warning: Singleton] Got null in Singleton<DiskCardGame.LifeManager>.FindInstance
[Warning: Singleton] Got null in Singleton<DiskCardGame.TurnManager>.FindInstance
[Warning: Singleton] Got null in Singleton<DiskCardGame.LifeManager>.FindInstance
[Warning: Singleton] Got null in Singleton<DiskCardGame.TurnManager>.FindInstance
[Warning: Singleton] Got null in Singleton<DiskCardGame.LifeManager>.FindInstance
[Warning: Singleton] Got null in Singleton<DiskCardGame.TurnManager>.FindInstance
[Warning: Singleton] Got null in Singleton<DiskCardGame.LifeManager>.FindInstance
[Warning: Singleton] Got null in Singleton<DiskCardGame.TurnManager>.FindInstance
[Warning: Singleton] Got null in Singleton<DiskCardGame.LifeManager>.FindInstance
[Warning: Singleton] Got null in Singleton<DiskCardGame.TurnManager>.FindInstance
[Warning: Singleton] Got null in Singleton<DiskCardGame.LifeManager>.FindInstance
[Warning: Singleton] Got null in Singleton<DiskCardGame.TurnManager>.FindInstance
[Warning: Singleton] Got null in Singleton<DiskCardGame.LifeManager>.FindInstance
[Warning: Singleton] Got null in Singleton<DiskCardGame.TurnManager>.FindInstance
[Warning: Singleton] Got null in Singleton<DiskCardGame.LifeManager>.FindInstance
[Warning: Singleton] Got null in Singleton<DiskCardGame.TurnManager>.FindInstance
[Warning: Singleton] Got null in Singleton<DiskCardGame.LifeManager>.FindInstance
[Warning: Singleton] Got null in Singleton<DiskCardGame.TurnManager>.FindInstance
[Warning: Singleton] Got null in Singleton<DiskCardGame.LifeManager>.FindInstance
[Warning: Singleton] Got null in Singleton<DiskCardGame.TurnManager>.FindInstance
[Warning: Singleton] Got null in Singleton<DiskCardGame.LifeManager>.FindInstance
[Warning: Singleton] Got null in Singleton<DiskCardGame.TurnManager>.FindInstance
[Warning: Singleton] Got null in Singleton<DiskCardGame.LifeManager>.FindInstance
[Warning: Singleton] Got null in Singleton<DiskCardGame.TurnManager>.FindInstance
[Warning: Singleton] Got null in Singleton<DiskCardGame.LifeManager>.FindInstance
[Warning: Singleton] Got null in Singleton<DiskCardGame.TurnManager>.FindInstance
[Warning: Singleton] Got null in Singleton<DiskCardGame.LifeManager>.FindInstance
[Warning: Singleton] Got null in Singleton<DiskCardGame.TurnManager>.FindInstance
[Warning: Singleton] Got null in Singleton<DiskCardGame.LifeManager>.FindInstance
[Warning: Singleton] Got null in Singleton<DiskCardGame.TurnManager>.FindInstance
[Warning: Singleton] Got null in Singleton<DiskCardGame.LifeManager>.FindInstance
[Warning: Singleton] Got null in Singleton<DiskCardGame.TurnManager>.FindInstance
[Warning: Singleton] Got null in Singleton<DiskCardGame.LifeManager>.FindInstance
[Warning: Singleton] Got null in Singleton<DiskCardGame.TurnManager>.FindInstance
[Warning: Singleton] Got null in Singleton<DiskCardGame.LifeManager>.FindInstance
[Warning: Singleton] Got null in Singleton<DiskCardGame.TurnManager>.FindInstance
[Warning: Singleton] Got null in Singleton<DiskCardGame.LifeManager>.FindInstance
[Warning: Singleton] Got null in Singleton<DiskCardGame.TurnManager>.FindInstance
[Warning: Singleton] Got null in Singleton<DiskCardGame.LifeManager>.FindInstance
[Warning: Singleton] Got null in Singleton<DiskCardGame.TurnManager>.FindInstance
[Warning: Singleton] Got null in Singleton<DiskCardGame.LifeManager>.FindInstance
[Warning: Singleton] Got null in Singleton<DiskCardGame.TurnManager>.FindInstance
[Warning: Singleton] Got null in Singleton<DiskCardGame.LifeManager>.FindInstance
[Warning: Singleton] Got null in Singleton<DiskCardGame.TurnManager>.FindInstance
[Warning: Singleton] Got null in Singleton<DiskCardGame.LifeManager>.FindInstance
[Warning: Singleton] Got null in Singleton<DiskCardGame.TurnManager>.FindInstance
[Warning: Singleton] Got null in Singleton<DiskCardGame.LifeManager>.FindInstance
[Warning: Singleton] Got null in Singleton<DiskCardGame.TurnManager>.FindInstance
[Warning: Singleton] Got null in Singleton<DiskCardGame.LifeManager>.FindInstance
[Warning: Singleton] Got null in Singleton<DiskCardGame.TurnManager>.FindInstance
[Warning: Singleton] Got null in Singleton<DiskCardGame.LifeManager>.FindInstance
[Warning: Singleton] Got null in Singleton<DiskCardGame.TurnManager>.FindInstance
[Warning: Singleton] Got null in Singleton<DiskCardGame.LifeManager>.FindInstance
[Warning: Singleton] Got null in Singleton<DiskCardGame.TurnManager>.FindInstance
[Warning: Singleton] Got null in Singleton<DiskCardGame.LifeManager>.FindInstance
[Warning: Singleton] Got null in Singleton<DiskCardGame.TurnManager>.FindInstance
[Warning: Singleton] Got null in Singleton<DiskCardGame.LifeManager>.FindInstance
[Warning: Singleton] Got null in Singleton<DiskCardGame.TurnManager>.FindInstance
[Warning: Singleton] Got null in Singleton<DiskCardGame.LifeManager>.FindInstance
[Warning: Singleton] Got null in Singleton<DiskCardGame.TurnManager>.FindInstance
[Warning: Singleton] Got null in Singleton<DiskCardGame.LifeManager>.FindInstance
[Warning: Singleton] Got null in Singleton<DiskCardGame.TurnManager>.FindInstance
[Warning: Singleton] Got null in Singleton<DiskCardGame.LifeManager>.FindInstance
[Warning: Singleton] Got null in Singleton<DiskCardGame.TurnManager>.FindInstance
[Warning: Singleton] Got null in Singleton<DiskCardGame.LifeManager>.FindInstance
[Warning: Singleton] Got null in Singleton<DiskCardGame.TurnManager>.FindInstance
[Warning: Singleton] Got null in Singleton<DiskCardGame.LifeManager>.FindInstance
[Warning: Singleton] Got null in Singleton<DiskCardGame.TurnManager>.FindInstance
[Warning: Singleton] Got null in Singleton<DiskCardGame.LifeManager>.FindInstance
[Warning: Singleton] Got null in Singleton<DiskCardGame.TurnManager>.FindInstance
[Warning: Singleton] Got null in Singleton<DiskCardGame.LifeManager>.FindInstance
[Warning: Singleton] Got null in Singleton<DiskCardGame.TurnManager>.FindInstance
[Warning: Singleton] Got null in Singleton<DiskCardGame.LifeManager>.FindInstance
[Warning: Singleton] Got null in Singleton<DiskCardGame.TurnManager>.FindInstance
[Warning: Singleton] Got null in Singleton<DiskCardGame.LifeManager>.FindInstance
[Warning: Singleton] Got null in Singleton<DiskCardGame.TurnManager>.FindInstance
[Warning: Singleton] Got null in Singleton<DiskCardGame.LifeManager>.FindInstance
[Warning: Singleton] Got null in Singleton<DiskCardGame.TurnManager>.FindInstance
[Warning: Singleton] Got null in Singleton<DiskCardGame.LifeManager>.FindInstance
[Warning: Singleton] Got null in Singleton<DiskCardGame.TurnManager>.FindInstance
[Warning: Singleton] Got null in Singleton<DiskCardGame.LifeManager>.FindInstance
[Warning: Singleton] Got null in Singleton<DiskCardGame.TurnManager>.FindInstance
[Warning: Singleton] Got null in Singleton<DiskCardGame.LifeManager>.FindInstance
[Warning: Singleton] Got null in Singleton<DiskCardGame.TurnManager>.FindInstance
[Warning: Singleton] Got null in Singleton<DiskCardGame.LifeManager>.FindInstance
[Warning: Singleton] Got null in Singleton<DiskCardGame.TurnManager>.FindInstance
[Warning: Singleton] Got null in Singleton<DiskCardGame.LifeManager>.FindInstance
[Warning: Singleton] Got null in Singleton<DiskCardGame.TurnManager>.FindInstance
[Warning: Singleton] Got null in Singleton<DiskCardGame.LifeManager>.FindInstance
[Warning: Singleton] Got null in Singleton<DiskCardGame.TurnManager>.FindInstance
[Warning: Singleton] Got null in Singleton<DiskCardGame.LifeManager>.FindInstance
[Warning: Singleton] Got null in Singleton<DiskCardGame.TurnManager>.FindInstance
[Warning: Singleton] Got null in Singleton<DiskCardGame.LifeManager>.FindInstance
[Warning: Singleton] Got null in Singleton<DiskCardGame.TurnManager>.FindInstance
[Warning: Singleton] Got null in Singleton<DiskCardGame.LifeManager>.FindInstance
[Warning: Singleton] Got null in Singleton<DiskCardGame.TurnManager>.FindInstance
[Warning: Singleton] Got null in Singleton<DiskCardGame.LifeManager>.FindInstance
[Warning: Singleton] Got null in Singleton<DiskCardGame.TurnManager>.FindInstance
[Warning: Singleton] Got null in Singleton<DiskCardGame.LifeManager>.FindInstance
[Warning: Singleton] Got null in Singleton<DiskCardGame.TurnManager>.FindInstance
[Warning: Singleton] Got null in Singleton<DiskCardGame.LifeManager>.FindInstance
[Warning: Singleton] Got null in Singleton<DiskCardGame.TurnManager>.FindInstance
[Warning: Singleton] Got null in Singleton<DiskCardGame.LifeManager>.FindInstance
[Warning: Singleton] Got null in Singleton<DiskCardGame.TurnManager>.FindInstance
[Warning: Singleton] Got null in Singleton<DiskCardGame.LifeManager>.FindInstance
[Warning: Singleton] Got null in Singleton<DiskCardGame.TurnManager>.FindInstance
[Warning: Singleton] Got null in Singleton<DiskCardGame.LifeManager>.FindInstance
[Warning: Singleton] Got null in Singleton<DiskCardGame.TurnManager>.FindInstance
[Warning: Singleton] Got null in Singleton<DiskCardGame.LifeManager>.FindInstance
[Warning: Singleton] Got null in Singleton<DiskCardGame.TurnManager>.FindInstance
[Warning: Singleton] Got null in Singleton<DiskCardGame.LifeManager>.FindInstance
[Warning: Singleton] Got null in Singleton<DiskCardGame.TurnManager>.FindInstance
[Warning: Singleton] Got null in Singleton<DiskCardGame.LifeManager>.FindInstance
[Warning: Singleton] Got null in Singleton<DiskCardGame.TurnManager>.FindInstance
[Warning: Singleton] Got null in Singleton<DiskCardGame.LifeManager>.FindInstance
[Warning: Singleton] Got null in Singleton<DiskCardGame.TurnManager>.FindInstance
[Warning: Singleton] Got null in Singleton<DiskCardGame.LifeManager>.FindInstance
[Warning: Singleton] Got null in Singleton<DiskCardGame.TurnManager>.FindInstance
[Warning: Singleton] Got null in Singleton<DiskCardGame.LifeManager>.FindInstance
[Warning: Singleton] Got null in Singleton<DiskCardGame.TurnManager>.FindInstance
[Warning: Singleton] Got null in Singleton<DiskCardGame.LifeManager>.FindInstance
[Warning: Singleton] Got null in Singleton<DiskCardGame.TurnManager>.FindInstance
[Warning: Singleton] Got null in Singleton<DiskCardGame.LifeManager>.FindInstance
[Warning: Singleton] Got null in Singleton<DiskCardGame.TurnManager>.FindInstance
[Warning: Singleton] Got null in Singleton<DiskCardGame.LifeManager>.FindInstance
[Warning: Singleton] Got null in Singleton<DiskCardGame.TurnManager>.FindInstance
[Warning: Singleton] Got null in Singleton<DiskCardGame.LifeManager>.FindInstance
[Warning: Singleton] Got null in Singleton<DiskCardGame.TurnManager>.FindInstance
[Warning: Singleton] Got null in Singleton<DiskCardGame.LifeManager>.FindInstance
[Warning: Singleton] Got null in Singleton<DiskCardGame.TurnManager>.FindInstance
[Warning: Singleton] Got null in Singleton<DiskCardGame.LifeManager>.FindInstance
[Warning: Singleton] Got null in Singleton<DiskCardGame.TurnManager>.FindInstance
[Warning: Singleton] Got null in Singleton<DiskCardGame.LifeManager>.FindInstance
[Warning: Singleton] Got null in Singleton<DiskCardGame.TurnManager>.FindInstance
[Warning: Singleton] Got null in Singleton<DiskCardGame.LifeManager>.FindInstance
[Warning: Singleton] Got null in Singleton<DiskCardGame.TurnManager>.FindInstance
[Warning: Singleton] Got null in Singleton<DiskCardGame.LifeManager>.FindInstance
[Warning: Singleton] Got null in Singleton<DiskCardGame.TurnManager>.FindInstance
[Warning: Singleton] Got null in Singleton<DiskCardGame.LifeManager>.FindInstance
[Warning: Singleton] Got null in Singleton<DiskCardGame.TurnManager>.FindInstance
[Warning: Singleton] Got null in Singleton<DiskCardGame.LifeManager>.FindInstance
[Warning: Singleton] Got null in Singleton<DiskCardGame.TurnManager>.FindInstance
[Warning: Singleton] Got null in Singleton<DiskCardGame.LifeManager>.FindInstance
[Warning: Singleton] Got null in Singleton<DiskCardGame.TurnManager>.FindInstance
[Warning: Singleton] Got null in Singleton<DiskCardGame.LifeManager>.FindInstance
[Warning: Singleton] Got null in Singleton<DiskCardGame.TurnManager>.FindInstance
[Warning: Singleton] Got null in Singleton<DiskCardGame.LifeManager>.FindInstance
[Warning: Singleton] Got null in Singleton<DiskCardGame.TurnManager>.FindInstance
[Warning: Singleton] Got null in Singleton<DiskCardGame.LifeManager>.FindInstance
[Warning: Singleton] Got null in Singleton<DiskCardGame.TurnManager>.FindInstance
[Warning: Singleton] Got null in Singleton<DiskCardGame.LifeManager>.FindInstance
[Warning: Singleton] Got null in Singleton<DiskCardGame.TurnManager>.FindInstance
[Warning: Singleton] Got null in Singleton<DiskCardGame.LifeManager>.FindInstance
[Warning: Singleton] Got null in Singleton<DiskCardGame.TurnManager>.FindInstance
[Warning: Singleton] Got null in Singleton<DiskCardGame.LifeManager>.FindInstance
[Warning: Singleton] Got null in Singleton<DiskCardGame.TurnManager>.FindInstance
[Warning: Singleton] Got null in Singleton<DiskCardGame.LifeManager>.FindInstance
[Warning: Singleton] Got null in Singleton<DiskCardGame.TurnManager>.FindInstance
[Warning: Singleton] Got null in Singleton<DiskCardGame.LifeManager>.FindInstance
[Warning: Singleton] Got null in Singleton<DiskCardGame.TurnManager>.FindInstance
[Warning: Singleton] Got null in Singleton<DiskCardGame.LifeManager>.FindInstance
[Warning: Singleton] Got null in Singleton<DiskCardGame.TurnManager>.FindInstance
[Warning: Singleton] Got null in Singleton<DiskCardGame.LifeManager>.FindInstance
[Warning: Singleton] Got null in Singleton<DiskCardGame.TurnManager>.FindInstance
[Warning: Singleton] Got null in Singleton<DiskCardGame.LifeManager>.FindInstance
[Warning: Singleton] Got null in Singleton<DiskCardGame.TurnManager>.FindInstance
[Warning: Singleton] Got null in Singleton<DiskCardGame.LifeManager>.FindInstance
[Warning: Singleton] Got null in Singleton<DiskCardGame.TurnManager>.FindInstance
[Warning: Singleton] Got null in Singleton<DiskCardGame.LifeManager>.FindInstance
[Warning: Singleton] Got null in Singleton<DiskCardGame.TurnManager>.FindInstance
[Warning: Singleton] Got null in Singleton<DiskCardGame.LifeManager>.FindInstance
[Warning: Singleton] Got null in Singleton<DiskCardGame.TurnManager>.FindInstance
[Warning: Singleton] Got null in Singleton<DiskCardGame.LifeManager>.FindInstance
[Warning: Singleton] Got null in Singleton<DiskCardGame.TurnManager>.FindInstance
[Warning: Singleton] Got null in Singleton<DiskCardGame.LifeManager>.FindInstance
[Warning: Singleton] Got null in Singleton<DiskCardGame.TurnManager>.FindInstance
[Warning: Singleton] Got null in Singleton<DiskCardGame.LifeManager>.FindInstance
[Warning: Singleton] Got null in Singleton<DiskCardGame.TurnManager>.FindInstance
[Warning: Singleton] Got null in Singleton<DiskCardGame.LifeManager>.FindInstance
[Warning: Singleton] Got null in Singleton<DiskCardGame.TurnManager>.FindInstance
[Warning: Singleton] Got null in Singleton<DiskCardGame.LifeManager>.FindInstance
[Warning: Singleton] Got null in Singleton<DiskCardGame.TurnManager>.FindInstance
[Warning: Singleton] Got null in Singleton<DiskCardGame.LifeManager>.FindInstance
[Warning: Singleton] Got null in Singleton<DiskCardGame.TurnManager>.FindInstance
[Warning: Singleton] Got null in Singleton<DiskCardGame.LifeManager>.FindInstance
[Warning: Singleton] Got null in Singleton<DiskCardGame.TurnManager>.FindInstance
[Warning: Singleton] Got null in Singleton<DiskCardGame.LifeManager>.FindInstance
[Warning: Singleton] Got null in Singleton<DiskCardGame.TurnManager>.FindInstance
[Warning: Singleton] Got null in Singleton<DiskCardGame.LifeManager>.FindInstance
[Warning: Singleton] Got null in Singleton<DiskCardGame.TurnManager>.FindInstance
[Warning: Singleton] Got null in Singleton<DiskCardGame.LifeManager>.FindInstance
[Warning: Singleton] Got null in Singleton<DiskCardGame.TurnManager>.FindInstance
[Warning: Singleton] Got null in Singleton<DiskCardGame.LifeManager>.FindInstance
[Warning: Singleton] Got null in Singleton<DiskCardGame.TurnManager>.FindInstance
[Warning: Singleton] Got null in Singleton<DiskCardGame.LifeManager>.FindInstance
[Warning: Singleton] Got null in Singleton<DiskCardGame.TurnManager>.FindInstance
[Warning: Singleton] Got null in Singleton<DiskCardGame.LifeManager>.FindInstance
[Warning: Singleton] Got null in Singleton<DiskCardGame.TurnManager>.FindInstance
[Warning: Singleton] Got null in Singleton<DiskCardGame.LifeManager>.FindInstance
[Warning: Singleton] Got null in Singleton<DiskCardGame.TurnManager>.FindInstance
[Warning: Singleton] Got null in Singleton<DiskCardGame.LifeManager>.FindInstance
[Warning: Singleton] Got null in Singleton<DiskCardGame.TurnManager>.FindInstance
[Warning: Singleton] Got null in Singleton<DiskCardGame.LifeManager>.FindInstance
[Warning: Singleton] Got null in Singleton<DiskCardGame.TurnManager>.FindInstance
[Warning: Singleton] Got null in Singleton<DiskCardGame.LifeManager>.FindInstance
[Warning: Singleton] Got null in Singleton<DiskCardGame.TurnManager>.FindInstance
[Warning: Singleton] Got null in Singleton<DiskCardGame.LifeManager>.FindInstance
[Warning: Singleton] Got null in Singleton<DiskCardGame.TurnManager>.FindInstance
[Warning: Singleton] Got null in Singleton<DiskCardGame.LifeManager>.FindInstance
[Warning: Singleton] Got null in Singleton<DiskCardGame.TurnManager>.FindInstance
[Warning: Singleton] Got null in Singleton<DiskCardGame.LifeManager>.FindInstance
[Warning: Singleton] Got null in Singleton<DiskCardGame.TurnManager>.FindInstance
[Warning: Singleton] Got null in Singleton<DiskCardGame.LifeManager>.FindInstance
[Warning: Singleton] Got null in Singleton<DiskCardGame.TurnManager>.FindInstance
[Warning: Singleton] Got null in Singleton<DiskCardGame.LifeManager>.FindInstance
[Warning: Singleton] Got null in Singleton<DiskCardGame.TurnManager>.FindInstance
[Warning: Singleton] Got null in Singleton<DiskCardGame.LifeManager>.FindInstance
[Warning: Singleton] Got null in Singleton<DiskCardGame.TurnManager>.FindInstance
[Warning: Singleton] Got null in Singleton<DiskCardGame.LifeManager>.FindInstance
[Warning: Singleton] Got null in Singleton<DiskCardGame.TurnManager>.FindInstance
[Warning: Singleton] Got null in Singleton<DiskCardGame.LifeManager>.FindInstance
[Warning: Singleton] Got null in Singleton<DiskCardGame.TurnManager>.FindInstance
[Warning: Singleton] Got null in Singleton<DiskCardGame.LifeManager>.FindInstance
[Warning: Singleton] Got null in Singleton<DiskCardGame.TurnManager>.FindInstance
[Warning: Singleton] Got null in Singleton<DiskCardGame.LifeManager>.FindInstance
[Warning: Singleton] Got null in Singleton<DiskCardGame.TurnManager>.FindInstance
[Warning: Singleton] Got null in Singleton<DiskCardGame.LifeManager>.FindInstance
[Warning: Singleton] Got null in Singleton<DiskCardGame.TurnManager>.FindInstance
[Warning: Singleton] Got null in Singleton<DiskCardGame.LifeManager>.FindInstance
[Warning: Singleton] Got null in Singleton<DiskCardGame.TurnManager>.FindInstance
[Warning: Singleton] Got null in Singleton<DiskCardGame.LifeManager>.FindInstance
[Warning: Singleton] Got null in Singleton<DiskCardGame.TurnManager>.FindInstance
[Warning: Singleton] Got null in Singleton<DiskCardGame.LifeManager>.FindInstance
[Warning: Singleton] Got null in Singleton<DiskCardGame.TurnManager>.FindInstance
[Warning: Singleton] Got null in Singleton<DiskCardGame.LifeManager>.FindInstance
[Warning: Singleton] Got null in Singleton<DiskCardGame.TurnManager>.FindInstance
[Warning: Singleton] Got null in Singleton<DiskCardGame.LifeManager>.FindInstance
[Warning: Singleton] Got null in Singleton<DiskCardGame.TurnManager>.FindInstance
[Warning: Singleton] Got null in Singleton<DiskCardGame.LifeManager>.FindInstance
[Warning: Singleton] Got null in Singleton<DiskCardGame.TurnManager>.FindInstance
[Warning: Singleton] Got null in Singleton<DiskCardGame.LifeManager>.FindInstance
[Warning: Singleton] Got null in Singleton<DiskCardGame.TurnManager>.FindInstance
[Warning: Singleton] Got null in Singleton<DiskCardGame.LifeManager>.FindInstance
[Warning: Singleton] Got null in Singleton<DiskCardGame.TurnManager>.FindInstance
[Warning: Singleton] Got null in Singleton<DiskCardGame.LifeManager>.FindInstance
[Warning: Singleton] Got null in Singleton<DiskCardGame.TurnManager>.FindInstance
[Warning: Singleton] Got null in Singleton<DiskCardGame.LifeManager>.FindInstance
[Warning: Singleton] Got null in Singleton<DiskCardGame.TurnManager>.FindInstance
[Warning: Singleton] Got null in Singleton<DiskCardGame.LifeManager>.FindInstance
[Warning: Singleton] Got null in Singleton<DiskCardGame.TurnManager>.FindInstance
[Warning: Singleton] Got null in Singleton<DiskCardGame.LifeManager>.FindInstance
[Warning: Singleton] Got null in Singleton<DiskCardGame.TurnManager>.FindInstance
[Warning: Singleton] Got null in Singleton<DiskCardGame.LifeManager>.FindInstance
[Warning: Singleton] Got null in Singleton<DiskCardGame.TurnManager>.FindInstance
[Warning: Singleton] Got null in Singleton<DiskCardGame.LifeManager>.FindInstance
[Warning: Singleton] Got null in Singleton<DiskCardGame.TurnManager>.FindInstance
[Warning: Singleton] Got null in Singleton<DiskCardGame.LifeManager>.FindInstance
[Warning: Singleton] Got null in Singleton<DiskCardGame.TurnManager>.FindInstance
[Warning: Singleton] Got null in Singleton<DiskCardGame.LifeManager>.FindInstance
[Warning: Singleton] Got null in Singleton<DiskCardGame.TurnManager>.FindInstance
[Warning: Singleton] Got null in Singleton<DiskCardGame.LifeManager>.FindInstance
[Warning: Singleton] Got null in Singleton<DiskCardGame.TurnManager>.FindInstance
[Warning: Singleton] Got null in Singleton<DiskCardGame.LifeManager>.FindInstance
[Warning: Singleton] Got null in Singleton<DiskCardGame.TurnManager>.FindInstance
[Warning: Singleton] Got null in Singleton<DiskCardGame.LifeManager>.FindInstance
[Warning: Singleton] Got null in Singleton<DiskCardGame.TurnManager>.FindInstance
[Warning: Singleton] Got null in Singleton<DiskCardGame.LifeManager>.FindInstance
[Warning: Singleton] Got null in Singleton<DiskCardGame.TurnManager>.FindInstance
[Warning: Singleton] Got null in Singleton<DiskCardGame.LifeManager>.FindInstance
[Warning: Singleton] Got null in Singleton<DiskCardGame.TurnManager>.FindInstance
[Warning: Singleton] Got null in Singleton<DiskCardGame.LifeManager>.FindInstance
[Warning: Singleton] Got null in Singleton<DiskCardGame.TurnManager>.FindInstance
[Warning: Singleton] Got null in Singleton<DiskCardGame.LifeManager>.FindInstance
[Warning: Singleton] Got null in Singleton<DiskCardGame.TurnManager>.FindInstance
[Warning: Singleton] Got null in Singleton<DiskCardGame.LifeManager>.FindInstance
[Warning: Singleton] Got null in Singleton<DiskCardGame.TurnManager>.FindInstance
[Warning: Singleton] Got null in Singleton<DiskCardGame.LifeManager>.FindInstance
[Warning: Singleton] Got null in Singleton<DiskCardGame.TurnManager>.FindInstance
[Warning: Singleton] Got null in Singleton<DiskCardGame.LifeManager>.FindInstance
[Warning: Singleton] Got null in Singleton<DiskCardGame.TurnManager>.FindInstance
[Warning: Singleton] Got null in Singleton<DiskCardGame.LifeManager>.FindInstance
[Warning: Singleton] Got null in Singleton<DiskCardGame.TurnManager>.FindInstance
[Warning: Singleton] Got null in Singleton<DiskCardGame.LifeManager>.FindInstance
[Warning: Singleton] Got null in Singleton<DiskCardGame.TurnManager>.FindInstance
[Warning: Singleton] Got null in Singleton<DiskCardGame.LifeManager>.FindInstance
[Warning: Singleton] Got null in Singleton<DiskCardGame.TurnManager>.FindInstance
[Warning: Singleton] Got null in Singleton<DiskCardGame.LifeManager>.FindInstance
[Warning: Singleton] Got null in Singleton<DiskCardGame.TurnManager>.FindInstance
[Warning: Singleton] Got null in Singleton<DiskCardGame.LifeManager>.FindInstance
[Warning: Singleton] Got null in Singleton<DiskCardGame.TurnManager>.FindInstance
[Warning: Singleton] Got null in Singleton<DiskCardGame.LifeManager>.FindInstance
[Warning: Singleton] Got null in Singleton<DiskCardGame.TurnManager>.FindInstance
[Warning: Singleton] Got null in Singleton<DiskCardGame.LifeManager>.FindInstance
[Warning: Singleton] Got null in Singleton<DiskCardGame.TurnManager>.FindInstance
[Warning: Singleton] Got null in Singleton<DiskCardGame.LifeManager>.FindInstance
[Warning: Singleton] Got null in Singleton<DiskCardGame.TurnManager>.FindInstance
[Warning: Singleton] Got null in Singleton<DiskCardGame.LifeManager>.FindInstance
[Warning: Singleton] Got null in Singleton<DiskCardGame.TurnManager>.FindInstance
[Warning: Singleton] Got null in Singleton<DiskCardGame.LifeManager>.FindInstance
[Warning: Singleton] Got null in Singleton<DiskCardGame.TurnManager>.FindInstance
[Warning: Singleton] Got null in Singleton<DiskCardGame.LifeManager>.FindInstance
[Warning: Singleton] Got null in Singleton<DiskCardGame.TurnManager>.FindInstance
[Warning: Singleton] Got null in Singleton<DiskCardGame.LifeManager>.FindInstance
[Warning: Singleton] Got null in Singleton<DiskCardGame.TurnManager>.FindInstance
[Warning: Singleton] Got null in Singleton<DiskCardGame.LifeManager>.FindInstance
[Warning: Singleton] Got null in Singleton<DiskCardGame.TurnManager>.FindInstance
[Warning: Singleton] Got null in Singleton<DiskCardGame.LifeManager>.FindInstance
[Warning: Singleton] Got null in Singleton<DiskCardGame.TurnManager>.FindInstance
[Warning: Singleton] Got null in Singleton<DiskCardGame.LifeManager>.FindInstance
[Warning: Singleton] Got null in Singleton<DiskCardGame.TurnManager>.FindInstance
[Warning: Singleton] Got null in Singleton<DiskCardGame.LifeManager>.FindInstance
[Warning: Singleton] Got null in Singleton<DiskCardGame.TurnManager>.FindInstance
[Warning: Singleton] Got null in Singleton<DiskCardGame.LifeManager>.FindInstance
[Warning: Singleton] Got null in Singleton<DiskCardGame.TurnManager>.FindInstance
[Warning: Singleton] Got null in Singleton<DiskCardGame.LifeManager>.FindInstance
[Warning: Singleton] Got null in Singleton<DiskCardGame.TurnManager>.FindInstance
[Warning: Singleton] Got null in Singleton<DiskCardGame.LifeManager>.FindInstance
[Warning: Singleton] Got null in Singleton<DiskCardGame.TurnManager>.FindInstance
[Warning: Singleton] Got null in Singleton<DiskCardGame.LifeManager>.FindInstance
[Warning: Singleton] Got null in Singleton<DiskCardGame.TurnManager>.FindInstance
[Warning: Singleton] Got null in Singleton<DiskCardGame.LifeManager>.FindInstance
[Warning: Singleton] Got null in Singleton<DiskCardGame.TurnManager>.FindInstance
[Warning: Singleton] Got null in Singleton<DiskCardGame.LifeManager>.FindInstance
[Warning: Singleton] Got null in Singleton<DiskCardGame.TurnManager>.FindInstance
[Warning: Singleton] Got null in Singleton<DiskCardGame.LifeManager>.FindInstance
[Warning: Singleton] Got null in Singleton<DiskCardGame.TurnManager>.FindInstance
[Warning: Singleton] Got null in Singleton<DiskCardGame.LifeManager>.FindInstance
[Warning: Singleton] Got null in Singleton<DiskCardGame.TurnManager>.FindInstance
[Warning: Singleton] Got null in Singleton<DiskCardGame.LifeManager>.FindInstance
[Warning: Singleton] Got null in Singleton<DiskCardGame.TurnManager>.FindInstance
[Warning: Singleton] Got null in Singleton<DiskCardGame.LifeManager>.FindInstance
[Warning: Singleton] Got null in Singleton<DiskCardGame.TurnManager>.FindInstance
[Warning: Singleton] Got null in Singleton<DiskCardGame.LifeManager>.FindInstance
[Warning: Singleton] Got null in Singleton<DiskCardGame.TurnManager>.FindInstance
[Warning: Singleton] Got null in Singleton<DiskCardGame.LifeManager>.FindInstance
[Warning: Singleton] Got null in Singleton<DiskCardGame.TurnManager>.FindInstance
[Warning: Singleton] Got null in Singleton<DiskCardGame.LifeManager>.FindInstance
[Warning: Singleton] Got null in Singleton<DiskCardGame.TurnManager>.FindInstance
[Warning: Singleton] Got null in Singleton<DiskCardGame.LifeManager>.FindInstance
[Warning: Singleton] Got null in Singleton<DiskCardGame.TurnManager>.FindInstance
[Warning: Singleton] Got null in Singleton<DiskCardGame.LifeManager>.FindInstance
[Warning: Singleton] Got null in Singleton<DiskCardGame.TurnManager>.FindInstance
[Warning: Singleton] Got null in Singleton<DiskCardGame.LifeManager>.FindInstance
[Warning: Singleton] Got null in Singleton<DiskCardGame.TurnManager>.FindInstance
[Warning: Singleton] Got null in Singleton<DiskCardGame.LifeManager>.FindInstance
[Warning: Singleton] Got null in Singleton<DiskCardGame.TurnManager>.FindInstance
[Warning: Singleton] Got null in Singleton<DiskCardGame.LifeManager>.FindInstance
[Warning: Singleton] Got null in Singleton<DiskCardGame.TurnManager>.FindInstance
[Warning: Singleton] Got null in Singleton<DiskCardGame.LifeManager>.FindInstance
[Warning: Singleton] Got null in Singleton<DiskCardGame.TurnManager>.FindInstance
[Warning: Singleton] Got null in Singleton<DiskCardGame.LifeManager>.FindInstance
[Warning: Singleton] Got null in Singleton<DiskCardGame.TurnManager>.FindInstance
[Warning: Singleton] Got null in Singleton<DiskCardGame.LifeManager>.FindInstance
[Warning: Singleton] Got null in Singleton<DiskCardGame.TurnManager>.FindInstance
[Warning: Singleton] Got null in Singleton<DiskCardGame.LifeManager>.FindInstance
[Warning: Singleton] Got null in Singleton<DiskCardGame.TurnManager>.FindInstance
[Warning: Singleton] Got null in Singleton<DiskCardGame.LifeManager>.FindInstance
[Warning: Singleton] Got null in Singleton<DiskCardGame.TurnManager>.FindInstance
[Warning: Singleton] Got null in Singleton<DiskCardGame.LifeManager>.FindInstance
[Warning: Singleton] Got null in Singleton<DiskCardGame.TurnManager>.FindInstance
[Warning: Singleton] Got null in Singleton<DiskCardGame.LifeManager>.FindInstance
[Warning: Singleton] Got null in Singleton<DiskCardGame.TurnManager>.FindInstance
[Warning: Singleton] Got null in Singleton<DiskCardGame.LifeManager>.FindInstance
[Warning: Singleton] Got null in Singleton<DiskCardGame.TurnManager>.FindInstance
[Warning: Singleton] Got null in Singleton<DiskCardGame.LifeManager>.FindInstance
[Warning: Singleton] Got null in Singleton<DiskCardGame.TurnManager>.FindInstance
[Warning: Singleton] Got null in Singleton<DiskCardGame.LifeManager>.FindInstance
[Warning: Singleton] Got null in Singleton<DiskCardGame.TurnManager>.FindInstance
[Warning: Singleton] Got null in Singleton<DiskCardGame.LifeManager>.FindInstance
[Warning: Singleton] Got null in Singleton<DiskCardGame.TurnManager>.FindInstance
[Warning: Singleton] Got null in Singleton<DiskCardGame.LifeManager>.FindInstance
[Warning: Singleton] Got null in Singleton<DiskCardGame.TurnManager>.FindInstance
[Warning: Singleton] Got null in Singleton<DiskCardGame.LifeManager>.FindInstance
[Warning: Singleton] Got null in Singleton<DiskCardGame.TurnManager>.FindInstance
[Warning: Singleton] Got null in Singleton<DiskCardGame.LifeManager>.FindInstance
[Warning: Singleton] Got null in Singleton<DiskCardGame.TurnManager>.FindInstance
[Warning: Singleton] Got null in Singleton<DiskCardGame.LifeManager>.FindInstance
[Warning: Singleton] Got null in Singleton<DiskCardGame.TurnManager>.FindInstance
[Warning: Singleton] Got null in Singleton<DiskCardGame.LifeManager>.FindInstance
[Warning: Singleton] Got null in Singleton<DiskCardGame.TurnManager>.FindInstance
[Warning: Singleton] Got null in Singleton<DiskCardGame.LifeManager>.FindInstance
[Warning: Singleton] Got null in Singleton<DiskCardGame.TurnManager>.FindInstance
[Warning: Singleton] Got null in Singleton<DiskCardGame.LifeManager>.FindInstance
[Warning: Singleton] Got null in Singleton<DiskCardGame.TurnManager>.FindInstance
[Warning: Singleton] Got null in Singleton<DiskCardGame.LifeManager>.FindInstance
[Warning: Unity Log] Parent of RectTransform is being set with parent property. Consider using the SetParent method instead, with the worldPositionStays argument set to false. This will retain local orientation and scale rather than world orientation and scale, which can prevent common UI scaling issues.
[Warning: Unity Log] Parent of RectTransform is being set with parent property. Consider using the SetParent method instead, with the worldPositionStays argument set to false. This will retain local orientation and scale rather than world orientation and scale, which can prevent common UI scaling issues.
[Warning: Singleton] Got null in Singleton<DiskCardGame.TurnManager>.FindInstance
[Warning: Singleton] Got null in Singleton<DiskCardGame.LifeManager>.FindInstance
[Warning: Singleton] Got null in Singleton<DiskCardGame.TurnManager>.FindInstance
[Warning: Singleton] Got null in Singleton<DiskCardGame.LifeManager>.FindInstance
[Warning: Singleton] Got null in Singleton<DiskCardGame.TurnManager>.FindInstance
[Warning: Singleton] Got null in Singleton<DiskCardGame.LifeManager>.FindInstance
[Warning: Singleton] Got null in Singleton<DiskCardGame.TurnManager>.FindInstance
[Warning: Singleton] Got null in Singleton<DiskCardGame.LifeManager>.FindInstance
[Warning: Singleton] Got null in Singleton<DiskCardGame.TurnManager>.FindInstance
[Warning: Singleton] Got null in Singleton<DiskCardGame.LifeManager>.FindInstance
[Warning: Singleton] Got null in Singleton<DiskCardGame.TurnManager>.FindInstance
[Warning: Singleton] Got null in Singleton<DiskCardGame.LifeManager>.FindInstance
[Warning: Singleton] Got null in Singleton<DiskCardGame.TurnManager>.FindInstance
[Warning: Singleton] Got null in Singleton<DiskCardGame.LifeManager>.FindInstance
[Warning: Singleton] Got null in Singleton<DiskCardGame.TurnManager>.FindInstance
[Warning: Singleton] Got null in Singleton<DiskCardGame.LifeManager>.FindInstance
[Warning: Singleton] Got null in Singleton<DiskCardGame.TurnManager>.FindInstance
[Warning: Singleton] Got null in Singleton<DiskCardGame.LifeManager>.FindInstance
[Warning: Singleton] Got null in Singleton<DiskCardGame.TurnManager>.FindInstance
[Warning: Singleton] Got null in Singleton<DiskCardGame.LifeManager>.FindInstance
[Warning: Singleton] Got null in Singleton<DiskCardGame.TurnManager>.FindInstance
[Warning: Singleton] Got null in Singleton<DiskCardGame.LifeManager>.FindInstance
[Warning: Singleton] Got null in Singleton<DiskCardGame.TurnManager>.FindInstance
[Warning: Singleton] Got null in Singleton<DiskCardGame.LifeManager>.FindInstance
[Warning: Singleton] Got null in Singleton<DiskCardGame.TurnManager>.FindInstance
[Warning: Singleton] Got null in Singleton<DiskCardGame.LifeManager>.FindInstance
[Warning: Singleton] Got null in Singleton<DiskCardGame.TurnManager>.FindInstance
[Warning: Singleton] Got null in Singleton<DiskCardGame.LifeManager>.FindInstance
[Warning: Singleton] Got null in Singleton<DiskCardGame.TurnManager>.FindInstance
[Warning: Singleton] Got null in Singleton<DiskCardGame.LifeManager>.FindInstance
[Warning: Singleton] Got null in Singleton<DiskCardGame.TurnManager>.FindInstance
[Warning: Singleton] Got null in Singleton<DiskCardGame.LifeManager>.FindInstance
[Warning: Singleton] Got null in Singleton<DiskCardGame.TurnManager>.FindInstance
[Warning: Singleton] Got null in Singleton<DiskCardGame.LifeManager>.FindInstance
[Warning: Singleton] Got null in Singleton<DiskCardGame.TurnManager>.FindInstance
[Warning: Singleton] Got null in Singleton<DiskCardGame.LifeManager>.FindInstance
[Warning: Singleton] Got null in Singleton<DiskCardGame.TurnManager>.FindInstance
[Warning: Singleton] Got null in Singleton<DiskCardGame.LifeManager>.FindInstance
[Warning: Singleton] Got null in Singleton<DiskCardGame.TurnManager>.FindInstance
[Warning: Singleton] Got null in Singleton<DiskCardGame.LifeManager>.FindInstance
[Warning: Singleton] Got null in Singleton<DiskCardGame.TurnManager>.FindInstance
[Warning: Singleton] Got null in Singleton<DiskCardGame.LifeManager>.FindInstance
[Warning: Singleton] Got null in Singleton<DiskCardGame.TurnManager>.FindInstance
[Warning: Singleton] Got null in Singleton<DiskCardGame.LifeManager>.FindInstance
[Warning: Singleton] Got null in Singleton<DiskCardGame.TurnManager>.FindInstance
[Warning: Singleton] Got null in Singleton<DiskCardGame.LifeManager>.FindInstance
[Warning: Singleton] Got null in Singleton<DiskCardGame.TurnManager>.FindInstance
[Warning: Singleton] Got null in Singleton<DiskCardGame.LifeManager>.FindInstance
[Warning: Singleton] Got null in Singleton<DiskCardGame.TurnManager>.FindInstance
[Warning: Singleton] Got null in Singleton<DiskCardGame.LifeManager>.FindInstance
[Warning: Singleton] Got null in Singleton<DiskCardGame.TurnManager>.FindInstance
[Warning: Singleton] Got null in Singleton<DiskCardGame.LifeManager>.FindInstance
[Warning: Singleton] Got null in Singleton<DiskCardGame.TurnManager>.FindInstance
[Warning: Singleton] Got null in Singleton<DiskCardGame.LifeManager>.FindInstance
[Warning: Singleton] Got null in Singleton<DiskCardGame.TurnManager>.FindInstance
[Warning: Singleton] Got null in Singleton<DiskCardGame.LifeManager>.FindInstance
[Warning: Singleton] Got null in Singleton<DiskCardGame.TurnManager>.FindInstance
[Warning: Singleton] Got null in Singleton<DiskCardGame.LifeManager>.FindInstance
[Warning: Singleton] Got null in Singleton<DiskCardGame.TurnManager>.FindInstance
[Warning: Singleton] Got null in Singleton<DiskCardGame.LifeManager>.FindInstance
[Warning: Singleton] Got null in Singleton<DiskCardGame.TurnManager>.FindInstance
[Warning: Singleton] Got null in Singleton<DiskCardGame.LifeManager>.FindInstance
[Warning: Singleton] Got null in Singleton<DiskCardGame.TurnManager>.FindInstance
[Warning: Singleton] Got null in Singleton<DiskCardGame.LifeManager>.FindInstance
[Error  : KayceePvP] Relay: connection ended - EndOfStreamException: Relay closed the connection.
[Warning: Singleton] Got null in Singleton<DiskCardGame.TurnManager>.FindInstance
[Warning: Singleton] Got null in Singleton<DiskCardGame.LifeManager>.FindInstance
[Warning: Singleton] Got null in Singleton<DiskCardGame.TurnManager>.FindInstance
[Warning: Singleton] Got null in Singleton<DiskCardGame.LifeManager>.FindInstance
[Warning: Singleton] Got null in Singleton<DiskCardGame.TurnManager>.FindInstance
[Warning: Singleton] Got null in Singleton<DiskCardGame.LifeManager>.FindInstance
[Warning: Singleton] Got null in Singleton<DiskCardGame.TurnManager>.FindInstance
[Warning: Singleton] Got null in Singleton<DiskCardGame.LifeManager>.FindInstance
[Warning: Singleton] Got null in Singleton<DiskCardGame.TurnManager>.FindInstance
[Warning: Singleton] Got null in Singleton<DiskCardGame.LifeManager>.FindInstance
[Warning: Singleton] Got null in Singleton<DiskCardGame.TurnManager>.FindInstance
[Warning: Singleton] Got null in Singleton<DiskCardGame.LifeManager>.FindInstance
[Warning: Singleton] Got null in Singleton<DiskCardGame.TurnManager>.FindInstance
[Warning: Singleton] Got null in Singleton<DiskCardGame.LifeManager>.FindInstance
[Warning: Singleton] Got null in Singleton<DiskCardGame.TurnManager>.FindInstance
[Warning: Singleton] Got null in Singleton<DiskCardGame.LifeManager>.FindInstance
[Warning: Singleton] Got null in Singleton<DiskCardGame.TurnManager>.FindInstance
[Warning: Singleton] Got null in Singleton<DiskCardGame.LifeManager>.FindInstance
[Warning: Singleton] Got null in Singleton<DiskCardGame.TurnManager>.FindInstance
[Warning: Singleton] Got null in Singleton<DiskCardGame.LifeManager>.FindInstance
[Warning: Singleton] Got null in Singleton<DiskCardGame.TurnManager>.FindInstance
[Warning: Singleton] Got null in Singleton<DiskCardGame.LifeManager>.FindInstance
[Warning: Singleton] Got null in Singleton<DiskCardGame.TurnManager>.FindInstance
[Warning: Singleton] Got null in Singleton<DiskCardGame.LifeManager>.FindInstance
[Warning: Singleton] Got null in Singleton<DiskCardGame.TurnManager>.FindInstance
[Warning: Singleton] Got null in Singleton<DiskCardGame.LifeManager>.FindInstance
[Warning: Singleton] Got null in Singleton<DiskCardGame.TurnManager>.FindInstance
[Warning: Singleton] Got null in Singleton<DiskCardGame.LifeManager>.FindInstance
[Warning: Singleton] Got null in Singleton<DiskCardGame.TurnManager>.FindInstance
[Warning: Singleton] Got null in Singleton<DiskCardGame.LifeManager>.FindInstance
[Warning: Singleton] Got null in Singleton<DiskCardGame.TurnManager>.FindInstance
[Warning: Singleton] Got null in Singleton<DiskCardGame.LifeManager>.FindInstance
[Warning: Singleton] Got null in Singleton<DiskCardGame.TurnManager>.FindInstance
[Warning: Singleton] Got null in Singleton<DiskCardGame.LifeManager>.FindInstance
[Warning: Singleton] Got null in Singleton<DiskCardGame.TurnManager>.FindInstance
[Warning: Singleton] Got null in Singleton<DiskCardGame.LifeManager>.FindInstance
[Warning: Singleton] Got null in Singleton<DiskCardGame.TurnManager>.FindInstance
[Warning: Singleton] Got null in Singleton<DiskCardGame.LifeManager>.FindInstance
[Warning: Singleton] Got null in Singleton<DiskCardGame.TurnManager>.FindInstance
[Warning: Singleton] Got null in Singleton<DiskCardGame.LifeManager>.FindInstance
[Warning: Singleton] Got null in Singleton<DiskCardGame.TurnManager>.FindInstance
[Warning: Singleton] Got null in Singleton<DiskCardGame.LifeManager>.FindInstance
[Warning: Singleton] Got null in Singleton<DiskCardGame.TurnManager>.FindInstance
[Warning: Singleton] Got null in Singleton<DiskCardGame.LifeManager>.FindInstance
[Warning: Singleton] Got null in Singleton<DiskCardGame.TurnManager>.FindInstance
[Warning: Singleton] Got null in Singleton<DiskCardGame.LifeManager>.FindInstance
[Warning: Singleton] Got null in Singleton<DiskCardGame.TurnManager>.FindInstance
[Warning: Singleton] Got null in Singleton<DiskCardGame.LifeManager>.FindInstance
[Warning: Singleton] Got null in Singleton<DiskCardGame.TurnManager>.FindInstance
[Warning: Singleton] Got null in Singleton<DiskCardGame.LifeManager>.FindInstance
[Warning: Singleton] Got null in Singleton<DiskCardGame.TurnManager>.FindInstance
[Warning: Singleton] Got null in Singleton<DiskCardGame.LifeManager>.FindInstance
[Warning: Singleton] Got null in Singleton<DiskCardGame.TurnManager>.FindInstance
[Warning: Singleton] Got null in Singleton<DiskCardGame.LifeManager>.FindInstance
[Warning: Singleton] Got null in Singleton<DiskCardGame.TurnManager>.FindInstance
[Warning: Singleton] Got null in Singleton<DiskCardGame.LifeManager>.FindInstance
[Warning: Singleton] Got null in Singleton<DiskCardGame.TurnManager>.FindInstance
[Warning: Singleton] Got null in Singleton<DiskCardGame.LifeManager>.FindInstance
[Warning: Singleton] Got null in Singleton<DiskCardGame.TurnManager>.FindInstance
[Warning: Singleton] Got null in Singleton<DiskCardGame.LifeManager>.FindInstance
[Warning: Singleton] Got null in Singleton<DiskCardGame.TurnManager>.FindInstance
[Warning: Singleton] Got null in Singleton<DiskCardGame.LifeManager>.FindInstance
[Warning: Singleton] Got null in Singleton<DiskCardGame.TurnManager>.FindInstance
[Warning: Singleton] Got null in Singleton<DiskCardGame.LifeManager>.FindInstance
[Warning: Singleton] Got null in Singleton<DiskCardGame.TurnManager>.FindInstance
[Warning: Singleton] Got null in Singleton<DiskCardGame.LifeManager>.FindInstance
[Warning: Singleton] Got null in Singleton<DiskCardGame.TurnManager>.FindInstance
[Warning: Singleton] Got null in Singleton<DiskCardGame.LifeManager>.FindInstance
[Warning: Singleton] Got null in Singleton<DiskCardGame.TurnManager>.FindInstance
[Warning: Singleton] Got null in Singleton<DiskCardGame.LifeManager>.FindInstance
[Warning: Singleton] Got null in Singleton<DiskCardGame.TurnManager>.FindInstance
[Warning: Singleton] Got null in Singleton<DiskCardGame.LifeManager>.FindInstance
[Warning: Singleton] Got null in Singleton<DiskCardGame.TurnManager>.FindInstance
[Warning: Singleton] Got null in Singleton<DiskCardGame.LifeManager>.FindInstance
[Warning: Singleton] Got null in Singleton<DiskCardGame.TurnManager>.FindInstance
[Warning: Singleton] Got null in Singleton<DiskCardGame.LifeManager>.FindInstance
[Warning: Singleton] Got null in Singleton<DiskCardGame.TurnManager>.FindInstance
[Warning: Singleton] Got null in Singleton<DiskCardGame.LifeManager>.FindInstance
[Warning: Singleton] Got null in Singleton<DiskCardGame.TurnManager>.FindInstance
[Warning: Singleton] Got null in Singleton<DiskCardGame.LifeManager>.FindInstance
[Warning: Singleton] Got null in Singleton<DiskCardGame.TurnManager>.FindInstance
[Warning: Singleton] Got null in Singleton<DiskCardGame.LifeManager>.FindInstance
[Warning: Singleton] Got null in Singleton<DiskCardGame.TurnManager>.FindInstance
[Warning: Singleton] Got null in Singleton<DiskCardGame.LifeManager>.FindInstance
[Warning: Singleton] Got null in Singleton<DiskCardGame.TurnManager>.FindInstance
[Warning: Singleton] Got null in Singleton<DiskCardGame.LifeManager>.FindInstance
[Warning: Singleton] Got null in Singleton<DiskCardGame.TurnManager>.FindInstance
[Warning: Singleton] Got null in Singleton<DiskCardGame.LifeManager>.FindInstance
[Warning: Singleton] Got null in Singleton<DiskCardGame.TurnManager>.FindInstance
[Warning: Singleton] Got null in Singleton<DiskCardGame.LifeManager>.FindInstance
[Warning: Singleton] Got null in Singleton<DiskCardGame.TurnManager>.FindInstance
[Warning: Singleton] Got null in Singleton<DiskCardGame.LifeManager>.FindInstance
[Warning: Singleton] Got null in Singleton<DiskCardGame.TurnManager>.FindInstance
[Warning: Singleton] Got null in Singleton<DiskCardGame.LifeManager>.FindInstance
[Warning: Singleton] Got null in Singleton<DiskCardGame.TurnManager>.FindInstance
[Warning: Singleton] Got null in Singleton<DiskCardGame.LifeManager>.FindInstance
[Warning: Singleton] Got null in Singleton<DiskCardGame.TurnManager>.FindInstance
[Warning: Singleton] Got null in Singleton<DiskCardGame.LifeManager>.FindInstance
[Warning: Singleton] Got null in Singleton<DiskCardGame.TurnManager>.FindInstance
[Warning: Singleton] Got null in Singleton<DiskCardGame.LifeManager>.FindInstance
[Warning: Singleton] Got null in Singleton<DiskCardGame.TurnManager>.FindInstance
[Warning: Singleton] Got null in Singleton<DiskCardGame.LifeManager>.FindInstance
[Warning: Singleton] Got null in Singleton<DiskCardGame.TurnManager>.FindInstance
[Warning: Singleton] Got null in Singleton<DiskCardGame.LifeManager>.FindInstance
[Warning: Singleton] Got null in Singleton<DiskCardGame.TurnManager>.FindInstance
[Warning: Singleton] Got null in Singleton<DiskCardGame.LifeManager>.FindInstance
[Warning: Singleton] Got null in Singleton<DiskCardGame.TurnManager>.FindInstance
[Warning: Singleton] Got null in Singleton<DiskCardGame.LifeManager>.FindInstance
[Warning: Singleton] Got null in Singleton<DiskCardGame.TurnManager>.FindInstance
[Warning: Singleton] Got null in Singleton<DiskCardGame.LifeManager>.FindInstance
[Warning: Singleton] Got null in Singleton<DiskCardGame.TurnManager>.FindInstance
[Warning: Singleton] Got null in Singleton<DiskCardGame.LifeManager>.FindInstance
[Warning: Singleton] Got null in Singleton<DiskCardGame.TurnManager>.FindInstance
[Warning: Singleton] Got null in Singleton<DiskCardGame.LifeManager>.FindInstance
[Warning: Singleton] Got null in Singleton<DiskCardGame.TurnManager>.FindInstance
[Warning: Singleton] Got null in Singleton<DiskCardGame.LifeManager>.FindInstance
[Warning: Singleton] Got null in Singleton<DiskCardGame.TurnManager>.FindInstance
[Warning: Singleton] Got null in Singleton<DiskCardGame.LifeManager>.FindInstance
[Warning: Singleton] Got null in Singleton<DiskCardGame.TurnManager>.FindInstance
[Warning: Singleton] Got null in Singleton<DiskCardGame.LifeManager>.FindInstance
[Warning: Singleton] Got null in Singleton<DiskCardGame.TurnManager>.FindInstance
[Warning: Singleton] Got null in Singleton<DiskCardGame.LifeManager>.FindInstance
[Warning: Singleton] Got null in Singleton<DiskCardGame.TurnManager>.FindInstance
[Warning: Singleton] Got null in Singleton<DiskCardGame.LifeManager>.FindInstance
[Warning: Singleton] Got null in Singleton<DiskCardGame.TurnManager>.FindInstance
[Warning: Singleton] Got null in Singleton<DiskCardGame.LifeManager>.FindInstance
[Warning: Singleton] Got null in Singleton<DiskCardGame.TurnManager>.FindInstance
[Warning: Singleton] Got null in Singleton<DiskCardGame.LifeManager>.FindInstance
[Warning: Singleton] Got null in Singleton<DiskCardGame.TurnManager>.FindInstance
[Warning: Singleton] Got null in Singleton<DiskCardGame.LifeManager>.FindInstance
[Warning: Singleton] Got null in Singleton<DiskCardGame.TurnManager>.FindInstance
[Warning: Singleton] Got null in Singleton<DiskCardGame.LifeManager>.FindInstance
[Warning: Singleton] Got null in Singleton<DiskCardGame.TurnManager>.FindInstance
[Warning: Singleton] Got null in Singleton<DiskCardGame.LifeManager>.FindInstance
[Warning: Singleton] Got null in Singleton<DiskCardGame.TurnManager>.FindInstance
[Warning: Singleton] Got null in Singleton<DiskCardGame.LifeManager>.FindInstance
[Warning: Singleton] Got null in Singleton<DiskCardGame.TurnManager>.FindInstance
[Warning: Singleton] Got null in Singleton<DiskCardGame.LifeManager>.FindInstance
[Warning: Singleton] Got null in Singleton<DiskCardGame.TurnManager>.FindInstance
[Warning: Singleton] Got null in Singleton<DiskCardGame.LifeManager>.FindInstance
[Warning: Singleton] Got null in Singleton<DiskCardGame.TurnManager>.FindInstance
[Warning: Singleton] Got null in Singleton<DiskCardGame.LifeManager>.FindInstance
[Warning: Singleton] Got null in Singleton<DiskCardGame.TurnManager>.FindInstance
[Warning: Singleton] Got null in Singleton<DiskCardGame.LifeManager>.FindInstance
[Warning: Singleton] Got null in Singleton<DiskCardGame.TurnManager>.FindInstance
[Warning: Singleton] Got null in Singleton<DiskCardGame.LifeManager>.FindInstance
[Warning: Singleton] Got null in Singleton<DiskCardGame.TurnManager>.FindInstance
[Warning: Singleton] Got null in Singleton<DiskCardGame.LifeManager>.FindInstance
[Warning: Singleton] Got null in Singleton<DiskCardGame.TurnManager>.FindInstance
[Warning: Singleton] Got null in Singleton<DiskCardGame.LifeManager>.FindInstance
[Warning: Singleton] Got null in Singleton<DiskCardGame.TurnManager>.FindInstance
[Warning: Singleton] Got null in Singleton<DiskCardGame.LifeManager>.FindInstance
[Warning: Singleton] Got null in Singleton<DiskCardGame.TurnManager>.FindInstance
[Warning: Singleton] Got null in Singleton<DiskCardGame.LifeManager>.FindInstance
[Warning: Singleton] Got null in Singleton<DiskCardGame.TurnManager>.FindInstance
[Warning: Singleton] Got null in Singleton<DiskCardGame.LifeManager>.FindInstance
[Warning: Singleton] Got null in Singleton<DiskCardGame.TurnManager>.FindInstance
[Warning: Singleton] Got null in Singleton<DiskCardGame.LifeManager>.FindInstance
[Warning: Singleton] Got null in Singleton<DiskCardGame.TurnManager>.FindInstance
[Warning: Singleton] Got null in Singleton<DiskCardGame.LifeManager>.FindInstance
[Warning: Singleton] Got null in Singleton<DiskCardGame.TurnManager>.FindInstance
[Warning: Singleton] Got null in Singleton<DiskCardGame.LifeManager>.FindInstance
[Warning: Singleton] Got null in Singleton<DiskCardGame.TurnManager>.FindInstance
[Warning: Singleton] Got null in Singleton<DiskCardGame.LifeManager>.FindInstance
[Warning: Singleton] Got null in Singleton<DiskCardGame.TurnManager>.FindInstance
[Warning: Singleton] Got null in Singleton<DiskCardGame.LifeManager>.FindInstance
[Warning: Singleton] Got null in Singleton<DiskCardGame.TurnManager>.FindInstance
[Warning: Singleton] Got null in Singleton<DiskCardGame.LifeManager>.FindInstance
[Warning: Singleton] Got null in Singleton<DiskCardGame.TurnManager>.FindInstance
[Warning: Singleton] Got null in Singleton<DiskCardGame.LifeManager>.FindInstance
[Warning: Singleton] Got null in Singleton<DiskCardGame.TurnManager>.FindInstance
[Warning: Singleton] Got null in Singleton<DiskCardGame.LifeManager>.FindInstance
[Warning: Singleton] Got null in Singleton<DiskCardGame.TurnManager>.FindInstance
[Warning: Singleton] Got null in Singleton<DiskCardGame.LifeManager>.FindInstance
[Warning: Singleton] Got null in Singleton<DiskCardGame.TurnManager>.FindInstance
[Warning: Singleton] Got null in Singleton<DiskCardGame.LifeManager>.FindInstance
[Warning: Singleton] Got null in Singleton<DiskCardGame.TurnManager>.FindInstance
[Warning: Singleton] Got null in Singleton<DiskCardGame.LifeManager>.FindInstance
[Warning: Singleton] Got null in Singleton<DiskCardGame.TurnManager>.FindInstance
[Warning: Singleton] Got null in Singleton<DiskCardGame.LifeManager>.FindInstance
[Warning: Singleton] Got null in Singleton<DiskCardGame.TurnManager>.FindInstance
[Warning: Singleton] Got null in Singleton<DiskCardGame.LifeManager>.FindInstance
[Warning: Singleton] Got null in Singleton<DiskCardGame.TurnManager>.FindInstance
[Warning: Singleton] Got null in Singleton<DiskCardGame.LifeManager>.FindInstance
[Warning: Singleton] Got null in Singleton<DiskCardGame.TurnManager>.FindInstance
[Warning: Singleton] Got null in Singleton<DiskCardGame.LifeManager>.FindInstance
[Warning: Singleton] Got null in Singleton<DiskCardGame.TurnManager>.FindInstance
[Warning: Singleton] Got null in Singleton<DiskCardGame.LifeManager>.FindInstance
[Warning: Singleton] Got null in Singleton<DiskCardGame.TurnManager>.FindInstance
[Warning: Singleton] Got null in Singleton<DiskCardGame.LifeManager>.FindInstance
[Warning: Singleton] Got null in Singleton<DiskCardGame.TurnManager>.FindInstance
[Warning: Singleton] Got null in Singleton<DiskCardGame.LifeManager>.FindInstance
[Warning: Singleton] Got null in Singleton<DiskCardGame.TurnManager>.FindInstance
[Warning: Singleton] Got null in Singleton<DiskCardGame.LifeManager>.FindInstance
[Warning: Singleton] Got null in Singleton<DiskCardGame.TurnManager>.FindInstance
[Warning: Singleton] Got null in Singleton<DiskCardGame.LifeManager>.FindInstance
[Warning: Singleton] Got null in Singleton<DiskCardGame.TurnManager>.FindInstance
[Warning: Singleton] Got null in Singleton<DiskCardGame.LifeManager>.FindInstance
[Warning: Singleton] Got null in Singleton<DiskCardGame.TurnManager>.FindInstance
[Warning: Singleton] Got null in Singleton<DiskCardGame.LifeManager>.FindInstance
[Warning: Singleton] Got null in Singleton<DiskCardGame.TurnManager>.FindInstance
[Warning: Singleton] Got null in Singleton<DiskCardGame.LifeManager>.FindInstance
[Warning: Singleton] Got null in Singleton<DiskCardGame.TurnManager>.FindInstance
[Warning: Singleton] Got null in Singleton<DiskCardGame.LifeManager>.FindInstance
[Warning: Singleton] Got null in Singleton<DiskCardGame.TurnManager>.FindInstance
[Warning: Singleton] Got null in Singleton<DiskCardGame.LifeManager>.FindInstance
[Warning: Singleton] Got null in Singleton<DiskCardGame.TurnManager>.FindInstance
[Warning: Singleton] Got null in Singleton<DiskCardGame.LifeManager>.FindInstance
[Warning: Singleton] Got null in Singleton<DiskCardGame.TurnManager>.FindInstance
[Warning: Singleton] Got null in Singleton<DiskCardGame.LifeManager>.FindInstance
[Warning: Singleton] Got null in Singleton<DiskCardGame.TurnManager>.FindInstance
[Warning: Singleton] Got null in Singleton<DiskCardGame.LifeManager>.FindInstance
[Warning: Singleton] Got null in Singleton<DiskCardGame.TurnManager>.FindInstance
[Warning: Singleton] Got null in Singleton<DiskCardGame.LifeManager>.FindInstance
[Warning: Singleton] Got null in Singleton<DiskCardGame.TurnManager>.FindInstance
[Warning: Singleton] Got null in Singleton<DiskCardGame.LifeManager>.FindInstance
[Warning: Singleton] Got null in Singleton<DiskCardGame.TurnManager>.FindInstance
[Warning: Singleton] Got null in Singleton<DiskCardGame.LifeManager>.FindInstance
[Warning: Singleton] Got null in Singleton<DiskCardGame.TurnManager>.FindInstance
[Warning: Singleton] Got null in Singleton<DiskCardGame.LifeManager>.FindInstance
[Warning: Singleton] Got null in Singleton<DiskCardGame.TurnManager>.FindInstance
[Warning: Singleton] Got null in Singleton<DiskCardGame.LifeManager>.FindInstance
[Warning: Singleton] Got null in Singleton<DiskCardGame.TurnManager>.FindInstance
[Warning: Singleton] Got null in Singleton<DiskCardGame.LifeManager>.FindInstance
[Warning: Singleton] Got null in Singleton<DiskCardGame.TurnManager>.FindInstance
[Warning: Singleton] Got null in Singleton<DiskCardGame.LifeManager>.FindInstance
[Warning: Singleton] Got null in Singleton<DiskCardGame.TurnManager>.FindInstance
[Warning: Singleton] Got null in Singleton<DiskCardGame.LifeManager>.FindInstance
[Warning: Singleton] Got null in Singleton<DiskCardGame.TurnManager>.FindInstance
[Warning: Singleton] Got null in Singleton<DiskCardGame.LifeManager>.FindInstance
[Warning: Singleton] Got null in Singleton<DiskCardGame.TurnManager>.FindInstance
[Warning: Singleton] Got null in Singleton<DiskCardGame.LifeManager>.FindInstance
[Warning: Singleton] Got null in Singleton<DiskCardGame.TurnManager>.FindInstance
[Warning: Singleton] Got null in Singleton<DiskCardGame.LifeManager>.FindInstance
[Warning: Singleton] Got null in Singleton<DiskCardGame.TurnManager>.FindInstance
[Warning: Singleton] Got null in Singleton<DiskCardGame.LifeManager>.FindInstance
[Warning: Singleton] Got null in Singleton<DiskCardGame.TurnManager>.FindInstance
[Warning: Singleton] Got null in Singleton<DiskCardGame.LifeManager>.FindInstance
[Warning: Singleton] Got null in Singleton<DiskCardGame.TurnManager>.FindInstance
[Warning: Singleton] Got null in Singleton<DiskCardGame.LifeManager>.FindInstance
[Warning: Singleton] Got null in Singleton<DiskCardGame.TurnManager>.FindInstance
[Warning: Singleton] Got null in Singleton<DiskCardGame.LifeManager>.FindInstance
[Warning: Singleton] Got null in Singleton<DiskCardGame.TurnManager>.FindInstance
[Warning: Singleton] Got null in Singleton<DiskCardGame.LifeManager>.FindInstance
[Warning: Singleton] Got null in Singleton<DiskCardGame.TurnManager>.FindInstance
[Warning: Singleton] Got null in Singleton<DiskCardGame.LifeManager>.FindInstance
[Warning: Singleton] Got null in Singleton<DiskCardGame.TurnManager>.FindInstance
[Warning: Singleton] Got null in Singleton<DiskCardGame.LifeManager>.FindInstance
[Warning: Singleton] Got null in Singleton<DiskCardGame.TurnManager>.FindInstance
[Warning: Singleton] Got null in Singleton<DiskCardGame.LifeManager>.FindInstance
[Warning: Singleton] Got null in Singleton<DiskCardGame.TurnManager>.FindInstance
[Warning: Singleton] Got null in Singleton<DiskCardGame.LifeManager>.FindInstance
[Warning: Singleton] Got null in Singleton<DiskCardGame.TurnManager>.FindInstance
[Warning: Singleton] Got null in Singleton<DiskCardGame.LifeManager>.FindInstance
[Warning: Singleton] Got null in Singleton<DiskCardGame.TurnManager>.FindInstance
[Warning: Singleton] Got null in Singleton<DiskCardGame.LifeManager>.FindInstance
[Warning: Singleton] Got null in Singleton<DiskCardGame.TurnManager>.FindInstance
[Warning: Singleton] Got null in Singleton<DiskCardGame.LifeManager>.FindInstance
[Warning: Singleton] Got null in Singleton<DiskCardGame.TurnManager>.FindInstance
[Warning: Singleton] Got null in Singleton<DiskCardGame.LifeManager>.FindInstance
[Warning: Singleton] Got null in Singleton<DiskCardGame.TurnManager>.FindInstance
[Warning: Singleton] Got null in Singleton<DiskCardGame.LifeManager>.FindInstance
[Warning: Singleton] Got null in Singleton<DiskCardGame.TurnManager>.FindInstance
[Warning: Singleton] Got null in Singleton<DiskCardGame.LifeManager>.FindInstance
[Warning: Singleton] Got null in Singleton<DiskCardGame.TurnManager>.FindInstance
[Warning: Singleton] Got null in Singleton<DiskCardGame.LifeManager>.FindInstance
[Warning: Singleton] Got null in Singleton<DiskCardGame.TurnManager>.FindInstance
[Warning: Singleton] Got null in Singleton<DiskCardGame.LifeManager>.FindInstance
[Warning: Singleton] Got null in Singleton<DiskCardGame.TurnManager>.FindInstance
[Warning: Singleton] Got null in Singleton<DiskCardGame.LifeManager>.FindInstance
[Warning: Singleton] Got null in Singleton<DiskCardGame.TurnManager>.FindInstance
[Warning: Singleton] Got null in Singleton<DiskCardGame.LifeManager>.FindInstance
[Warning: Singleton] Got null in Singleton<DiskCardGame.TurnManager>.FindInstance
[Warning: Singleton] Got null in Singleton<DiskCardGame.LifeManager>.FindInstance
[Warning: Singleton] Got null in Singleton<DiskCardGame.TurnManager>.FindInstance
[Warning: Singleton] Got null in Singleton<DiskCardGame.LifeManager>.FindInstance
[Warning: Singleton] Got null in Singleton<DiskCardGame.TurnManager>.FindInstance
[Warning: Singleton] Got null in Singleton<DiskCardGame.LifeManager>.FindInstance
[Warning: Singleton] Got null in Singleton<DiskCardGame.TurnManager>.FindInstance
[Warning: Singleton] Got null in Singleton<DiskCardGame.LifeManager>.FindInstance
[Warning: Singleton] Got null in Singleton<DiskCardGame.TurnManager>.FindInstance
[Warning: Singleton] Got null in Singleton<DiskCardGame.LifeManager>.FindInstance
[Warning: Singleton] Got null in Singleton<DiskCardGame.TurnManager>.FindInstance
[Warning: Singleton] Got null in Singleton<DiskCardGame.LifeManager>.FindInstance
[Warning: Singleton] Got null in Singleton<DiskCardGame.TurnManager>.FindInstance
[Warning: Singleton] Got null in Singleton<DiskCardGame.LifeManager>.FindInstance
[Warning: Singleton] Got null in Singleton<DiskCardGame.TurnManager>.FindInstance
[Warning: Singleton] Got null in Singleton<DiskCardGame.LifeManager>.FindInstance
[Warning: Singleton] Got null in Singleton<DiskCardGame.TurnManager>.FindInstance
[Warning: Singleton] Got null in Singleton<DiskCardGame.LifeManager>.FindInstance
[Warning: Singleton] Got null in Singleton<DiskCardGame.TurnManager>.FindInstance
[Warning: Singleton] Got null in Singleton<DiskCardGame.LifeManager>.FindInstance
[Warning: Singleton] Got null in Singleton<DiskCardGame.TurnManager>.FindInstance
[Warning: Singleton] Got null in Singleton<DiskCardGame.LifeManager>.FindInstance
[Warning: Singleton] Got null in Singleton<DiskCardGame.TurnManager>.FindInstance
[Warning: Singleton] Got null in Singleton<DiskCardGame.LifeManager>.FindInstance
[Warning: Singleton] Got null in Singleton<DiskCardGame.TurnManager>.FindInstance
[Warning: Singleton] Got null in Singleton<DiskCardGame.LifeManager>.FindInstance
[Warning: Singleton] Got null in Singleton<DiskCardGame.TurnManager>.FindInstance
[Warning: Singleton] Got null in Singleton<DiskCardGame.LifeManager>.FindInstance
[Warning: Singleton] Got null in Singleton<DiskCardGame.TurnManager>.FindInstance
[Warning: Singleton] Got null in Singleton<DiskCardGame.LifeManager>.FindInstance
[Warning: Singleton] Got null in Singleton<DiskCardGame.TurnManager>.FindInstance
[Warning: Singleton] Got null in Singleton<DiskCardGame.LifeManager>.FindInstance
[Warning: Singleton] Got null in Singleton<DiskCardGame.TurnManager>.FindInstance
[Warning: Singleton] Got null in Singleton<DiskCardGame.LifeManager>.FindInstance
[Warning: Singleton] Got null in Singleton<DiskCardGame.TurnManager>.FindInstance
[Warning: Singleton] Got null in Singleton<DiskCardGame.LifeManager>.FindInstance
[Warning: Singleton] Got null in Singleton<DiskCardGame.TurnManager>.FindInstance
[Warning: Singleton] Got null in Singleton<DiskCardGame.LifeManager>.FindInstance
[Warning: Singleton] Got null in Singleton<DiskCardGame.TurnManager>.FindInstance
[Warning: Singleton] Got null in Singleton<DiskCardGame.LifeManager>.FindInstance
[Warning: Singleton] Got null in Singleton<DiskCardGame.TurnManager>.FindInstance
[Warning: Singleton] Got null in Singleton<DiskCardGame.LifeManager>.FindInstance
[Warning: Singleton] Got null in Singleton<DiskCardGame.TurnManager>.FindInstance
[Warning: Singleton] Got null in Singleton<DiskCardGame.LifeManager>.FindInstance
[Warning: Singleton] Got null in Singleton<DiskCardGame.TurnManager>.FindInstance
[Warning: Singleton] Got null in Singleton<DiskCardGame.LifeManager>.FindInstance
[Warning: Singleton] Got null in Singleton<DiskCardGame.TurnManager>.FindInstance
[Warning: Singleton] Got null in Singleton<DiskCardGame.LifeManager>.FindInstance
[Warning: Singleton] Got null in Singleton<DiskCardGame.TurnManager>.FindInstance
[Warning: Singleton] Got null in Singleton<DiskCardGame.LifeManager>.FindInstance
[Warning: Singleton] Got null in Singleton<DiskCardGame.TurnManager>.FindInstance
[Warning: Singleton] Got null in Singleton<DiskCardGame.LifeManager>.FindInstance
[Warning: Singleton] Got null in Singleton<DiskCardGame.TurnManager>.FindInstance
[Warning: Singleton] Got null in Singleton<DiskCardGame.LifeManager>.FindInstance
[Warning: Singleton] Got null in Singleton<DiskCardGame.TurnManager>.FindInstance
[Warning: Singleton] Got null in Singleton<DiskCardGame.LifeManager>.FindInstance
[Warning: Singleton] Got null in Singleton<DiskCardGame.TurnManager>.FindInstance
[Warning: Singleton] Got null in Singleton<DiskCardGame.LifeManager>.FindInstance
[Warning: Singleton] Got null in Singleton<DiskCardGame.TurnManager>.FindInstance
[Warning: Singleton] Got null in Singleton<DiskCardGame.LifeManager>.FindInstance
[Warning: Singleton] Got null in Singleton<DiskCardGame.TurnManager>.FindInstance
[Warning: Singleton] Got null in Singleton<DiskCardGame.LifeManager>.FindInstance
[Warning: Singleton] Got null in Singleton<DiskCardGame.TurnManager>.FindInstance
[Warning: Singleton] Got null in Singleton<DiskCardGame.LifeManager>.FindInstance
[Warning: Singleton] Got null in Singleton<DiskCardGame.TurnManager>.FindInstance
[Warning: Singleton] Got null in Singleton<DiskCardGame.LifeManager>.FindInstance
[Warning: Singleton] Got null in Singleton<DiskCardGame.TurnManager>.FindInstance
[Warning: Singleton] Got null in Singleton<DiskCardGame.LifeManager>.FindInstance
[Warning: Singleton] Got null in Singleton<DiskCardGame.TurnManager>.FindInstance
[Warning: Singleton] Got null in Singleton<DiskCardGame.LifeManager>.FindInstance
[Warning: Singleton] Got null in Singleton<DiskCardGame.TurnManager>.FindInstance
[Warning: Singleton] Got null in Singleton<DiskCardGame.LifeManager>.FindInstance
[Warning: Singleton] Got null in Singleton<DiskCardGame.TurnManager>.FindInstance
[Warning: Singleton] Got null in Singleton<DiskCardGame.LifeManager>.FindInstance
[Warning: Singleton] Got null in Singleton<DiskCardGame.TurnManager>.FindInstance
[Warning: Singleton] Got null in Singleton<DiskCardGame.LifeManager>.FindInstance
[Warning: Singleton] Got null in Singleton<DiskCardGame.TurnManager>.FindInstance
[Warning: Singleton] Got null in Singleton<DiskCardGame.LifeManager>.FindInstance
[Warning: Singleton] Got null in Singleton<DiskCardGame.TurnManager>.FindInstance
[Warning: Singleton] Got null in Singleton<DiskCardGame.LifeManager>.FindInstance
[Warning: Singleton] Got null in Singleton<DiskCardGame.TurnManager>.FindInstance
[Warning: Singleton] Got null in Singleton<DiskCardGame.LifeManager>.FindInstance
[Warning: Singleton] Got null in Singleton<DiskCardGame.TurnManager>.FindInstance
[Warning: Singleton] Got null in Singleton<DiskCardGame.LifeManager>.FindInstance
[Warning: Singleton] Got null in Singleton<DiskCardGame.TurnManager>.FindInstance
[Warning: Singleton] Got null in Singleton<DiskCardGame.LifeManager>.FindInstance
[Warning: Singleton] Got null in Singleton<DiskCardGame.TurnManager>.FindInstance
[Warning: Singleton] Got null in Singleton<DiskCardGame.LifeManager>.FindInstance
[Warning: Singleton] Got null in Singleton<DiskCardGame.TurnManager>.FindInstance
[Warning: Singleton] Got null in Singleton<DiskCardGame.LifeManager>.FindInstance
[Warning: Singleton] Got null in Singleton<DiskCardGame.TurnManager>.FindInstance
[Warning: Singleton] Got null in Singleton<DiskCardGame.LifeManager>.FindInstance
[Warning: Singleton] Got null in Singleton<DiskCardGame.TurnManager>.FindInstance
[Warning: Singleton] Got null in Singleton<DiskCardGame.LifeManager>.FindInstance
[Warning: Singleton] Got null in Singleton<DiskCardGame.TurnManager>.FindInstance
[Warning: Singleton] Got null in Singleton<DiskCardGame.LifeManager>.FindInstance
[Warning: Singleton] Got null in Singleton<DiskCardGame.TurnManager>.FindInstance
[Warning: Singleton] Got null in Singleton<DiskCardGame.LifeManager>.FindInstance
[Warning: Singleton] Got null in Singleton<DiskCardGame.TurnManager>.FindInstance
[Warning: Singleton] Got null in Singleton<DiskCardGame.LifeManager>.FindInstance
[Warning: Singleton] Got null in Singleton<DiskCardGame.TurnManager>.FindInstance
[Warning: Singleton] Got null in Singleton<DiskCardGame.LifeManager>.FindInstance
[Warning: Singleton] Got null in Singleton<DiskCardGame.TurnManager>.FindInstance
[Warning: Singleton] Got null in Singleton<DiskCardGame.LifeManager>.FindInstance
[Warning: Singleton] Got null in Singleton<DiskCardGame.TurnManager>.FindInstance
[Warning: Singleton] Got null in Singleton<DiskCardGame.LifeManager>.FindInstance
[Warning: Singleton] Got null in Singleton<DiskCardGame.TurnManager>.FindInstance
[Warning: Singleton] Got null in Singleton<DiskCardGame.LifeManager>.FindInstance
[Warning: Singleton] Got null in Singleton<DiskCardGame.TurnManager>.FindInstance
[Warning: Singleton] Got null in Singleton<DiskCardGame.LifeManager>.FindInstance
[Warning: Singleton] Got null in Singleton<DiskCardGame.TurnManager>.FindInstance
[Warning: Singleton] Got null in Singleton<DiskCardGame.LifeManager>.FindInstance
[Warning: Singleton] Got null in Singleton<DiskCardGame.TurnManager>.FindInstance
[Warning: Singleton] Got null in Singleton<DiskCardGame.LifeManager>.FindInstance
[Warning: Singleton] Got null in Singleton<DiskCardGame.TurnManager>.FindInstance
[Warning: Singleton] Got null in Singleton<DiskCardGame.LifeManager>.FindInstance
[Warning: Singleton] Got null in Singleton<DiskCardGame.TurnManager>.FindInstance
[Warning: Singleton] Got null in Singleton<DiskCardGame.LifeManager>.FindInstance
[Warning: Singleton] Got null in Singleton<DiskCardGame.TurnManager>.FindInstance
[Warning: Singleton] Got null in Singleton<DiskCardGame.LifeManager>.FindInstance
[Warning: Singleton] Got null in Singleton<DiskCardGame.TurnManager>.FindInstance
[Warning: Singleton] Got null in Singleton<DiskCardGame.LifeManager>.FindInstance
[Warning: Singleton] Got null in Singleton<DiskCardGame.TurnManager>.FindInstance
[Warning: Singleton] Got null in Singleton<DiskCardGame.LifeManager>.FindInstance
[Warning: Singleton] Got null in Singleton<DiskCardGame.TurnManager>.FindInstance
[Warning: Singleton] Got null in Singleton<DiskCardGame.LifeManager>.FindInstance
[Warning: Singleton] Got null in Singleton<DiskCardGame.TurnManager>.FindInstance
[Warning: Singleton] Got null in Singleton<DiskCardGame.LifeManager>.FindInstance
[Warning: Singleton] Got null in Singleton<DiskCardGame.TurnManager>.FindInstance
[Warning: Singleton] Got null in Singleton<DiskCardGame.LifeManager>.FindInstance
[Warning: Singleton] Got null in Singleton<DiskCardGame.TurnManager>.FindInstance
[Warning: Singleton] Got null in Singleton<DiskCardGame.LifeManager>.FindInstance
[Warning: Singleton] Got null in Singleton<DiskCardGame.TurnManager>.FindInstance
[Warning: Singleton] Got null in Singleton<DiskCardGame.LifeManager>.FindInstance
[Warning: Singleton] Got null in Singleton<DiskCardGame.TurnManager>.FindInstance
[Warning: Singleton] Got null in Singleton<DiskCardGame.LifeManager>.FindInstance
[Warning: Singleton] Got null in Singleton<DiskCardGame.TurnManager>.FindInstance
[Warning: Singleton] Got null in Singleton<DiskCardGame.LifeManager>.FindInstance
[Warning: Singleton] Got null in Singleton<DiskCardGame.TurnManager>.FindInstance
[Warning: Singleton] Got null in Singleton<DiskCardGame.LifeManager>.FindInstance
[Warning: Singleton] Got null in Singleton<DiskCardGame.TurnManager>.FindInstance
[Warning: Singleton] Got null in Singleton<DiskCardGame.LifeManager>.FindInstance
[Warning: Singleton] Got null in Singleton<DiskCardGame.TurnManager>.FindInstance
[Warning: Singleton] Got null in Singleton<DiskCardGame.LifeManager>.FindInstance
[Warning: Singleton] Got null in Singleton<DiskCardGame.TurnManager>.FindInstance
[Warning: Singleton] Got null in Singleton<DiskCardGame.LifeManager>.FindInstance
[Warning: Singleton] Got null in Singleton<DiskCardGame.TurnManager>.FindInstance
[Warning: Singleton] Got null in Singleton<DiskCardGame.LifeManager>.FindInstance
[Warning: Singleton] Got null in Singleton<DiskCardGame.TurnManager>.FindInstance
[Warning: Singleton] Got null in Singleton<DiskCardGame.LifeManager>.FindInstance
[Warning: Singleton] Got null in Singleton<DiskCardGame.TurnManager>.FindInstance
[Warning: Singleton] Got null in Singleton<DiskCardGame.LifeManager>.FindInstance
[Warning: Singleton] Got null in Singleton<DiskCardGame.TurnManager>.FindInstance
[Warning: Singleton] Got null in Singleton<DiskCardGame.LifeManager>.FindInstance
[Warning: Singleton] Got null in Singleton<DiskCardGame.TurnManager>.FindInstance
[Warning: Singleton] Got null in Singleton<DiskCardGame.LifeManager>.FindInstance
[Warning: Singleton] Got null in Singleton<DiskCardGame.TurnManager>.FindInstance
[Warning: Singleton] Got null in Singleton<DiskCardGame.LifeManager>.FindInstance
[Warning: Singleton] Got null in Singleton<DiskCardGame.TurnManager>.FindInstance
[Warning: Singleton] Got null in Singleton<DiskCardGame.LifeManager>.FindInstance
[Warning: Singleton] Got null in Singleton<DiskCardGame.TurnManager>.FindInstance
[Warning: Singleton] Got null in Singleton<DiskCardGame.LifeManager>.FindInstance
[Warning: Singleton] Got null in Singleton<DiskCardGame.TurnManager>.FindInstance
[Warning: Singleton] Got null in Singleton<DiskCardGame.LifeManager>.FindInstance
[Warning: Singleton] Got null in Singleton<DiskCardGame.TurnManager>.FindInstance
[Warning: Singleton] Got null in Singleton<DiskCardGame.LifeManager>.FindInstance
[Warning: Singleton] Got null in Singleton<DiskCardGame.TurnManager>.FindInstance
[Warning: Singleton] Got null in Singleton<DiskCardGame.LifeManager>.FindInstance
[Warning: Singleton] Got null in Singleton<DiskCardGame.TurnManager>.FindInstance
[Warning: Singleton] Got null in Singleton<DiskCardGame.LifeManager>.FindInstance
[Warning: Singleton] Got null in Singleton<DiskCardGame.TurnManager>.FindInstance
[Warning: Singleton] Got null in Singleton<DiskCardGame.LifeManager>.FindInstance
[Warning: Singleton] Got null in Singleton<DiskCardGame.TurnManager>.FindInstance
[Warning: Singleton] Got null in Singleton<DiskCardGame.LifeManager>.FindInstance
[Warning: Singleton] Got null in Singleton<DiskCardGame.TurnManager>.FindInstance
[Warning: Singleton] Got null in Singleton<DiskCardGame.LifeManager>.FindInstance
[Warning: Singleton] Got null in Singleton<DiskCardGame.TurnManager>.FindInstance
[Warning: Singleton] Got null in Singleton<DiskCardGame.LifeManager>.FindInstance
[Warning: Singleton] Got null in Singleton<DiskCardGame.TurnManager>.FindInstance
[Warning: Singleton] Got null in Singleton<DiskCardGame.LifeManager>.FindInstance
[Warning: Singleton] Got null in Singleton<DiskCardGame.TurnManager>.FindInstance
[Warning: Singleton] Got null in Singleton<DiskCardGame.LifeManager>.FindInstance
[Warning: Singleton] Got null in Singleton<DiskCardGame.TurnManager>.FindInstance
[Warning: Singleton] Got null in Singleton<DiskCardGame.LifeManager>.FindInstance
[Warning: Singleton] Got null in Singleton<DiskCardGame.TurnManager>.FindInstance
[Warning: Singleton] Got null in Singleton<DiskCardGame.LifeManager>.FindInstance
[Warning: Singleton] Got null in Singleton<DiskCardGame.TurnManager>.FindInstance
[Warning: Singleton] Got null in Singleton<DiskCardGame.LifeManager>.FindInstance
[Warning: Singleton] Got null in Singleton<DiskCardGame.TurnManager>.FindInstance
[Warning: Singleton] Got null in Singleton<DiskCardGame.LifeManager>.FindInstance
[Warning: Singleton] Got null in Singleton<DiskCardGame.TurnManager>.FindInstance
[Warning: Singleton] Got null in Singleton<DiskCardGame.LifeManager>.FindInstance
[Warning: Singleton] Got null in Singleton<DiskCardGame.TurnManager>.FindInstance
[Warning: Singleton] Got null in Singleton<DiskCardGame.LifeManager>.FindInstance
[Warning: Singleton] Got null in Singleton<DiskCardGame.TurnManager>.FindInstance
[Warning: Singleton] Got null in Singleton<DiskCardGame.LifeManager>.FindInstance
[Warning: Singleton] Got null in Singleton<DiskCardGame.TurnManager>.FindInstance
[Warning: Singleton] Got null in Singleton<DiskCardGame.LifeManager>.FindInstance
[Warning: Singleton] Got null in Singleton<DiskCardGame.TurnManager>.FindInstance
[Warning: Singleton] Got null in Singleton<DiskCardGame.LifeManager>.FindInstance
[Warning: Singleton] Got null in Singleton<DiskCardGame.TurnManager>.FindInstance
[Warning: Singleton] Got null in Singleton<DiskCardGame.LifeManager>.FindInstance
[Info   : KayceePvP] New Ascension run requested - opening PvP lobby before it starts.
[Warning: Singleton] Got null in Singleton<DiskCardGame.TurnManager>.FindInstance
[Warning: Singleton] Got null in Singleton<DiskCardGame.LifeManager>.FindInstance
[Warning: Singleton] Got null in Singleton<DiskCardGame.TurnManager>.FindInstance
[Warning: Singleton] Got null in Singleton<DiskCardGame.LifeManager>.FindInstance
[Warning: Singleton] Got null in Singleton<DiskCardGame.TurnManager>.FindInstance
[Warning: Singleton] Got null in Singleton<DiskCardGame.LifeManager>.FindInstance
[Warning: Singleton] Got null in Singleton<DiskCardGame.TurnManager>.FindInstance
[Warning: Singleton] Got null in Singleton<DiskCardGame.LifeManager>.FindInstance
[Warning: Singleton] Got null in Singleton<DiskCardGame.TurnManager>.FindInstance
[Warning: Singleton] Got null in Singleton<DiskCardGame.LifeManager>.FindInstance
[Warning: Singleton] Got null in Singleton<DiskCardGame.TurnManager>.FindInstance
[Warning: Singleton] Got null in Singleton<DiskCardGame.LifeManager>.FindInstance
[Warning: Singleton] Got null in Singleton<DiskCardGame.TurnManager>.FindInstance
[Warning: Singleton] Got null in Singleton<DiskCardGame.LifeManager>.FindInstance
[Warning: Singleton] Got null in Singleton<DiskCardGame.TurnManager>.FindInstance
[Warning: Singleton] Got null in Singleton<DiskCardGame.LifeManager>.FindInstance
[Warning: Singleton] Got null in Singleton<DiskCardGame.TurnManager>.FindInstance
[Warning: Singleton] Got null in Singleton<DiskCardGame.LifeManager>.FindInstance
[Warning: Singleton] Got null in Singleton<DiskCardGame.TurnManager>.FindInstance
[Warning: Singleton] Got null in Singleton<DiskCardGame.LifeManager>.FindInstance
[Warning: Singleton] Got null in Singleton<DiskCardGame.TurnManager>.FindInstance
[Warning: Singleton] Got null in Singleton<DiskCardGame.LifeManager>.FindInstance
[Warning: Singleton] Got null in Singleton<DiskCardGame.TurnManager>.FindInstance
[Warning: Singleton] Got null in Singleton<DiskCardGame.LifeManager>.FindInstance
[Warning: Singleton] Got null in Singleton<DiskCardGame.TurnManager>.FindInstance
[Warning: Singleton] Got null in Singleton<DiskCardGame.LifeManager>.FindInstance
[Warning: Singleton] Got null in Singleton<DiskCardGame.TurnManager>.FindInstance
[Warning: Singleton] Got null in Singleton<DiskCardGame.LifeManager>.FindInstance
[Warning: Singleton] Got null in Singleton<DiskCardGame.TurnManager>.FindInstance
[Warning: Singleton] Got null in Singleton<DiskCardGame.LifeManager>.FindInstance
[Warning: Singleton] Got null in Singleton<DiskCardGame.TurnManager>.FindInstance
[Warning: Singleton] Got null in Singleton<DiskCardGame.LifeManager>.FindInstance
[Warning: Singleton] Got null in Singleton<DiskCardGame.TurnManager>.FindInstance
[Warning: Singleton] Got null in Singleton<DiskCardGame.LifeManager>.FindInstance
[Warning: Singleton] Got null in Singleton<DiskCardGame.TurnManager>.FindInstance
[Warning: Singleton] Got null in Singleton<DiskCardGame.LifeManager>.FindInstance
[Warning: Singleton] Got null in Singleton<DiskCardGame.TurnManager>.FindInstance
[Warning: Singleton] Got null in Singleton<DiskCardGame.LifeManager>.FindInstance
[Warning: Singleton] Got null in Singleton<DiskCardGame.TurnManager>.FindInstance
[Warning: Singleton] Got null in Singleton<DiskCardGame.LifeManager>.FindInstance
[Warning: Singleton] Got null in Singleton<DiskCardGame.TurnManager>.FindInstance
[Warning: Singleton] Got null in Singleton<DiskCardGame.LifeManager>.FindInstance
[Warning: Singleton] Got null in Singleton<DiskCardGame.TurnManager>.FindInstance
[Warning: Singleton] Got null in Singleton<DiskCardGame.LifeManager>.FindInstance
[Warning: Singleton] Got null in Singleton<DiskCardGame.TurnManager>.FindInstance
[Warning: Singleton] Got null in Singleton<DiskCardGame.LifeManager>.FindInstance
[Warning: Singleton] Got null in Singleton<DiskCardGame.TurnManager>.FindInstance
[Warning: Singleton] Got null in Singleton<DiskCardGame.LifeManager>.FindInstance
[Warning: Singleton] Got null in Singleton<DiskCardGame.TurnManager>.FindInstance
[Warning: Singleton] Got null in Singleton<DiskCardGame.LifeManager>.FindInstance
[Warning: Singleton] Got null in Singleton<DiskCardGame.TurnManager>.FindInstance
[Warning: Singleton] Got null in Singleton<DiskCardGame.LifeManager>.FindInstance
[Warning: Singleton] Got null in Singleton<DiskCardGame.TurnManager>.FindInstance
[Warning: Singleton] Got null in Singleton<DiskCardGame.LifeManager>.FindInstance
[Warning: Singleton] Got null in Singleton<DiskCardGame.TurnManager>.FindInstance
[Warning: Singleton] Got null in Singleton<DiskCardGame.LifeManager>.FindInstance
[Warning: Singleton] Got null in Singleton<DiskCardGame.TurnManager>.FindInstance
[Warning: Singleton] Got null in Singleton<DiskCardGame.LifeManager>.FindInstance
[Warning: Singleton] Got null in Singleton<DiskCardGame.TurnManager>.FindInstance
[Warning: Singleton] Got null in Singleton<DiskCardGame.LifeManager>.FindInstance
[Warning: Singleton] Got null in Singleton<DiskCardGame.TurnManager>.FindInstance
[Warning: Singleton] Got null in Singleton<DiskCardGame.LifeManager>.FindInstance
[Warning: Singleton] Got null in Singleton<DiskCardGame.TurnManager>.FindInstance
[Warning: Singleton] Got null in Singleton<DiskCardGame.LifeManager>.FindInstance
[Warning: Singleton] Got null in Singleton<DiskCardGame.TurnManager>.FindInstance
[Warning: Singleton] Got null in Singleton<DiskCardGame.LifeManager>.FindInstance
[Warning: Singleton] Got null in Singleton<DiskCardGame.TurnManager>.FindInstance
[Warning: Singleton] Got null in Singleton<DiskCardGame.LifeManager>.FindInstance
[Warning: Singleton] Got null in Singleton<DiskCardGame.TurnManager>.FindInstance
[Warning: Singleton] Got null in Singleton<DiskCardGame.LifeManager>.FindInstance
[Warning: Singleton] Got null in Singleton<DiskCardGame.TurnManager>.FindInstance
[Warning: Singleton] Got null in Singleton<DiskCardGame.LifeManager>.FindInstance
[Warning: Singleton] Got null in Singleton<DiskCardGame.TurnManager>.FindInstance
[Warning: Singleton] Got null in Singleton<DiskCardGame.LifeManager>.FindInstance
[Warning: Singleton] Got null in Singleton<DiskCardGame.TurnManager>.FindInstance
[Warning: Singleton] Got null in Singleton<DiskCardGame.LifeManager>.FindInstance
[Warning: Singleton] Got null in Singleton<DiskCardGame.TurnManager>.FindInstance
[Warning: Singleton] Got null in Singleton<DiskCardGame.LifeManager>.FindInstance
[Warning: Singleton] Got null in Singleton<DiskCardGame.TurnManager>.FindInstance
[Warning: Singleton] Got null in Singleton<DiskCardGame.LifeManager>.FindInstance
[Warning: Singleton] Got null in Singleton<DiskCardGame.TurnManager>.FindInstance
[Warning: Singleton] Got null in Singleton<DiskCardGame.LifeManager>.FindInstance
[Warning: Singleton] Got null in Singleton<DiskCardGame.TurnManager>.FindInstance
[Warning: Singleton] Got null in Singleton<DiskCardGame.LifeManager>.FindInstance
[Warning: Singleton] Got null in Singleton<DiskCardGame.TurnManager>.FindInstance
[Warning: Singleton] Got null in Singleton<DiskCardGame.LifeManager>.FindInstance
[Warning: Singleton] Got null in Singleton<DiskCardGame.TurnManager>.FindInstance
[Warning: Singleton] Got null in Singleton<DiskCardGame.LifeManager>.FindInstance
[Warning: Singleton] Got null in Singleton<DiskCardGame.TurnManager>.FindInstance
[Warning: Singleton] Got null in Singleton<DiskCardGame.LifeManager>.FindInstance
[Warning: Singleton] Got null in Singleton<DiskCardGame.TurnManager>.FindInstance
[Warning: Singleton] Got null in Singleton<DiskCardGame.LifeManager>.FindInstance
[Warning: Singleton] Got null in Singleton<DiskCardGame.TurnManager>.FindInstance
[Warning: Singleton] Got null in Singleton<DiskCardGame.LifeManager>.FindInstance
[Warning: Singleton] Got null in Singleton<DiskCardGame.TurnManager>.FindInstance
[Warning: Singleton] Got null in Singleton<DiskCardGame.LifeManager>.FindInstance
[Warning: Singleton] Got null in Singleton<DiskCardGame.TurnManager>.FindInstance
[Warning: Singleton] Got null in Singleton<DiskCardGame.LifeManager>.FindInstance
[Warning: Singleton] Got null in Singleton<DiskCardGame.TurnManager>.FindInstance
[Warning: Singleton] Got null in Singleton<DiskCardGame.LifeManager>.FindInstance
[Warning: Singleton] Got null in Singleton<DiskCardGame.TurnManager>.FindInstance
[Warning: Singleton] Got null in Singleton<DiskCardGame.LifeManager>.FindInstance
[Warning: Singleton] Got null in Singleton<DiskCardGame.TurnManager>.FindInstance
[Warning: Singleton] Got null in Singleton<DiskCardGame.LifeManager>.FindInstance
[Warning: Singleton] Got null in Singleton<DiskCardGame.TurnManager>.FindInstance
[Warning: Singleton] Got null in Singleton<DiskCardGame.LifeManager>.FindInstance
[Warning: Singleton] Got null in Singleton<DiskCardGame.TurnManager>.FindInstance
[Warning: Singleton] Got null in Singleton<DiskCardGame.LifeManager>.FindInstance
[Warning: Singleton] Got null in Singleton<DiskCardGame.TurnManager>.FindInstance
[Warning: Singleton] Got null in Singleton<DiskCardGame.LifeManager>.FindInstance
[Warning: Singleton] Got null in Singleton<DiskCardGame.TurnManager>.FindInstance
[Warning: Singleton] Got null in Singleton<DiskCardGame.LifeManager>.FindInstance
[Warning: Singleton] Got null in Singleton<DiskCardGame.TurnManager>.FindInstance
[Warning: Singleton] Got null in Singleton<DiskCardGame.LifeManager>.FindInstance
[Warning: Singleton] Got null in Singleton<DiskCardGame.TurnManager>.FindInstance
[Warning: Singleton] Got null in Singleton<DiskCardGame.LifeManager>.FindInstance
[Warning: Singleton] Got null in Singleton<DiskCardGame.TurnManager>.FindInstance
[Warning: Singleton] Got null in Singleton<DiskCardGame.LifeManager>.FindInstance
[Warning: Singleton] Got null in Singleton<DiskCardGame.TurnManager>.FindInstance
[Warning: Singleton] Got null in Singleton<DiskCardGame.LifeManager>.FindInstance
[Warning: Singleton] Got null in Singleton<DiskCardGame.TurnManager>.FindInstance
[Warning: Singleton] Got null in Singleton<DiskCardGame.LifeManager>.FindInstance
[Warning: Singleton] Got null in Singleton<DiskCardGame.TurnManager>.FindInstance
[Warning: Singleton] Got null in Singleton<DiskCardGame.LifeManager>.FindInstance
[Warning: Singleton] Got null in Singleton<DiskCardGame.TurnManager>.FindInstance
[Warning: Singleton] Got null in Singleton<DiskCardGame.LifeManager>.FindInstance
[Warning: Singleton] Got null in Singleton<DiskCardGame.TurnManager>.FindInstance
[Warning: Singleton] Got null in Singleton<DiskCardGame.LifeManager>.FindInstance
[Warning: Singleton] Got null in Singleton<DiskCardGame.TurnManager>.FindInstance
[Warning: Singleton] Got null in Singleton<DiskCardGame.LifeManager>.FindInstance
[Warning: Singleton] Got null in Singleton<DiskCardGame.TurnManager>.FindInstance
[Warning: Singleton] Got null in Singleton<DiskCardGame.LifeManager>.FindInstance
[Warning: Singleton] Got null in Singleton<DiskCardGame.TurnManager>.FindInstance
[Warning: Singleton] Got null in Singleton<DiskCardGame.LifeManager>.FindInstance
[Warning: Singleton] Got null in Singleton<DiskCardGame.TurnManager>.FindInstance
[Warning: Singleton] Got null in Singleton<DiskCardGame.LifeManager>.FindInstance
[Warning: Singleton] Got null in Singleton<DiskCardGame.TurnManager>.FindInstance
[Warning: Singleton] Got null in Singleton<DiskCardGame.LifeManager>.FindInstance
[Warning: Singleton] Got null in Singleton<DiskCardGame.TurnManager>.FindInstance
[Warning: Singleton] Got null in Singleton<DiskCardGame.LifeManager>.FindInstance
[Warning: Singleton] Got null in Singleton<DiskCardGame.TurnManager>.FindInstance
[Warning: Singleton] Got null in Singleton<DiskCardGame.LifeManager>.FindInstance
[Warning: Singleton] Got null in Singleton<DiskCardGame.TurnManager>.FindInstance
[Warning: Singleton] Got null in Singleton<DiskCardGame.LifeManager>.FindInstance
[Warning: Singleton] Got null in Singleton<DiskCardGame.TurnManager>.FindInstance
[Warning: Singleton] Got null in Singleton<DiskCardGame.LifeManager>.FindInstance
[Warning: Singleton] Got null in Singleton<DiskCardGame.TurnManager>.FindInstance
[Warning: Singleton] Got null in Singleton<DiskCardGame.LifeManager>.FindInstance
[Warning: Singleton] Got null in Singleton<DiskCardGame.TurnManager>.FindInstance
[Warning: Singleton] Got null in Singleton<DiskCardGame.LifeManager>.FindInstance
[Warning: Singleton] Got null in Singleton<DiskCardGame.TurnManager>.FindInstance
[Warning: Singleton] Got null in Singleton<DiskCardGame.LifeManager>.FindInstance
[Warning: Singleton] Got null in Singleton<DiskCardGame.TurnManager>.FindInstance
[Warning: Singleton] Got null in Singleton<DiskCardGame.LifeManager>.FindInstance
[Warning: Singleton] Got null in Singleton<DiskCardGame.TurnManager>.FindInstance
[Warning: Singleton] Got null in Singleton<DiskCardGame.LifeManager>.FindInstance
[Warning: Singleton] Got null in Singleton<DiskCardGame.TurnManager>.FindInstance
[Warning: Singleton] Got null in Singleton<DiskCardGame.LifeManager>.FindInstance
[Warning: Singleton] Got null in Singleton<DiskCardGame.TurnManager>.FindInstance
[Warning: Singleton] Got null in Singleton<DiskCardGame.LifeManager>.FindInstance
[Warning: Singleton] Got null in Singleton<DiskCardGame.TurnManager>.FindInstance
[Warning: Singleton] Got null in Singleton<DiskCardGame.LifeManager>.FindInstance
[Warning: Singleton] Got null in Singleton<DiskCardGame.TurnManager>.FindInstance
[Warning: Singleton] Got null in Singleton<DiskCardGame.LifeManager>.FindInstance
[Warning: Singleton] Got null in Singleton<DiskCardGame.TurnManager>.FindInstance
[Warning: Singleton] Got null in Singleton<DiskCardGame.LifeManager>.FindInstance
[Warning: Singleton] Got null in Singleton<DiskCardGame.TurnManager>.FindInstance
[Warning: Singleton] Got null in Singleton<DiskCardGame.LifeManager>.FindInstance
[Warning: Singleton] Got null in Singleton<DiskCardGame.TurnManager>.FindInstance
[Warning: Singleton] Got null in Singleton<DiskCardGame.LifeManager>.FindInstance
[Warning: Singleton] Got null in Singleton<DiskCardGame.TurnManager>.FindInstance
[Warning: Singleton] Got null in Singleton<DiskCardGame.LifeManager>.FindInstance
[Warning: Singleton] Got null in Singleton<DiskCardGame.TurnManager>.FindInstance
[Warning: Singleton] Got null in Singleton<DiskCardGame.LifeManager>.FindInstance
[Warning: Singleton] Got null in Singleton<DiskCardGame.TurnManager>.FindInstance
[Warning: Singleton] Got null in Singleton<DiskCardGame.LifeManager>.FindInstance
[Warning: Singleton] Got null in Singleton<DiskCardGame.TurnManager>.FindInstance
[Warning: Singleton] Got null in Singleton<DiskCardGame.LifeManager>.FindInstance
[Warning: Singleton] Got null in Singleton<DiskCardGame.TurnManager>.FindInstance
[Warning: Singleton] Got null in Singleton<DiskCardGame.LifeManager>.FindInstance
[Warning: Singleton] Got null in Singleton<DiskCardGame.TurnManager>.FindInstance
[Warning: Singleton] Got null in Singleton<DiskCardGame.LifeManager>.FindInstance
[Warning: Singleton] Got null in Singleton<DiskCardGame.TurnManager>.FindInstance
[Warning: Singleton] Got null in Singleton<DiskCardGame.LifeManager>.FindInstance
[Warning: Singleton] Got null in Singleton<DiskCardGame.TurnManager>.FindInstance
[Warning: Singleton] Got null in Singleton<DiskCardGame.LifeManager>.FindInstance
[Warning: Singleton] Got null in Singleton<DiskCardGame.TurnManager>.FindInstance
[Warning: Singleton] Got null in Singleton<DiskCardGame.LifeManager>.FindInstance
[Warning: Singleton] Got null in Singleton<DiskCardGame.TurnManager>.FindInstance
[Warning: Singleton] Got null in Singleton<DiskCardGame.LifeManager>.FindInstance
[Warning: Singleton] Got null in Singleton<DiskCardGame.TurnManager>.FindInstance
[Warning: Singleton] Got null in Singleton<DiskCardGame.LifeManager>.FindInstance
[Warning: Singleton] Got null in Singleton<DiskCardGame.TurnManager>.FindInstance
[Warning: Singleton] Got null in Singleton<DiskCardGame.LifeManager>.FindInstance
[Warning: Singleton] Got null in Singleton<DiskCardGame.TurnManager>.FindInstance
[Warning: Singleton] Got null in Singleton<DiskCardGame.LifeManager>.FindInstance
[Warning: Singleton] Got null in Singleton<DiskCardGame.TurnManager>.FindInstance
[Warning: Singleton] Got null in Singleton<DiskCardGame.LifeManager>.FindInstance
[Warning: Singleton] Got null in Singleton<DiskCardGame.TurnManager>.FindInstance
[Warning: Singleton] Got null in Singleton<DiskCardGame.LifeManager>.FindInstance
[Warning: Singleton] Got null in Singleton<DiskCardGame.TurnManager>.FindInstance
[Warning: Singleton] Got null in Singleton<DiskCardGame.LifeManager>.FindInstance
[Warning: Singleton] Got null in Singleton<DiskCardGame.TurnManager>.FindInstance
[Warning: Singleton] Got null in Singleton<DiskCardGame.LifeManager>.FindInstance
[Warning: Singleton] Got null in Singleton<DiskCardGame.TurnManager>.FindInstance
[Warning: Singleton] Got null in Singleton<DiskCardGame.LifeManager>.FindInstance
[Warning: Singleton] Got null in Singleton<DiskCardGame.TurnManager>.FindInstance
[Warning: Singleton] Got null in Singleton<DiskCardGame.LifeManager>.FindInstance
[Warning: Singleton] Got null in Singleton<DiskCardGame.TurnManager>.FindInstance
[Warning: Singleton] Got null in Singleton<DiskCardGame.LifeManager>.FindInstance
[Warning: Singleton] Got null in Singleton<DiskCardGame.TurnManager>.FindInstance
[Warning: Singleton] Got null in Singleton<DiskCardGame.LifeManager>.FindInstance
[Warning: Singleton] Got null in Singleton<DiskCardGame.TurnManager>.FindInstance
[Warning: Singleton] Got null in Singleton<DiskCardGame.LifeManager>.FindInstance
[Warning: Singleton] Got null in Singleton<DiskCardGame.TurnManager>.FindInstance
[Warning: Singleton] Got null in Singleton<DiskCardGame.LifeManager>.FindInstance
[Warning: Singleton] Got null in Singleton<DiskCardGame.TurnManager>.FindInstance
[Warning: Singleton] Got null in Singleton<DiskCardGame.LifeManager>.FindInstance
[Warning: Singleton] Got null in Singleton<DiskCardGame.TurnManager>.FindInstance
[Warning: Singleton] Got null in Singleton<DiskCardGame.LifeManager>.FindInstance
[Warning: Singleton] Got null in Singleton<DiskCardGame.TurnManager>.FindInstance
[Warning: Singleton] Got null in Singleton<DiskCardGame.LifeManager>.FindInstance
[Warning: Singleton] Got null in Singleton<DiskCardGame.TurnManager>.FindInstance
[Warning: Singleton] Got null in Singleton<DiskCardGame.LifeManager>.FindInstance
[Warning: Singleton] Got null in Singleton<DiskCardGame.TurnManager>.FindInstance
[Warning: Singleton] Got null in Singleton<DiskCardGame.LifeManager>.FindInstance
[Warning: Singleton] Got null in Singleton<DiskCardGame.TurnManager>.FindInstance
[Warning: Singleton] Got null in Singleton<DiskCardGame.LifeManager>.FindInstance
[Warning: Singleton] Got null in Singleton<DiskCardGame.TurnManager>.FindInstance
[Warning: Singleton] Got null in Singleton<DiskCardGame.LifeManager>.FindInstance
[Warning: Singleton] Got null in Singleton<DiskCardGame.TurnManager>.FindInstance
[Warning: Singleton] Got null in Singleton<DiskCardGame.LifeManager>.FindInstance
[Warning: Singleton] Got null in Singleton<DiskCardGame.TurnManager>.FindInstance
[Warning: Singleton] Got null in Singleton<DiskCardGame.LifeManager>.FindInstance
[Warning: Singleton] Got null in Singleton<DiskCardGame.TurnManager>.FindInstance
[Warning: Singleton] Got null in Singleton<DiskCardGame.LifeManager>.FindInstance
[Warning: Singleton] Got null in Singleton<DiskCardGame.TurnManager>.FindInstance
[Warning: Singleton] Got null in Singleton<DiskCardGame.LifeManager>.FindInstance
[Warning: Singleton] Got null in Singleton<DiskCardGame.TurnManager>.FindInstance
[Warning: Singleton] Got null in Singleton<DiskCardGame.LifeManager>.FindInstance
[Warning: Singleton] Got null in Singleton<DiskCardGame.TurnManager>.FindInstance
[Warning: Singleton] Got null in Singleton<DiskCardGame.LifeManager>.FindInstance
[Warning: Singleton] Got null in Singleton<DiskCardGame.TurnManager>.FindInstance
[Warning: Singleton] Got null in Singleton<DiskCardGame.LifeManager>.FindInstance
[Warning: Singleton] Got null in Singleton<DiskCardGame.TurnManager>.FindInstance
[Warning: Singleton] Got null in Singleton<DiskCardGame.LifeManager>.FindInstance
[Warning: Singleton] Got null in Singleton<DiskCardGame.TurnManager>.FindInstance
[Warning: Singleton] Got null in Singleton<DiskCardGame.LifeManager>.FindInstance
[Warning: Singleton] Got null in Singleton<DiskCardGame.TurnManager>.FindInstance
[Warning: Singleton] Got null in Singleton<DiskCardGame.LifeManager>.FindInstance
[Warning: Singleton] Got null in Singleton<DiskCardGame.TurnManager>.FindInstance
[Warning: Singleton] Got null in Singleton<DiskCardGame.LifeManager>.FindInstance
[Warning: Singleton] Got null in Singleton<DiskCardGame.TurnManager>.FindInstance
[Warning: Singleton] Got null in Singleton<DiskCardGame.LifeManager>.FindInstance
[Warning: Singleton] Got null in Singleton<DiskCardGame.TurnManager>.FindInstance
[Warning: Singleton] Got null in Singleton<DiskCardGame.LifeManager>.FindInstance
[Warning: Singleton] Got null in Singleton<DiskCardGame.TurnManager>.FindInstance
[Warning: Singleton] Got null in Singleton<DiskCardGame.LifeManager>.FindInstance
[Warning: Singleton] Got null in Singleton<DiskCardGame.TurnManager>.FindInstance
[Warning: Singleton] Got null in Singleton<DiskCardGame.LifeManager>.FindInstance
[Warning: Singleton] Got null in Singleton<DiskCardGame.TurnManager>.FindInstance
[Warning: Singleton] Got null in Singleton<DiskCardGame.LifeManager>.FindInstance
[Warning: Singleton] Got null in Singleton<DiskCardGame.TurnManager>.FindInstance
[Warning: Singleton] Got null in Singleton<DiskCardGame.LifeManager>.FindInstance
[Warning: Singleton] Got null in Singleton<DiskCardGame.TurnManager>.FindInstance
[Warning: Singleton] Got null in Singleton<DiskCardGame.LifeManager>.FindInstance
[Warning: Singleton] Got null in Singleton<DiskCardGame.TurnManager>.FindInstance
[Warning: Singleton] Got null in Singleton<DiskCardGame.LifeManager>.FindInstance
[Warning: Singleton] Got null in Singleton<DiskCardGame.TurnManager>.FindInstance
[Warning: Singleton] Got null in Singleton<DiskCardGame.LifeManager>.FindInstance
[Warning: Singleton] Got null in Singleton<DiskCardGame.TurnManager>.FindInstance
[Warning: Singleton] Got null in Singleton<DiskCardGame.LifeManager>.FindInstance
[Warning: Singleton] Got null in Singleton<DiskCardGame.TurnManager>.FindInstance
[Warning: Singleton] Got null in Singleton<DiskCardGame.LifeManager>.FindInstance
[Warning: Singleton] Got null in Singleton<DiskCardGame.TurnManager>.FindInstance
[Warning: Singleton] Got null in Singleton<DiskCardGame.LifeManager>.FindInstance
[Warning: Singleton] Got null in Singleton<DiskCardGame.TurnManager>.FindInstance
[Warning: Singleton] Got null in Singleton<DiskCardGame.LifeManager>.FindInstance
[Warning: Singleton] Got null in Singleton<DiskCardGame.TurnManager>.FindInstance
[Warning: Singleton] Got null in Singleton<DiskCardGame.LifeManager>.FindInstance
[Warning: Singleton] Got null in Singleton<DiskCardGame.TurnManager>.FindInstance
[Warning: Singleton] Got null in Singleton<DiskCardGame.LifeManager>.FindInstance
[Warning: Singleton] Got null in Singleton<DiskCardGame.TurnManager>.FindInstance
[Warning: Singleton] Got null in Singleton<DiskCardGame.LifeManager>.FindInstance
[Warning: Singleton] Got null in Singleton<DiskCardGame.TurnManager>.FindInstance
[Warning: Singleton] Got null in Singleton<DiskCardGame.LifeManager>.FindInstance
[Warning: Singleton] Got null in Singleton<DiskCardGame.TurnManager>.FindInstance
[Warning: Singleton] Got null in Singleton<DiskCardGame.LifeManager>.FindInstance
[Warning: Singleton] Got null in Singleton<DiskCardGame.TurnManager>.FindInstance
[Warning: Singleton] Got null in Singleton<DiskCardGame.LifeManager>.FindInstance
[Warning: Singleton] Got null in Singleton<DiskCardGame.TurnManager>.FindInstance
[Warning: Singleton] Got null in Singleton<DiskCardGame.LifeManager>.FindInstance
[Warning: Singleton] Got null in Singleton<DiskCardGame.TurnManager>.FindInstance
[Warning: Singleton] Got null in Singleton<DiskCardGame.LifeManager>.FindInstance
[Warning: Singleton] Got null in Singleton<DiskCardGame.TurnManager>.FindInstance
[Warning: Singleton] Got null in Singleton<DiskCardGame.LifeManager>.FindInstance
[Warning: Singleton] Got null in Singleton<DiskCardGame.TurnManager>.FindInstance
[Warning: Singleton] Got null in Singleton<DiskCardGame.LifeManager>.FindInstance
[Warning: Singleton] Got null in Singleton<DiskCardGame.TurnManager>.FindInstance
[Warning: Singleton] Got null in Singleton<DiskCardGame.LifeManager>.FindInstance
[Warning: Singleton] Got null in Singleton<DiskCardGame.TurnManager>.FindInstance
[Warning: Singleton] Got null in Singleton<DiskCardGame.LifeManager>.FindInstance
[Warning: Singleton] Got null in Singleton<DiskCardGame.TurnManager>.FindInstance
[Warning: Singleton] Got null in Singleton<DiskCardGame.LifeManager>.FindInstance
[Warning: Singleton] Got null in Singleton<DiskCardGame.TurnManager>.FindInstance
[Warning: Singleton] Got null in Singleton<DiskCardGame.LifeManager>.FindInstance
[Warning: Singleton] Got null in Singleton<DiskCardGame.TurnManager>.FindInstance
[Warning: Singleton] Got null in Singleton<DiskCardGame.LifeManager>.FindInstance
[Warning: Singleton] Got null in Singleton<DiskCardGame.TurnManager>.FindInstance
[Warning: Singleton] Got null in Singleton<DiskCardGame.LifeManager>.FindInstance
[Warning: Singleton] Got null in Singleton<DiskCardGame.TurnManager>.FindInstance
[Warning: Singleton] Got null in Singleton<DiskCardGame.LifeManager>.FindInstance
[Warning: Singleton] Got null in Singleton<DiskCardGame.TurnManager>.FindInstance
[Warning: Singleton] Got null in Singleton<DiskCardGame.LifeManager>.FindInstance
[Warning: Singleton] Got null in Singleton<DiskCardGame.TurnManager>.FindInstance
[Warning: Singleton] Got null in Singleton<DiskCardGame.LifeManager>.FindInstance
[Warning: Singleton] Got null in Singleton<DiskCardGame.TurnManager>.FindInstance
[Warning: Singleton] Got null in Singleton<DiskCardGame.LifeManager>.FindInstance
[Warning: Singleton] Got null in Singleton<DiskCardGame.TurnManager>.FindInstance
[Warning: Singleton] Got null in Singleton<DiskCardGame.LifeManager>.FindInstance
[Warning: Singleton] Got null in Singleton<DiskCardGame.TurnManager>.FindInstance
[Warning: Singleton] Got null in Singleton<DiskCardGame.LifeManager>.FindInstance
[Warning: Singleton] Got null in Singleton<DiskCardGame.TurnManager>.FindInstance
[Warning: Singleton] Got null in Singleton<DiskCardGame.LifeManager>.FindInstance
[Warning: Singleton] Got null in Singleton<DiskCardGame.TurnManager>.FindInstance
[Warning: Singleton] Got null in Singleton<DiskCardGame.LifeManager>.FindInstance
[Warning: Singleton] Got null in Singleton<DiskCardGame.TurnManager>.FindInstance
[Warning: Singleton] Got null in Singleton<DiskCardGame.LifeManager>.FindInstance
[Warning: Singleton] Got null in Singleton<DiskCardGame.TurnManager>.FindInstance
[Warning: Singleton] Got null in Singleton<DiskCardGame.LifeManager>.FindInstance
[Warning: Singleton] Got null in Singleton<DiskCardGame.TurnManager>.FindInstance
[Warning: Singleton] Got null in Singleton<DiskCardGame.LifeManager>.FindInstance
[Warning: Singleton] Got null in Singleton<DiskCardGame.TurnManager>.FindInstance
[Warning: Singleton] Got null in Singleton<DiskCardGame.LifeManager>.FindInstance
[Warning: Singleton] Got null in Singleton<DiskCardGame.TurnManager>.FindInstance
[Warning: Singleton] Got null in Singleton<DiskCardGame.LifeManager>.FindInstance
[Warning: Singleton] Got null in Singleton<DiskCardGame.TurnManager>.FindInstance
[Warning: Singleton] Got null in Singleton<DiskCardGame.LifeManager>.FindInstance
[Warning: Singleton] Got null in Singleton<DiskCardGame.TurnManager>.FindInstance
[Warning: Singleton] Got null in Singleton<DiskCardGame.LifeManager>.FindInstance
[Warning: Singleton] Got null in Singleton<DiskCardGame.TurnManager>.FindInstance
[Warning: Singleton] Got null in Singleton<DiskCardGame.LifeManager>.FindInstance
[Warning: Singleton] Got null in Singleton<DiskCardGame.TurnManager>.FindInstance
[Warning: Singleton] Got null in Singleton<DiskCardGame.LifeManager>.FindInstance
[Warning: Singleton] Got null in Singleton<DiskCardGame.TurnManager>.FindInstance
[Warning: Singleton] Got null in Singleton<DiskCardGame.LifeManager>.FindInstance
[Warning: Singleton] Got null in Singleton<DiskCardGame.TurnManager>.FindInstance
[Warning: Singleton] Got null in Singleton<DiskCardGame.LifeManager>.FindInstance
[Warning: Singleton] Got null in Singleton<DiskCardGame.TurnManager>.FindInstance
[Warning: Singleton] Got null in Singleton<DiskCardGame.LifeManager>.FindInstance
[Warning: Singleton] Got null in Singleton<DiskCardGame.TurnManager>.FindInstance
[Warning: Singleton] Got null in Singleton<DiskCardGame.LifeManager>.FindInstance
[Warning: Singleton] Got null in Singleton<DiskCardGame.TurnManager>.FindInstance
[Warning: Singleton] Got null in Singleton<DiskCardGame.LifeManager>.FindInstance
[Warning: Singleton] Got null in Singleton<DiskCardGame.TurnManager>.FindInstance
[Warning: Singleton] Got null in Singleton<DiskCardGame.LifeManager>.FindInstance
[Warning: Singleton] Got null in Singleton<DiskCardGame.TurnManager>.FindInstance
[Warning: Singleton] Got null in Singleton<DiskCardGame.LifeManager>.FindInstance
[Warning: Singleton] Got null in Singleton<DiskCardGame.TurnManager>.FindInstance
[Warning: Singleton] Got null in Singleton<DiskCardGame.LifeManager>.FindInstance
[Warning: Singleton] Got null in Singleton<DiskCardGame.TurnManager>.FindInstance
[Warning: Singleton] Got null in Singleton<DiskCardGame.LifeManager>.FindInstance
[Warning: Singleton] Got null in Singleton<DiskCardGame.TurnManager>.FindInstance
[Warning: Singleton] Got null in Singleton<DiskCardGame.LifeManager>.FindInstance
[Warning: Singleton] Got null in Singleton<DiskCardGame.TurnManager>.FindInstance
[Warning: Singleton] Got null in Singleton<DiskCardGame.LifeManager>.FindInstance
[Warning: Singleton] Got null in Singleton<DiskCardGame.TurnManager>.FindInstance
[Warning: Singleton] Got null in Singleton<DiskCardGame.LifeManager>.FindInstance
[Warning: Singleton] Got null in Singleton<DiskCardGame.TurnManager>.FindInstance
[Warning: Singleton] Got null in Singleton<DiskCardGame.LifeManager>.FindInstance
[Warning: Singleton] Got null in Singleton<DiskCardGame.TurnManager>.FindInstance
[Warning: Singleton] Got null in Singleton<DiskCardGame.LifeManager>.FindInstance
[Warning: Singleton] Got null in Singleton<DiskCardGame.TurnManager>.FindInstance
[Warning: Singleton] Got null in Singleton<DiskCardGame.LifeManager>.FindInstance
[Warning: Singleton] Got null in Singleton<DiskCardGame.TurnManager>.FindInstance
[Warning: Singleton] Got null in Singleton<DiskCardGame.LifeManager>.FindInstance
[Warning: Singleton] Got null in Singleton<DiskCardGame.TurnManager>.FindInstance
[Warning: Singleton] Got null in Singleton<DiskCardGame.LifeManager>.FindInstance
[Warning: Singleton] Got null in Singleton<DiskCardGame.TurnManager>.FindInstance
[Warning: Singleton] Got null in Singleton<DiskCardGame.LifeManager>.FindInstance
[Warning: Singleton] Got null in Singleton<DiskCardGame.TurnManager>.FindInstance
[Warning: Singleton] Got null in Singleton<DiskCardGame.LifeManager>.FindInstance
[Warning: Singleton] Got null in Singleton<DiskCardGame.TurnManager>.FindInstance
[Warning: Singleton] Got null in Singleton<DiskCardGame.LifeManager>.FindInstance
[Warning: Singleton] Got null in Singleton<DiskCardGame.TurnManager>.FindInstance
[Warning: Singleton] Got null in Singleton<DiskCardGame.LifeManager>.FindInstance
[Warning: Singleton] Got null in Singleton<DiskCardGame.TurnManager>.FindInstance
[Warning: Singleton] Got null in Singleton<DiskCardGame.LifeManager>.FindInstance
[Warning: Singleton] Got null in Singleton<DiskCardGame.TurnManager>.FindInstance
[Warning: Singleton] Got null in Singleton<DiskCardGame.LifeManager>.FindInstance
[Warning: Singleton] Got null in Singleton<DiskCardGame.TurnManager>.FindInstance
[Warning: Singleton] Got null in Singleton<DiskCardGame.LifeManager>.FindInstance
[Warning: Singleton] Got null in Singleton<DiskCardGame.TurnManager>.FindInstance
[Warning: Singleton] Got null in Singleton<DiskCardGame.LifeManager>.FindInstance
[Warning: Singleton] Got null in Singleton<DiskCardGame.TurnManager>.FindInstance
[Warning: Singleton] Got null in Singleton<DiskCardGame.LifeManager>.FindInstance
[Warning: Singleton] Got null in Singleton<DiskCardGame.TurnManager>.FindInstance
[Warning: Singleton] Got null in Singleton<DiskCardGame.LifeManager>.FindInstance
[Warning: Singleton] Got null in Singleton<DiskCardGame.TurnManager>.FindInstance
[Warning: Singleton] Got null in Singleton<DiskCardGame.LifeManager>.FindInstance
[Warning: Singleton] Got null in Singleton<DiskCardGame.TurnManager>.FindInstance
[Warning: Singleton] Got null in Singleton<DiskCardGame.LifeManager>.FindInstance
[Warning: Singleton] Got null in Singleton<DiskCardGame.TurnManager>.FindInstance
[Warning: Singleton] Got null in Singleton<DiskCardGame.LifeManager>.FindInstance
[Warning: Singleton] Got null in Singleton<DiskCardGame.TurnManager>.FindInstance
[Warning: Singleton] Got null in Singleton<DiskCardGame.LifeManager>.FindInstance
[Warning: Singleton] Got null in Singleton<DiskCardGame.TurnManager>.FindInstance
[Warning: Singleton] Got null in Singleton<DiskCardGame.LifeManager>.FindInstance
[Warning: Singleton] Got null in Singleton<DiskCardGame.TurnManager>.FindInstance
[Warning: Singleton] Got null in Singleton<DiskCardGame.LifeManager>.FindInstance
[Warning: Singleton] Got null in Singleton<DiskCardGame.TurnManager>.FindInstance
[Warning: Singleton] Got null in Singleton<DiskCardGame.LifeManager>.FindInstance
[Warning: Singleton] Got null in Singleton<DiskCardGame.TurnManager>.FindInstance
[Warning: Singleton] Got null in Singleton<DiskCardGame.LifeManager>.FindInstance
[Warning: Singleton] Got null in Singleton<DiskCardGame.TurnManager>.FindInstance
[Warning: Singleton] Got null in Singleton<DiskCardGame.LifeManager>.FindInstance
[Warning: Singleton] Got null in Singleton<DiskCardGame.TurnManager>.FindInstance
[Warning: Singleton] Got null in Singleton<DiskCardGame.LifeManager>.FindInstance
[Warning: Singleton] Got null in Singleton<DiskCardGame.TurnManager>.FindInstance
[Warning: Singleton] Got null in Singleton<DiskCardGame.LifeManager>.FindInstance
[Warning: Singleton] Got null in Singleton<DiskCardGame.TurnManager>.FindInstance
[Warning: Singleton] Got null in Singleton<DiskCardGame.LifeManager>.FindInstance
[Warning: Singleton] Got null in Singleton<DiskCardGame.TurnManager>.FindInstance
[Warning: Singleton] Got null in Singleton<DiskCardGame.LifeManager>.FindInstance
[Warning: Singleton] Got null in Singleton<DiskCardGame.TurnManager>.FindInstance
[Warning: Singleton] Got null in Singleton<DiskCardGame.LifeManager>.FindInstance
[Warning: Singleton] Got null in Singleton<DiskCardGame.TurnManager>.FindInstance
[Warning: Singleton] Got null in Singleton<DiskCardGame.LifeManager>.FindInstance
[Warning: Singleton] Got null in Singleton<DiskCardGame.TurnManager>.FindInstance
[Warning: Singleton] Got null in Singleton<DiskCardGame.LifeManager>.FindInstance
[Warning: Singleton] Got null in Singleton<DiskCardGame.TurnManager>.FindInstance
[Warning: Singleton] Got null in Singleton<DiskCardGame.LifeManager>.FindInstance
[Warning: Singleton] Got null in Singleton<DiskCardGame.TurnManager>.FindInstance
[Warning: Singleton] Got null in Singleton<DiskCardGame.LifeManager>.FindInstance
[Warning: Singleton] Got null in Singleton<DiskCardGame.TurnManager>.FindInstance
[Warning: Singleton] Got null in Singleton<DiskCardGame.LifeManager>.FindInstance
[Warning: Singleton] Got null in Singleton<DiskCardGame.TurnManager>.FindInstance
[Warning: Singleton] Got null in Singleton<DiskCardGame.LifeManager>.FindInstance
[Warning: Singleton] Got null in Singleton<DiskCardGame.TurnManager>.FindInstance
[Warning: Singleton] Got null in Singleton<DiskCardGame.LifeManager>.FindInstance
[Warning: Singleton] Got null in Singleton<DiskCardGame.TurnManager>.FindInstance
[Warning: Singleton] Got null in Singleton<DiskCardGame.LifeManager>.FindInstance
[Warning: Singleton] Got null in Singleton<DiskCardGame.TurnManager>.FindInstance
[Warning: Singleton] Got null in Singleton<DiskCardGame.LifeManager>.FindInstance
[Warning: Singleton] Got null in Singleton<DiskCardGame.TurnManager>.FindInstance
[Warning: Singleton] Got null in Singleton<DiskCardGame.LifeManager>.FindInstance
[Warning: Singleton] Got null in Singleton<DiskCardGame.TurnManager>.FindInstance
[Warning: Singleton] Got null in Singleton<DiskCardGame.LifeManager>.FindInstance
[Warning: Singleton] Got null in Singleton<DiskCardGame.TurnManager>.FindInstance
[Warning: Singleton] Got null in Singleton<DiskCardGame.LifeManager>.FindInstance
[Warning: Singleton] Got null in Singleton<DiskCardGame.TurnManager>.FindInstance
[Warning: Singleton] Got null in Singleton<DiskCardGame.LifeManager>.FindInstance
[Warning: Singleton] Got null in Singleton<DiskCardGame.TurnManager>.FindInstance
[Warning: Singleton] Got null in Singleton<DiskCardGame.LifeManager>.FindInstance
[Warning: Singleton] Got null in Singleton<DiskCardGame.TurnManager>.FindInstance
[Warning: Singleton] Got null in Singleton<DiskCardGame.LifeManager>.FindInstance
[Warning: Singleton] Got null in Singleton<DiskCardGame.TurnManager>.FindInstance
[Warning: Singleton] Got null in Singleton<DiskCardGame.LifeManager>.FindInstance
[Warning: Singleton] Got null in Singleton<DiskCardGame.TurnManager>.FindInstance
[Warning: Singleton] Got null in Singleton<DiskCardGame.LifeManager>.FindInstance
[Warning: Singleton] Got null in Singleton<DiskCardGame.TurnManager>.FindInstance
[Warning: Singleton] Got null in Singleton<DiskCardGame.LifeManager>.FindInstance
[Warning: Singleton] Got null in Singleton<DiskCardGame.TurnManager>.FindInstance
[Warning: Singleton] Got null in Singleton<DiskCardGame.LifeManager>.FindInstance
[Warning: Singleton] Got null in Singleton<DiskCardGame.TurnManager>.FindInstance
[Warning: Singleton] Got null in Singleton<DiskCardGame.LifeManager>.FindInstance
[Warning: Singleton] Got null in Singleton<DiskCardGame.TurnManager>.FindInstance
[Warning: Singleton] Got null in Singleton<DiskCardGame.LifeManager>.FindInstance
[Warning: Singleton] Got null in Singleton<DiskCardGame.TurnManager>.FindInstance
[Warning: Singleton] Got null in Singleton<DiskCardGame.LifeManager>.FindInstance
[Warning: Singleton] Got null in Singleton<DiskCardGame.TurnManager>.FindInstance
[Warning: Singleton] Got null in Singleton<DiskCardGame.LifeManager>.FindInstance
[Warning: Singleton] Got null in Singleton<DiskCardGame.TurnManager>.FindInstance
[Warning: Singleton] Got null in Singleton<DiskCardGame.LifeManager>.FindInstance
[Warning: Singleton] Got null in Singleton<DiskCardGame.TurnManager>.FindInstance
[Warning: Singleton] Got null in Singleton<DiskCardGame.LifeManager>.FindInstance
[Warning: Singleton] Got null in Singleton<DiskCardGame.TurnManager>.FindInstance
[Warning: Singleton] Got null in Singleton<DiskCardGame.LifeManager>.FindInstance
[Warning: Singleton] Got null in Singleton<DiskCardGame.TurnManager>.FindInstance
[Warning: Singleton] Got null in Singleton<DiskCardGame.LifeManager>.FindInstance
[Warning: Singleton] Got null in Singleton<DiskCardGame.TurnManager>.FindInstance
[Warning: Singleton] Got null in Singleton<DiskCardGame.LifeManager>.FindInstance
[Warning: Singleton] Got null in Singleton<DiskCardGame.TurnManager>.FindInstance
[Warning: Singleton] Got null in Singleton<DiskCardGame.LifeManager>.FindInstance
[Warning: Singleton] Got null in Singleton<DiskCardGame.TurnManager>.FindInstance
[Warning: Singleton] Got null in Singleton<DiskCardGame.LifeManager>.FindInstance
[Warning: Singleton] Got null in Singleton<DiskCardGame.TurnManager>.FindInstance
[Warning: Singleton] Got null in Singleton<DiskCardGame.LifeManager>.FindInstance
[Warning: Singleton] Got null in Singleton<DiskCardGame.TurnManager>.FindInstance
[Warning: Singleton] Got null in Singleton<DiskCardGame.LifeManager>.FindInstance
[Warning: Singleton] Got null in Singleton<DiskCardGame.TurnManager>.FindInstance
[Warning: Singleton] Got null in Singleton<DiskCardGame.LifeManager>.FindInstance
[Warning: Singleton] Got null in Singleton<DiskCardGame.TurnManager>.FindInstance
[Warning: Singleton] Got null in Singleton<DiskCardGame.LifeManager>.FindInstance
[Warning: Singleton] Got null in Singleton<DiskCardGame.TurnManager>.FindInstance
[Warning: Singleton] Got null in Singleton<DiskCardGame.LifeManager>.FindInstance
[Warning: Singleton] Got null in Singleton<DiskCardGame.TurnManager>.FindInstance
[Warning: Singleton] Got null in Singleton<DiskCardGame.LifeManager>.FindInstance
[Warning: Singleton] Got null in Singleton<DiskCardGame.TurnManager>.FindInstance
[Warning: Singleton] Got null in Singleton<DiskCardGame.LifeManager>.FindInstance
[Warning: Singleton] Got null in Singleton<DiskCardGame.TurnManager>.FindInstance
[Warning: Singleton] Got null in Singleton<DiskCardGame.LifeManager>.FindInstance
[Warning: Singleton] Got null in Singleton<DiskCardGame.TurnManager>.FindInstance
[Warning: Singleton] Got null in Singleton<DiskCardGame.LifeManager>.FindInstance
[Warning: Singleton] Got null in Singleton<DiskCardGame.TurnManager>.FindInstance
[Warning: Singleton] Got null in Singleton<DiskCardGame.LifeManager>.FindInstance
[Warning: Singleton] Got null in Singleton<DiskCardGame.TurnManager>.FindInstance
[Warning: Singleton] Got null in Singleton<DiskCardGame.LifeManager>.FindInstance
[Warning: Singleton] Got null in Singleton<DiskCardGame.TurnManager>.FindInstance
[Warning: Singleton] Got null in Singleton<DiskCardGame.LifeManager>.FindInstance
[Warning: Singleton] Got null in Singleton<DiskCardGame.TurnManager>.FindInstance
[Warning: Singleton] Got null in Singleton<DiskCardGame.LifeManager>.FindInstance
[Warning: Singleton] Got null in Singleton<DiskCardGame.TurnManager>.FindInstance
[Warning: Singleton] Got null in Singleton<DiskCardGame.LifeManager>.FindInstance
[Warning: Singleton] Got null in Singleton<DiskCardGame.TurnManager>.FindInstance
[Warning: Singleton] Got null in Singleton<DiskCardGame.LifeManager>.FindInstance
[Warning: Singleton] Got null in Singleton<DiskCardGame.TurnManager>.FindInstance
[Warning: Singleton] Got null in Singleton<DiskCardGame.LifeManager>.FindInstance
[Warning: Singleton] Got null in Singleton<DiskCardGame.TurnManager>.FindInstance
[Warning: Singleton] Got null in Singleton<DiskCardGame.LifeManager>.FindInstance
[Warning: Singleton] Got null in Singleton<DiskCardGame.TurnManager>.FindInstance
[Warning: Singleton] Got null in Singleton<DiskCardGame.LifeManager>.FindInstance
[Warning: Singleton] Got null in Singleton<DiskCardGame.TurnManager>.FindInstance
[Warning: Singleton] Got null in Singleton<DiskCardGame.LifeManager>.FindInstance
[Warning: Singleton] Got null in Singleton<DiskCardGame.TurnManager>.FindInstance
[Warning: Singleton] Got null in Singleton<DiskCardGame.LifeManager>.FindInstance
[Warning: Singleton] Got null in Singleton<DiskCardGame.TurnManager>.FindInstance
[Warning: Singleton] Got null in Singleton<DiskCardGame.LifeManager>.FindInstance
[Warning: Singleton] Got null in Singleton<DiskCardGame.TurnManager>.FindInstance
[Warning: Singleton] Got null in Singleton<DiskCardGame.LifeManager>.FindInstance
[Warning: Singleton] Got null in Singleton<DiskCardGame.TurnManager>.FindInstance
[Warning: Singleton] Got null in Singleton<DiskCardGame.LifeManager>.FindInstance
[Warning: Singleton] Got null in Singleton<DiskCardGame.TurnManager>.FindInstance
[Warning: Singleton] Got null in Singleton<DiskCardGame.LifeManager>.FindInstance
[Warning: Singleton] Got null in Singleton<DiskCardGame.TurnManager>.FindInstance
[Warning: Singleton] Got null in Singleton<DiskCardGame.LifeManager>.FindInstance
[Warning: Singleton] Got null in Singleton<DiskCardGame.TurnManager>.FindInstance
[Warning: Singleton] Got null in Singleton<DiskCardGame.LifeManager>.FindInstance
[Warning: Singleton] Got null in Singleton<DiskCardGame.TurnManager>.FindInstance
[Warning: Singleton] Got null in Singleton<DiskCardGame.LifeManager>.FindInstance
[Warning: Singleton] Got null in Singleton<DiskCardGame.TurnManager>.FindInstance
[Warning: Singleton] Got null in Singleton<DiskCardGame.LifeManager>.FindInstance
[Warning: Singleton] Got null in Singleton<DiskCardGame.TurnManager>.FindInstance
[Warning: Singleton] Got null in Singleton<DiskCardGame.LifeManager>.FindInstance
[Warning: Singleton] Got null in Singleton<DiskCardGame.TurnManager>.FindInstance
[Warning: Singleton] Got null in Singleton<DiskCardGame.LifeManager>.FindInstance
[Warning: Singleton] Got null in Singleton<DiskCardGame.TurnManager>.FindInstance
[Warning: Singleton] Got null in Singleton<DiskCardGame.LifeManager>.FindInstance
[Warning: Singleton] Got null in Singleton<DiskCardGame.TurnManager>.FindInstance
[Warning: Singleton] Got null in Singleton<DiskCardGame.LifeManager>.FindInstance
[Warning: Singleton] Got null in Singleton<DiskCardGame.TurnManager>.FindInstance
[Warning: Singleton] Got null in Singleton<DiskCardGame.LifeManager>.FindInstance
[Warning: Singleton] Got null in Singleton<DiskCardGame.TurnManager>.FindInstance
[Warning: Singleton] Got null in Singleton<DiskCardGame.LifeManager>.FindInstance
[Warning: Singleton] Got null in Singleton<DiskCardGame.TurnManager>.FindInstance
[Warning: Singleton] Got null in Singleton<DiskCardGame.LifeManager>.FindInstance
[Warning: Singleton] Got null in Singleton<DiskCardGame.TurnManager>.FindInstance
[Warning: Singleton] Got null in Singleton<DiskCardGame.LifeManager>.FindInstance
[Warning: Singleton] Got null in Singleton<DiskCardGame.TurnManager>.FindInstance
[Warning: Singleton] Got null in Singleton<DiskCardGame.LifeManager>.FindInstance
[Warning: Singleton] Got null in Singleton<DiskCardGame.TurnManager>.FindInstance
[Warning: Singleton] Got null in Singleton<DiskCardGame.LifeManager>.FindInstance
[Warning: Singleton] Got null in Singleton<DiskCardGame.TurnManager>.FindInstance
[Warning: Singleton] Got null in Singleton<DiskCardGame.LifeManager>.FindInstance
[Warning: Singleton] Got null in Singleton<DiskCardGame.TurnManager>.FindInstance
[Warning: Singleton] Got null in Singleton<DiskCardGame.LifeManager>.FindInstance
[Warning: Singleton] Got null in Singleton<DiskCardGame.TurnManager>.FindInstance
[Warning: Singleton] Got null in Singleton<DiskCardGame.LifeManager>.FindInstance
[Warning: Singleton] Got null in Singleton<DiskCardGame.TurnManager>.FindInstance
[Warning: Singleton] Got null in Singleton<DiskCardGame.LifeManager>.FindInstance
[Warning: Singleton] Got null in Singleton<DiskCardGame.TurnManager>.FindInstance
[Warning: Singleton] Got null in Singleton<DiskCardGame.LifeManager>.FindInstance
[Warning: Singleton] Got null in Singleton<DiskCardGame.TurnManager>.FindInstance
[Warning: Singleton] Got null in Singleton<DiskCardGame.LifeManager>.FindInstance
[Warning: Singleton] Got null in Singleton<DiskCardGame.TurnManager>.FindInstance
[Warning: Singleton] Got null in Singleton<DiskCardGame.LifeManager>.FindInstance
[Warning: Singleton] Got null in Singleton<DiskCardGame.TurnManager>.FindInstance
[Warning: Singleton] Got null in Singleton<DiskCardGame.LifeManager>.FindInstance
[Warning: Singleton] Got null in Singleton<DiskCardGame.TurnManager>.FindInstance
[Warning: Singleton] Got null in Singleton<DiskCardGame.LifeManager>.FindInstance
[Warning: Singleton] Got null in Singleton<DiskCardGame.TurnManager>.FindInstance
[Warning: Singleton] Got null in Singleton<DiskCardGame.LifeManager>.FindInstance
[Warning: Singleton] Got null in Singleton<DiskCardGame.TurnManager>.FindInstance
[Warning: Singleton] Got null in Singleton<DiskCardGame.LifeManager>.FindInstance
[Warning: Singleton] Got null in Singleton<DiskCardGame.TurnManager>.FindInstance
[Warning: Singleton] Got null in Singleton<DiskCardGame.LifeManager>.FindInstance
[Warning: Singleton] Got null in Singleton<DiskCardGame.TurnManager>.FindInstance
[Warning: Singleton] Got null in Singleton<DiskCardGame.LifeManager>.FindInstance
[Warning: Singleton] Got null in Singleton<DiskCardGame.TurnManager>.FindInstance
[Warning: Singleton] Got null in Singleton<DiskCardGame.LifeManager>.FindInstance
[Warning: Singleton] Got null in Singleton<DiskCardGame.TurnManager>.FindInstance
[Warning: Singleton] Got null in Singleton<DiskCardGame.LifeManager>.FindInstance
[Warning: Singleton] Got null in Singleton<DiskCardGame.TurnManager>.FindInstance
[Warning: Singleton] Got null in Singleton<DiskCardGame.LifeManager>.FindInstance
[Warning: Singleton] Got null in Singleton<DiskCardGame.TurnManager>.FindInstance
[Warning: Singleton] Got null in Singleton<DiskCardGame.LifeManager>.FindInstance
[Warning: Singleton] Got null in Singleton<DiskCardGame.TurnManager>.FindInstance
[Warning: Singleton] Got null in Singleton<DiskCardGame.LifeManager>.FindInstance
[Warning: Singleton] Got null in Singleton<DiskCardGame.TurnManager>.FindInstance
[Warning: Singleton] Got null in Singleton<DiskCardGame.LifeManager>.FindInstance
[Warning: Singleton] Got null in Singleton<DiskCardGame.TurnManager>.FindInstance
[Warning: Singleton] Got null in Singleton<DiskCardGame.LifeManager>.FindInstance
[Warning: Singleton] Got null in Singleton<DiskCardGame.TurnManager>.FindInstance
[Warning: Singleton] Got null in Singleton<DiskCardGame.LifeManager>.FindInstance
[Warning: Singleton] Got null in Singleton<DiskCardGame.TurnManager>.FindInstance
[Warning: Singleton] Got null in Singleton<DiskCardGame.LifeManager>.FindInstance
[Warning: Singleton] Got null in Singleton<DiskCardGame.TurnManager>.FindInstance
[Warning: Singleton] Got null in Singleton<DiskCardGame.LifeManager>.FindInstance
[Warning: Singleton] Got null in Singleton<DiskCardGame.TurnManager>.FindInstance
[Warning: Singleton] Got null in Singleton<DiskCardGame.LifeManager>.FindInstance
[Warning: Singleton] Got null in Singleton<DiskCardGame.TurnManager>.FindInstance
[Warning: Singleton] Got null in Singleton<DiskCardGame.LifeManager>.FindInstance
[Warning: Singleton] Got null in Singleton<DiskCardGame.TurnManager>.FindInstance
[Warning: Singleton] Got null in Singleton<DiskCardGame.LifeManager>.FindInstance
[Warning: Singleton] Got null in Singleton<DiskCardGame.TurnManager>.FindInstance
[Warning: Singleton] Got null in Singleton<DiskCardGame.LifeManager>.FindInstance
[Warning: Singleton] Got null in Singleton<DiskCardGame.TurnManager>.FindInstance
[Warning: Singleton] Got null in Singleton<DiskCardGame.LifeManager>.FindInstance
[Warning: Singleton] Got null in Singleton<DiskCardGame.TurnManager>.FindInstance
[Warning: Singleton] Got null in Singleton<DiskCardGame.LifeManager>.FindInstance
[Warning: Singleton] Got null in Singleton<DiskCardGame.TurnManager>.FindInstance
[Warning: Singleton] Got null in Singleton<DiskCardGame.LifeManager>.FindInstance
[Warning: Singleton] Got null in Singleton<DiskCardGame.TurnManager>.FindInstance
[Warning: Singleton] Got null in Singleton<DiskCardGame.LifeManager>.FindInstance
[Warning: Singleton] Got null in Singleton<DiskCardGame.TurnManager>.FindInstance
[Warning: Singleton] Got null in Singleton<DiskCardGame.LifeManager>.FindInstance
[Warning: Singleton] Got null in Singleton<DiskCardGame.TurnManager>.FindInstance
[Warning: Singleton] Got null in Singleton<DiskCardGame.LifeManager>.FindInstance
[Warning: Singleton] Got null in Singleton<DiskCardGame.TurnManager>.FindInstance
[Warning: Singleton] Got null in Singleton<DiskCardGame.LifeManager>.FindInstance
[Warning: Singleton] Got null in Singleton<DiskCardGame.TurnManager>.FindInstance
[Warning: Singleton] Got null in Singleton<DiskCardGame.LifeManager>.FindInstance
[Warning: Singleton] Got null in Singleton<DiskCardGame.TurnManager>.FindInstance
[Warning: Singleton] Got null in Singleton<DiskCardGame.LifeManager>.FindInstance
[Warning: Singleton] Got null in Singleton<DiskCardGame.TurnManager>.FindInstance
[Warning: Singleton] Got null in Singleton<DiskCardGame.LifeManager>.FindInstance
[Warning: Singleton] Got null in Singleton<DiskCardGame.TurnManager>.FindInstance
[Warning: Singleton] Got null in Singleton<DiskCardGame.LifeManager>.FindInstance
[Warning: Singleton] Got null in Singleton<DiskCardGame.TurnManager>.FindInstance
[Warning: Singleton] Got null in Singleton<DiskCardGame.LifeManager>.FindInstance
[Warning: Singleton] Got null in Singleton<DiskCardGame.TurnManager>.FindInstance
[Warning: Singleton] Got null in Singleton<DiskCardGame.LifeManager>.FindInstance
[Warning: Singleton] Got null in Singleton<DiskCardGame.TurnManager>.FindInstance
[Warning: Singleton] Got null in Singleton<DiskCardGame.LifeManager>.FindInstance
[Warning: Singleton] Got null in Singleton<DiskCardGame.TurnManager>.FindInstance
[Warning: Singleton] Got null in Singleton<DiskCardGame.LifeManager>.FindInstance
[Warning: Singleton] Got null in Singleton<DiskCardGame.TurnManager>.FindInstance
[Warning: Singleton] Got null in Singleton<DiskCardGame.LifeManager>.FindInstance
[Warning: Singleton] Got null in Singleton<DiskCardGame.TurnManager>.FindInstance
[Warning: Singleton] Got null in Singleton<DiskCardGame.LifeManager>.FindInstance
[Warning: Singleton] Got null in Singleton<DiskCardGame.TurnManager>.FindInstance
[Warning: Singleton] Got null in Singleton<DiskCardGame.LifeManager>.FindInstance
[Warning: Singleton] Got null in Singleton<DiskCardGame.TurnManager>.FindInstance
[Warning: Singleton] Got null in Singleton<DiskCardGame.LifeManager>.FindInstance
[Warning: Singleton] Got null in Singleton<DiskCardGame.TurnManager>.FindInstance
[Warning: Singleton] Got null in Singleton<DiskCardGame.LifeManager>.FindInstance
[Warning: Singleton] Got null in Singleton<DiskCardGame.TurnManager>.FindInstance
[Warning: Singleton] Got null in Singleton<DiskCardGame.LifeManager>.FindInstance
[Warning: Singleton] Got null in Singleton<DiskCardGame.TurnManager>.FindInstance
[Warning: Singleton] Got null in Singleton<DiskCardGame.LifeManager>.FindInstance
[Warning: Singleton] Got null in Singleton<DiskCardGame.TurnManager>.FindInstance
[Warning: Singleton] Got null in Singleton<DiskCardGame.LifeManager>.FindInstance
[Warning: Singleton] Got null in Singleton<DiskCardGame.TurnManager>.FindInstance
[Warning: Singleton] Got null in Singleton<DiskCardGame.LifeManager>.FindInstance
[Warning: Singleton] Got null in Singleton<DiskCardGame.TurnManager>.FindInstance
[Warning: Singleton] Got null in Singleton<DiskCardGame.LifeManager>.FindInstance
[Warning: Singleton] Got null in Singleton<DiskCardGame.TurnManager>.FindInstance
[Warning: Singleton] Got null in Singleton<DiskCardGame.LifeManager>.FindInstance
[Warning: Singleton] Got null in Singleton<DiskCardGame.TurnManager>.FindInstance
[Warning: Singleton] Got null in Singleton<DiskCardGame.LifeManager>.FindInstance
[Warning: Singleton] Got null in Singleton<DiskCardGame.TurnManager>.FindInstance
[Warning: Singleton] Got null in Singleton<DiskCardGame.LifeManager>.FindInstance
[Warning: Singleton] Got null in Singleton<DiskCardGame.TurnManager>.FindInstance
[Warning: Singleton] Got null in Singleton<DiskCardGame.LifeManager>.FindInstance
[Warning: Singleton] Got null in Singleton<DiskCardGame.TurnManager>.FindInstance
[Warning: Singleton] Got null in Singleton<DiskCardGame.LifeManager>.FindInstance
[Warning: Singleton] Got null in Singleton<DiskCardGame.TurnManager>.FindInstance
[Warning: Singleton] Got null in Singleton<DiskCardGame.LifeManager>.FindInstance
[Warning: Singleton] Got null in Singleton<DiskCardGame.TurnManager>.FindInstance
[Warning: Singleton] Got null in Singleton<DiskCardGame.LifeManager>.FindInstance
[Warning: Singleton] Got null in Singleton<DiskCardGame.TurnManager>.FindInstance
[Warning: Singleton] Got null in Singleton<DiskCardGame.LifeManager>.FindInstance
[Warning: Singleton] Got null in Singleton<DiskCardGame.TurnManager>.FindInstance
[Warning: Singleton] Got null in Singleton<DiskCardGame.LifeManager>.FindInstance
[Warning: Singleton] Got null in Singleton<DiskCardGame.TurnManager>.FindInstance
[Warning: Singleton] Got null in Singleton<DiskCardGame.LifeManager>.FindInstance
[Warning: Singleton] Got null in Singleton<DiskCardGame.TurnManager>.FindInstance
[Warning: Singleton] Got null in Singleton<DiskCardGame.LifeManager>.FindInstance
[Warning: Singleton] Got null in Singleton<DiskCardGame.TurnManager>.FindInstance
[Warning: Singleton] Got null in Singleton<DiskCardGame.LifeManager>.FindInstance
[Warning: Singleton] Got null in Singleton<DiskCardGame.TurnManager>.FindInstance
[Warning: Singleton] Got null in Singleton<DiskCardGame.LifeManager>.FindInstance
[Warning: Singleton] Got null in Singleton<DiskCardGame.TurnManager>.FindInstance
[Warning: Singleton] Got null in Singleton<DiskCardGame.LifeManager>.FindInstance
[Warning: Singleton] Got null in Singleton<DiskCardGame.TurnManager>.FindInstance
[Warning: Singleton] Got null in Singleton<DiskCardGame.LifeManager>.FindInstance
[Warning: Singleton] Got null in Singleton<DiskCardGame.TurnManager>.FindInstance
[Warning: Singleton] Got null in Singleton<DiskCardGame.LifeManager>.FindInstance
[Warning: Singleton] Got null in Singleton<DiskCardGame.TurnManager>.FindInstance
[Warning: Singleton] Got null in Singleton<DiskCardGame.LifeManager>.FindInstance
[Warning: Singleton] Got null in Singleton<DiskCardGame.TurnManager>.FindInstance
[Warning: Singleton] Got null in Singleton<DiskCardGame.LifeManager>.FindInstance
[Warning: Singleton] Got null in Singleton<DiskCardGame.TurnManager>.FindInstance
[Warning: Singleton] Got null in Singleton<DiskCardGame.LifeManager>.FindInstance
[Warning: Singleton] Got null in Singleton<DiskCardGame.TurnManager>.FindInstance
[Warning: Singleton] Got null in Singleton<DiskCardGame.LifeManager>.FindInstance
[Warning: Singleton] Got null in Singleton<DiskCardGame.TurnManager>.FindInstance
[Warning: Singleton] Got null in Singleton<DiskCardGame.LifeManager>.FindInstance
[Warning: Singleton] Got null in Singleton<DiskCardGame.TurnManager>.FindInstance
[Warning: Singleton] Got null in Singleton<DiskCardGame.LifeManager>.FindInstance
[Warning: Singleton] Got null in Singleton<DiskCardGame.TurnManager>.FindInstance
[Warning: Singleton] Got null in Singleton<DiskCardGame.LifeManager>.FindInstance
[Warning: Singleton] Got null in Singleton<DiskCardGame.TurnManager>.FindInstance
[Warning: Singleton] Got null in Singleton<DiskCardGame.LifeManager>.FindInstance
[Warning: Singleton] Got null in Singleton<DiskCardGame.TurnManager>.FindInstance
[Warning: Singleton] Got null in Singleton<DiskCardGame.LifeManager>.FindInstance
[Warning: Singleton] Got null in Singleton<DiskCardGame.TurnManager>.FindInstance
[Warning: Singleton] Got null in Singleton<DiskCardGame.LifeManager>.FindInstance
[Warning: Singleton] Got null in Singleton<DiskCardGame.TurnManager>.FindInstance
[Warning: Singleton] Got null in Singleton<DiskCardGame.LifeManager>.FindInstance
[Warning: Singleton] Got null in Singleton<DiskCardGame.TurnManager>.FindInstance
[Warning: Singleton] Got null in Singleton<DiskCardGame.LifeManager>.FindInstance
[Warning: Singleton] Got null in Singleton<DiskCardGame.TurnManager>.FindInstance
[Warning: Singleton] Got null in Singleton<DiskCardGame.LifeManager>.FindInstance
[Warning: Singleton] Got null in Singleton<DiskCardGame.TurnManager>.FindInstance
[Warning: Singleton] Got null in Singleton<DiskCardGame.LifeManager>.FindInstance
[Warning: Singleton] Got null in Singleton<DiskCardGame.TurnManager>.FindInstance
[Warning: Singleton] Got null in Singleton<DiskCardGame.LifeManager>.FindInstance
[Warning: Singleton] Got null in Singleton<DiskCardGame.TurnManager>.FindInstance
[Warning: Singleton] Got null in Singleton<DiskCardGame.LifeManager>.FindInstance
[Warning: Singleton] Got null in Singleton<DiskCardGame.TurnManager>.FindInstance
[Warning: Singleton] Got null in Singleton<DiskCardGame.LifeManager>.FindInstance
[Warning: Singleton] Got null in Singleton<DiskCardGame.TurnManager>.FindInstance
[Warning: Singleton] Got null in Singleton<DiskCardGame.LifeManager>.FindInstance
[Warning: Singleton] Got null in Singleton<DiskCardGame.TurnManager>.FindInstance
[Warning: Singleton] Got null in Singleton<DiskCardGame.LifeManager>.FindInstance
[Warning: Singleton] Got null in Singleton<DiskCardGame.TurnManager>.FindInstance
[Warning: Singleton] Got null in Singleton<DiskCardGame.LifeManager>.FindInstance
[Warning: Singleton] Got null in Singleton<DiskCardGame.TurnManager>.FindInstance
[Warning: Singleton] Got null in Singleton<DiskCardGame.LifeManager>.FindInstance
[Warning: Singleton] Got null in Singleton<DiskCardGame.TurnManager>.FindInstance
[Warning: Singleton] Got null in Singleton<DiskCardGame.LifeManager>.FindInstance
[Warning: Singleton] Got null in Singleton<DiskCardGame.TurnManager>.FindInstance
[Warning: Singleton] Got null in Singleton<DiskCardGame.LifeManager>.FindInstance
[Warning: Singleton] Got null in Singleton<DiskCardGame.TurnManager>.FindInstance
[Warning: Singleton] Got null in Singleton<DiskCardGame.LifeManager>.FindInstance
[Warning: Singleton] Got null in Singleton<DiskCardGame.TurnManager>.FindInstance
[Warning: Singleton] Got null in Singleton<DiskCardGame.LifeManager>.FindInstance
[Warning: Singleton] Got null in Singleton<DiskCardGame.TurnManager>.FindInstance
[Warning: Singleton] Got null in Singleton<DiskCardGame.LifeManager>.FindInstance
[Warning: Singleton] Got null in Singleton<DiskCardGame.TurnManager>.FindInstance
[Warning: Singleton] Got null in Singleton<DiskCardGame.LifeManager>.FindInstance
[Warning: Singleton] Got null in Singleton<DiskCardGame.TurnManager>.FindInstance
[Warning: Singleton] Got null in Singleton<DiskCardGame.LifeManager>.FindInstance
[Warning: Singleton] Got null in Singleton<DiskCardGame.TurnManager>.FindInstance
[Warning: Singleton] Got null in Singleton<DiskCardGame.LifeManager>.FindInstance
[Warning: Singleton] Got null in Singleton<DiskCardGame.TurnManager>.FindInstance
[Warning: Singleton] Got null in Singleton<DiskCardGame.LifeManager>.FindInstance
[Warning: Singleton] Got null in Singleton<DiskCardGame.TurnManager>.FindInstance
[Warning: Singleton] Got null in Singleton<DiskCardGame.LifeManager>.FindInstance
[Warning: Singleton] Got null in Singleton<DiskCardGame.TurnManager>.FindInstance
[Warning: Singleton] Got null in Singleton<DiskCardGame.LifeManager>.FindInstance
[Warning: Singleton] Got null in Singleton<DiskCardGame.TurnManager>.FindInstance
[Warning: Singleton] Got null in Singleton<DiskCardGame.LifeManager>.FindInstance
[Warning: Singleton] Got null in Singleton<DiskCardGame.TurnManager>.FindInstance
[Warning: Singleton] Got null in Singleton<DiskCardGame.LifeManager>.FindInstance
[Warning: Singleton] Got null in Singleton<DiskCardGame.TurnManager>.FindInstance
[Warning: Singleton] Got null in Singleton<DiskCardGame.LifeManager>.FindInstance
[Warning: Singleton] Got null in Singleton<DiskCardGame.TurnManager>.FindInstance
[Warning: Singleton] Got null in Singleton<DiskCardGame.LifeManager>.FindInstance
[Warning: Singleton] Got null in Singleton<DiskCardGame.TurnManager>.FindInstance
[Warning: Singleton] Got null in Singleton<DiskCardGame.LifeManager>.FindInstance
[Warning: Singleton] Got null in Singleton<DiskCardGame.TurnManager>.FindInstance
[Warning: Singleton] Got null in Singleton<DiskCardGame.LifeManager>.FindInstance
[Warning: Singleton] Got null in Singleton<DiskCardGame.TurnManager>.FindInstance
[Warning: Singleton] Got null in Singleton<DiskCardGame.LifeManager>.FindInstance
[Warning: Singleton] Got null in Singleton<DiskCardGame.TurnManager>.FindInstance
[Warning: Singleton] Got null in Singleton<DiskCardGame.LifeManager>.FindInstance
[Warning: Singleton] Got null in Singleton<DiskCardGame.TurnManager>.FindInstance
[Warning: Singleton] Got null in Singleton<DiskCardGame.LifeManager>.FindInstance
[Warning: Singleton] Got null in Singleton<DiskCardGame.TurnManager>.FindInstance
[Warning: Singleton] Got null in Singleton<DiskCardGame.LifeManager>.FindInstance
[Warning: Singleton] Got null in Singleton<DiskCardGame.TurnManager>.FindInstance
[Warning: Singleton] Got null in Singleton<DiskCardGame.LifeManager>.FindInstance
[Warning: Singleton] Got null in Singleton<DiskCardGame.TurnManager>.FindInstance
[Warning: Singleton] Got null in Singleton<DiskCardGame.LifeManager>.FindInstance
[Warning: Singleton] Got null in Singleton<DiskCardGame.TurnManager>.FindInstance
[Warning: Singleton] Got null in Singleton<DiskCardGame.LifeManager>.FindInstance
[Warning: Singleton] Got null in Singleton<DiskCardGame.TurnManager>.FindInstance
[Warning: Singleton] Got null in Singleton<DiskCardGame.LifeManager>.FindInstance
[Warning: Singleton] Got null in Singleton<DiskCardGame.TurnManager>.FindInstance
[Warning: Singleton] Got null in Singleton<DiskCardGame.LifeManager>.FindInstance
[Warning: Singleton] Got null in Singleton<DiskCardGame.TurnManager>.FindInstance
[Warning: Singleton] Got null in Singleton<DiskCardGame.LifeManager>.FindInstance
[Warning: Singleton] Got null in Singleton<DiskCardGame.TurnManager>.FindInstance
[Warning: Singleton] Got null in Singleton<DiskCardGame.LifeManager>.FindInstance
[Warning: Singleton] Got null in Singleton<DiskCardGame.TurnManager>.FindInstance
[Warning: Singleton] Got null in Singleton<DiskCardGame.LifeManager>.FindInstance
[Warning: Singleton] Got null in Singleton<DiskCardGame.TurnManager>.FindInstance
[Warning: Singleton] Got null in Singleton<DiskCardGame.LifeManager>.FindInstance
[Warning: Singleton] Got null in Singleton<DiskCardGame.TurnManager>.FindInstance
[Warning: Singleton] Got null in Singleton<DiskCardGame.LifeManager>.FindInstance
[Warning: Singleton] Got null in Singleton<DiskCardGame.TurnManager>.FindInstance
[Warning: Singleton] Got null in Singleton<DiskCardGame.LifeManager>.FindInstance
[Warning: Singleton] Got null in Singleton<DiskCardGame.TurnManager>.FindInstance
[Warning: Singleton] Got null in Singleton<DiskCardGame.LifeManager>.FindInstance
[Warning: Singleton] Got null in Singleton<DiskCardGame.TurnManager>.FindInstance
[Warning: Singleton] Got null in Singleton<DiskCardGame.LifeManager>.FindInstance
[Warning: Singleton] Got null in Singleton<DiskCardGame.TurnManager>.FindInstance
[Warning: Singleton] Got null in Singleton<DiskCardGame.LifeManager>.FindInstance
[Warning: Singleton] Got null in Singleton<DiskCardGame.TurnManager>.FindInstance
[Warning: Singleton] Got null in Singleton<DiskCardGame.LifeManager>.FindInstance
[Warning: Singleton] Got null in Singleton<DiskCardGame.TurnManager>.FindInstance
[Warning: Singleton] Got null in Singleton<DiskCardGame.LifeManager>.FindInstance
[Warning: Singleton] Got null in Singleton<DiskCardGame.TurnManager>.FindInstance
[Warning: Singleton] Got null in Singleton<DiskCardGame.LifeManager>.FindInstance
[Warning: Singleton] Got null in Singleton<DiskCardGame.TurnManager>.FindInstance
[Warning: Singleton] Got null in Singleton<DiskCardGame.LifeManager>.FindInstance
[Warning: Singleton] Got null in Singleton<DiskCardGame.TurnManager>.FindInstance
[Warning: Singleton] Got null in Singleton<DiskCardGame.LifeManager>.FindInstance
[Warning: Singleton] Got null in Singleton<DiskCardGame.TurnManager>.FindInstance
[Warning: Singleton] Got null in Singleton<DiskCardGame.LifeManager>.FindInstance
[Warning: Singleton] Got null in Singleton<DiskCardGame.TurnManager>.FindInstance
[Warning: Singleton] Got null in Singleton<DiskCardGame.LifeManager>.FindInstance
[Warning: Singleton] Got null in Singleton<DiskCardGame.TurnManager>.FindInstance
[Warning: Singleton] Got null in Singleton<DiskCardGame.LifeManager>.FindInstance
[Warning: Singleton] Got null in Singleton<DiskCardGame.TurnManager>.FindInstance
[Warning: Singleton] Got null in Singleton<DiskCardGame.LifeManager>.FindInstance
[Warning: Singleton] Got null in Singleton<DiskCardGame.TurnManager>.FindInstance
[Warning: Singleton] Got null in Singleton<DiskCardGame.LifeManager>.FindInstance
[Warning: Singleton] Got null in Singleton<DiskCardGame.TurnManager>.FindInstance
[Warning: Singleton] Got null in Singleton<DiskCardGame.LifeManager>.FindInstance
[Warning: Singleton] Got null in Singleton<DiskCardGame.TurnManager>.FindInstance
[Warning: Singleton] Got null in Singleton<DiskCardGame.LifeManager>.FindInstance
[Warning: Singleton] Got null in Singleton<DiskCardGame.TurnManager>.FindInstance
[Warning: Singleton] Got null in Singleton<DiskCardGame.LifeManager>.FindInstance
[Warning: Singleton] Got null in Singleton<DiskCardGame.TurnManager>.FindInstance
[Warning: Singleton] Got null in Singleton<DiskCardGame.LifeManager>.FindInstance
[Warning: Singleton] Got null in Singleton<DiskCardGame.TurnManager>.FindInstance
[Warning: Singleton] Got null in Singleton<DiskCardGame.LifeManager>.FindInstance
[Warning: Singleton] Got null in Singleton<DiskCardGame.TurnManager>.FindInstance
[Warning: Singleton] Got null in Singleton<DiskCardGame.LifeManager>.FindInstance
[Warning: Singleton] Got null in Singleton<DiskCardGame.TurnManager>.FindInstance
[Warning: Singleton] Got null in Singleton<DiskCardGame.LifeManager>.FindInstance
[Warning: Singleton] Got null in Singleton<DiskCardGame.TurnManager>.FindInstance
[Warning: Singleton] Got null in Singleton<DiskCardGame.LifeManager>.FindInstance
[Warning: Singleton] Got null in Singleton<DiskCardGame.TurnManager>.FindInstance
[Warning: Singleton] Got null in Singleton<DiskCardGame.LifeManager>.FindInstance
[Warning: Singleton] Got null in Singleton<DiskCardGame.TurnManager>.FindInstance
[Warning: Singleton] Got null in Singleton<DiskCardGame.LifeManager>.FindInstance
[Warning: Singleton] Got null in Singleton<DiskCardGame.TurnManager>.FindInstance
[Warning: Singleton] Got null in Singleton<DiskCardGame.LifeManager>.FindInstance
[Warning: Singleton] Got null in Singleton<DiskCardGame.TurnManager>.FindInstance
[Warning: Singleton] Got null in Singleton<DiskCardGame.LifeManager>.FindInstance
[Warning: Singleton] Got null in Singleton<DiskCardGame.TurnManager>.FindInstance
[Warning: Singleton] Got null in Singleton<DiskCardGame.LifeManager>.FindInstance
[Warning: Singleton] Got null in Singleton<DiskCardGame.TurnManager>.FindInstance
[Warning: Singleton] Got null in Singleton<DiskCardGame.LifeManager>.FindInstance
[Warning: Singleton] Got null in Singleton<DiskCardGame.TurnManager>.FindInstance
[Warning: Singleton] Got null in Singleton<DiskCardGame.LifeManager>.FindInstance
[Warning: Singleton] Got null in Singleton<DiskCardGame.TurnManager>.FindInstance
[Warning: Singleton] Got null in Singleton<DiskCardGame.LifeManager>.FindInstance
[Warning: Singleton] Got null in Singleton<DiskCardGame.TurnManager>.FindInstance
[Warning: Singleton] Got null in Singleton<DiskCardGame.LifeManager>.FindInstance
[Warning: Singleton] Got null in Singleton<DiskCardGame.TurnManager>.FindInstance
[Warning: Singleton] Got null in Singleton<DiskCardGame.LifeManager>.FindInstance
[Warning: Singleton] Got null in Singleton<DiskCardGame.TurnManager>.FindInstance
[Warning: Singleton] Got null in Singleton<DiskCardGame.LifeManager>.FindInstance
[Warning: Singleton] Got null in Singleton<DiskCardGame.TurnManager>.FindInstance
[Warning: Singleton] Got null in Singleton<DiskCardGame.LifeManager>.FindInstance
[Warning: Singleton] Got null in Singleton<DiskCardGame.TurnManager>.FindInstance
[Warning: Singleton] Got null in Singleton<DiskCardGame.LifeManager>.FindInstance
[Warning: Singleton] Got null in Singleton<DiskCardGame.TurnManager>.FindInstance
[Warning: Singleton] Got null in Singleton<DiskCardGame.LifeManager>.FindInstance
[Warning: Singleton] Got null in Singleton<DiskCardGame.TurnManager>.FindInstance
[Warning: Singleton] Got null in Singleton<DiskCardGame.LifeManager>.FindInstance
[Warning: Singleton] Got null in Singleton<DiskCardGame.TurnManager>.FindInstance
[Warning: Singleton] Got null in Singleton<DiskCardGame.LifeManager>.FindInstance
[Warning: Singleton] Got null in Singleton<DiskCardGame.TurnManager>.FindInstance
[Warning: Singleton] Got null in Singleton<DiskCardGame.LifeManager>.FindInstance
[Warning: Singleton] Got null in Singleton<DiskCardGame.TurnManager>.FindInstance
[Warning: Singleton] Got null in Singleton<DiskCardGame.LifeManager>.FindInstance
[Warning: Singleton] Got null in Singleton<DiskCardGame.TurnManager>.FindInstance
[Warning: Singleton] Got null in Singleton<DiskCardGame.LifeManager>.FindInstance
[Warning: Singleton] Got null in Singleton<DiskCardGame.TurnManager>.FindInstance
[Warning: Singleton] Got null in Singleton<DiskCardGame.LifeManager>.FindInstance
[Warning: Singleton] Got null in Singleton<DiskCardGame.TurnManager>.FindInstance
[Warning: Singleton] Got null in Singleton<DiskCardGame.LifeManager>.FindInstance
[Warning: Singleton] Got null in Singleton<DiskCardGame.TurnManager>.FindInstance
[Warning: Singleton] Got null in Singleton<DiskCardGame.LifeManager>.FindInstance
[Warning: Singleton] Got null in Singleton<DiskCardGame.TurnManager>.FindInstance
[Warning: Singleton] Got null in Singleton<DiskCardGame.LifeManager>.FindInstance
[Warning: Singleton] Got null in Singleton<DiskCardGame.TurnManager>.FindInstance
[Warning: Singleton] Got null in Singleton<DiskCardGame.LifeManager>.FindInstance
[Warning: Singleton] Got null in Singleton<DiskCardGame.TurnManager>.FindInstance
[Warning: Singleton] Got null in Singleton<DiskCardGame.LifeManager>.FindInstance
[Warning: Singleton] Got null in Singleton<DiskCardGame.TurnManager>.FindInstance
[Warning: Singleton] Got null in Singleton<DiskCardGame.LifeManager>.FindInstance
[Warning: Singleton] Got null in Singleton<DiskCardGame.TurnManager>.FindInstance
[Warning: Singleton] Got null in Singleton<DiskCardGame.LifeManager>.FindInstance
[Warning: Singleton] Got null in Singleton<DiskCardGame.TurnManager>.FindInstance
[Warning: Singleton] Got null in Singleton<DiskCardGame.LifeManager>.FindInstance
[Warning: Singleton] Got null in Singleton<DiskCardGame.TurnManager>.FindInstance
[Warning: Singleton] Got null in Singleton<DiskCardGame.LifeManager>.FindInstance
[Warning: Singleton] Got null in Singleton<DiskCardGame.TurnManager>.FindInstance
[Warning: Singleton] Got null in Singleton<DiskCardGame.LifeManager>.FindInstance
[Warning: Singleton] Got null in Singleton<DiskCardGame.TurnManager>.FindInstance
[Warning: Singleton] Got null in Singleton<DiskCardGame.LifeManager>.FindInstance
[Warning: Singleton] Got null in Singleton<DiskCardGame.TurnManager>.FindInstance
[Warning: Singleton] Got null in Singleton<DiskCardGame.LifeManager>.FindInstance
[Warning: Singleton] Got null in Singleton<DiskCardGame.TurnManager>.FindInstance
[Warning: Singleton] Got null in Singleton<DiskCardGame.LifeManager>.FindInstance
[Warning: Singleton] Got null in Singleton<DiskCardGame.TurnManager>.FindInstance
[Warning: Singleton] Got null in Singleton<DiskCardGame.LifeManager>.FindInstance
[Warning: Singleton] Got null in Singleton<DiskCardGame.TurnManager>.FindInstance
[Warning: Singleton] Got null in Singleton<DiskCardGame.LifeManager>.FindInstance
[Warning: Singleton] Got null in Singleton<DiskCardGame.TurnManager>.FindInstance
[Warning: Singleton] Got null in Singleton<DiskCardGame.LifeManager>.FindInstance
[Warning: Singleton] Got null in Singleton<DiskCardGame.TurnManager>.FindInstance
[Warning: Singleton] Got null in Singleton<DiskCardGame.LifeManager>.FindInstance
[Warning: Singleton] Got null in Singleton<DiskCardGame.TurnManager>.FindInstance
[Warning: Singleton] Got null in Singleton<DiskCardGame.LifeManager>.FindInstance
[Warning: Singleton] Got null in Singleton<DiskCardGame.TurnManager>.FindInstance
[Warning: Singleton] Got null in Singleton<DiskCardGame.LifeManager>.FindInstance
[Warning: Singleton] Got null in Singleton<DiskCardGame.TurnManager>.FindInstance
[Warning: Singleton] Got null in Singleton<DiskCardGame.LifeManager>.FindInstance
[Warning: Singleton] Got null in Singleton<DiskCardGame.TurnManager>.FindInstance
[Warning: Singleton] Got null in Singleton<DiskCardGame.LifeManager>.FindInstance
[Warning: Singleton] Got null in Singleton<DiskCardGame.TurnManager>.FindInstance
[Warning: Singleton] Got null in Singleton<DiskCardGame.LifeManager>.FindInstance
[Warning: Singleton] Got null in Singleton<DiskCardGame.TurnManager>.FindInstance
[Warning: Singleton] Got null in Singleton<DiskCardGame.LifeManager>.FindInstance
[Warning: Singleton] Got null in Singleton<DiskCardGame.TurnManager>.FindInstance
[Warning: Singleton] Got null in Singleton<DiskCardGame.LifeManager>.FindInstance
[Warning: Singleton] Got null in Singleton<DiskCardGame.TurnManager>.FindInstance
[Warning: Singleton] Got null in Singleton<DiskCardGame.LifeManager>.FindInstance
[Warning: Singleton] Got null in Singleton<DiskCardGame.TurnManager>.FindInstance
[Warning: Singleton] Got null in Singleton<DiskCardGame.LifeManager>.FindInstance
[Warning: Singleton] Got null in Singleton<DiskCardGame.TurnManager>.FindInstance
[Warning: Singleton] Got null in Singleton<DiskCardGame.LifeManager>.FindInstance
[Warning: Singleton] Got null in Singleton<DiskCardGame.TurnManager>.FindInstance
[Warning: Singleton] Got null in Singleton<DiskCardGame.LifeManager>.FindInstance
[Warning: Singleton] Got null in Singleton<DiskCardGame.TurnManager>.FindInstance
[Warning: Singleton] Got null in Singleton<DiskCardGame.LifeManager>.FindInstance
[Warning: Singleton] Got null in Singleton<DiskCardGame.TurnManager>.FindInstance
[Warning: Singleton] Got null in Singleton<DiskCardGame.LifeManager>.FindInstance
[Warning: Singleton] Got null in Singleton<DiskCardGame.TurnManager>.FindInstance
[Warning: Singleton] Got null in Singleton<DiskCardGame.LifeManager>.FindInstance
[Warning: Singleton] Got null in Singleton<DiskCardGame.TurnManager>.FindInstance
[Warning: Singleton] Got null in Singleton<DiskCardGame.LifeManager>.FindInstance
[Warning: Singleton] Got null in Singleton<DiskCardGame.TurnManager>.FindInstance
[Warning: Singleton] Got null in Singleton<DiskCardGame.LifeManager>.FindInstance
[Warning: Singleton] Got null in Singleton<DiskCardGame.TurnManager>.FindInstance
[Warning: Singleton] Got null in Singleton<DiskCardGame.LifeManager>.FindInstance
[Warning: Singleton] Got null in Singleton<DiskCardGame.TurnManager>.FindInstance
[Warning: Singleton] Got null in Singleton<DiskCardGame.LifeManager>.FindInstance
[Warning: Singleton] Got null in Singleton<DiskCardGame.TurnManager>.FindInstance
[Warning: Singleton] Got null in Singleton<DiskCardGame.LifeManager>.FindInstance
[Warning: Singleton] Got null in Singleton<DiskCardGame.TurnManager>.FindInstance
[Warning: Singleton] Got null in Singleton<DiskCardGame.LifeManager>.FindInstance
[Warning: Singleton] Got null in Singleton<DiskCardGame.TurnManager>.FindInstance
[Warning: Singleton] Got null in Singleton<DiskCardGame.LifeManager>.FindInstance
[Warning: Singleton] Got null in Singleton<DiskCardGame.TurnManager>.FindInstance
[Warning: Singleton] Got null in Singleton<DiskCardGame.LifeManager>.FindInstance
[Warning: Singleton] Got null in Singleton<DiskCardGame.TurnManager>.FindInstance
[Warning: Singleton] Got null in Singleton<DiskCardGame.LifeManager>.FindInstance
[Warning: Singleton] Got null in Singleton<DiskCardGame.TurnManager>.FindInstance
[Warning: Singleton] Got null in Singleton<DiskCardGame.LifeManager>.FindInstance
[Warning: Singleton] Got null in Singleton<DiskCardGame.TurnManager>.FindInstance
[Warning: Singleton] Got null in Singleton<DiskCardGame.LifeManager>.FindInstance
[Warning: Singleton] Got null in Singleton<DiskCardGame.TurnManager>.FindInstance
[Warning: Singleton] Got null in Singleton<DiskCardGame.LifeManager>.FindInstance
[Warning: Singleton] Got null in Singleton<DiskCardGame.TurnManager>.FindInstance
[Warning: Singleton] Got null in Singleton<DiskCardGame.LifeManager>.FindInstance
[Warning: Singleton] Got null in Singleton<DiskCardGame.TurnManager>.FindInstance
[Warning: Singleton] Got null in Singleton<DiskCardGame.LifeManager>.FindInstance
[Warning: Singleton] Got null in Singleton<DiskCardGame.TurnManager>.FindInstance
[Warning: Singleton] Got null in Singleton<DiskCardGame.LifeManager>.FindInstance
[Warning: Singleton] Got null in Singleton<DiskCardGame.TurnManager>.FindInstance
[Warning: Singleton] Got null in Singleton<DiskCardGame.LifeManager>.FindInstance
[Warning: Singleton] Got null in Singleton<DiskCardGame.TurnManager>.FindInstance
[Warning: Singleton] Got null in Singleton<DiskCardGame.LifeManager>.FindInstance
[Warning: Singleton] Got null in Singleton<DiskCardGame.TurnManager>.FindInstance
[Warning: Singleton] Got null in Singleton<DiskCardGame.LifeManager>.FindInstance
[Warning: Singleton] Got null in Singleton<DiskCardGame.TurnManager>.FindInstance
[Warning: Singleton] Got null in Singleton<DiskCardGame.LifeManager>.FindInstance
[Warning: Singleton] Got null in Singleton<DiskCardGame.TurnManager>.FindInstance
[Warning: Singleton] Got null in Singleton<DiskCardGame.LifeManager>.FindInstance
[Warning: Singleton] Got null in Singleton<DiskCardGame.TurnManager>.FindInstance
[Warning: Singleton] Got null in Singleton<DiskCardGame.LifeManager>.FindInstance
[Warning: Singleton] Got null in Singleton<DiskCardGame.TurnManager>.FindInstance
[Warning: Singleton] Got null in Singleton<DiskCardGame.LifeManager>.FindInstance
[Warning: Singleton] Got null in Singleton<DiskCardGame.TurnManager>.FindInstance
[Warning: Singleton] Got null in Singleton<DiskCardGame.LifeManager>.FindInstance
[Warning: Singleton] Got null in Singleton<DiskCardGame.TurnManager>.FindInstance
[Warning: Singleton] Got null in Singleton<DiskCardGame.LifeManager>.FindInstance
[Warning: Singleton] Got null in Singleton<DiskCardGame.TurnManager>.FindInstance
[Warning: Singleton] Got null in Singleton<DiskCardGame.LifeManager>.FindInstance
[Warning: Singleton] Got null in Singleton<DiskCardGame.TurnManager>.FindInstance
[Warning: Singleton] Got null in Singleton<DiskCardGame.LifeManager>.FindInstance
[Warning: Singleton] Got null in Singleton<DiskCardGame.TurnManager>.FindInstance
[Warning: Singleton] Got null in Singleton<DiskCardGame.LifeManager>.FindInstance
[Warning: Singleton] Got null in Singleton<DiskCardGame.TurnManager>.FindInstance
[Warning: Singleton] Got null in Singleton<DiskCardGame.LifeManager>.FindInstance
[Warning: Singleton] Got null in Singleton<DiskCardGame.TurnManager>.FindInstance
[Warning: Singleton] Got null in Singleton<DiskCardGame.LifeManager>.FindInstance
[Warning: Singleton] Got null in Singleton<DiskCardGame.TurnManager>.FindInstance
[Warning: Singleton] Got null in Singleton<DiskCardGame.LifeManager>.FindInstance
[Warning: Singleton] Got null in Singleton<DiskCardGame.TurnManager>.FindInstance
[Warning: Singleton] Got null in Singleton<DiskCardGame.LifeManager>.FindInstance
[Warning: Singleton] Got null in Singleton<DiskCardGame.TurnManager>.FindInstance
[Warning: Singleton] Got null in Singleton<DiskCardGame.LifeManager>.FindInstance
[Warning: Singleton] Got null in Singleton<DiskCardGame.TurnManager>.FindInstance
[Warning: Singleton] Got null in Singleton<DiskCardGame.LifeManager>.FindInstance
[Warning: Singleton] Got null in Singleton<DiskCardGame.TurnManager>.FindInstance
[Warning: Singleton] Got null in Singleton<DiskCardGame.LifeManager>.FindInstance
[Warning: Singleton] Got null in Singleton<DiskCardGame.TurnManager>.FindInstance
[Warning: Singleton] Got null in Singleton<DiskCardGame.LifeManager>.FindInstance
[Warning: Singleton] Got null in Singleton<DiskCardGame.TurnManager>.FindInstance
[Warning: Singleton] Got null in Singleton<DiskCardGame.LifeManager>.FindInstance
[Warning: Singleton] Got null in Singleton<DiskCardGame.TurnManager>.FindInstance
[Warning: Singleton] Got null in Singleton<DiskCardGame.LifeManager>.FindInstance
[Warning: Singleton] Got null in Singleton<DiskCardGame.TurnManager>.FindInstance
[Warning: Singleton] Got null in Singleton<DiskCardGame.LifeManager>.FindInstance
[Warning: Singleton] Got null in Singleton<DiskCardGame.TurnManager>.FindInstance
[Warning: Singleton] Got null in Singleton<DiskCardGame.LifeManager>.FindInstance
[Warning: Singleton] Got null in Singleton<DiskCardGame.TurnManager>.FindInstance
[Warning: Singleton] Got null in Singleton<DiskCardGame.LifeManager>.FindInstance
[Warning: Singleton] Got null in Singleton<DiskCardGame.TurnManager>.FindInstance
[Warning: Singleton] Got null in Singleton<DiskCardGame.LifeManager>.FindInstance
[Warning: Singleton] Got null in Singleton<DiskCardGame.TurnManager>.FindInstance
[Warning: Singleton] Got null in Singleton<DiskCardGame.LifeManager>.FindInstance
[Warning: Singleton] Got null in Singleton<DiskCardGame.TurnManager>.FindInstance
[Warning: Singleton] Got null in Singleton<DiskCardGame.LifeManager>.FindInstance
[Warning: Singleton] Got null in Singleton<DiskCardGame.TurnManager>.FindInstance
[Warning: Singleton] Got null in Singleton<DiskCardGame.LifeManager>.FindInstance
[Warning: Singleton] Got null in Singleton<DiskCardGame.TurnManager>.FindInstance
[Warning: Singleton] Got null in Singleton<DiskCardGame.LifeManager>.FindInstance
[Warning: Singleton] Got null in Singleton<DiskCardGame.TurnManager>.FindInstance
[Warning: Singleton] Got null in Singleton<DiskCardGame.LifeManager>.FindInstance
[Warning: Singleton] Got null in Singleton<DiskCardGame.TurnManager>.FindInstance
[Warning: Singleton] Got null in Singleton<DiskCardGame.LifeManager>.FindInstance
[Warning: Singleton] Got null in Singleton<DiskCardGame.TurnManager>.FindInstance
[Warning: Singleton] Got null in Singleton<DiskCardGame.LifeManager>.FindInstance
[Warning: Singleton] Got null in Singleton<DiskCardGame.TurnManager>.FindInstance
[Warning: Singleton] Got null in Singleton<DiskCardGame.LifeManager>.FindInstance
[Warning: Singleton] Got null in Singleton<DiskCardGame.TurnManager>.FindInstance
[Warning: Singleton] Got null in Singleton<DiskCardGame.LifeManager>.FindInstance
[Warning: Singleton] Got null in Singleton<DiskCardGame.TurnManager>.FindInstance
[Warning: Singleton] Got null in Singleton<DiskCardGame.LifeManager>.FindInstance
[Warning: Singleton] Got null in Singleton<DiskCardGame.TurnManager>.FindInstance
[Warning: Singleton] Got null in Singleton<DiskCardGame.LifeManager>.FindInstance
[Warning: Singleton] Got null in Singleton<DiskCardGame.TurnManager>.FindInstance
[Warning: Singleton] Got null in Singleton<DiskCardGame.LifeManager>.FindInstance
[Warning: Singleton] Got null in Singleton<DiskCardGame.TurnManager>.FindInstance
[Warning: Singleton] Got null in Singleton<DiskCardGame.LifeManager>.FindInstance
[Warning: Singleton] Got null in Singleton<DiskCardGame.TurnManager>.FindInstance
[Warning: Singleton] Got null in Singleton<DiskCardGame.LifeManager>.FindInstance
[Warning: Singleton] Got null in Singleton<DiskCardGame.TurnManager>.FindInstance
[Warning: Singleton] Got null in Singleton<DiskCardGame.LifeManager>.FindInstance
[Warning: Singleton] Got null in Singleton<DiskCardGame.TurnManager>.FindInstance
[Warning: Singleton] Got null in Singleton<DiskCardGame.LifeManager>.FindInstance
[Warning: Singleton] Got null in Singleton<DiskCardGame.TurnManager>.FindInstance
[Warning: Singleton] Got null in Singleton<DiskCardGame.LifeManager>.FindInstance
[Warning: Singleton] Got null in Singleton<DiskCardGame.TurnManager>.FindInstance
[Warning: Singleton] Got null in Singleton<DiskCardGame.LifeManager>.FindInstance
[Warning: Singleton] Got null in Singleton<DiskCardGame.TurnManager>.FindInstance
[Warning: Singleton] Got null in Singleton<DiskCardGame.LifeManager>.FindInstance
[Warning: Singleton] Got null in Singleton<DiskCardGame.TurnManager>.FindInstance
[Warning: Singleton] Got null in Singleton<DiskCardGame.LifeManager>.FindInstance
[Warning: Singleton] Got null in Singleton<DiskCardGame.TurnManager>.FindInstance
[Warning: Singleton] Got null in Singleton<DiskCardGame.LifeManager>.FindInstance
[Warning: Singleton] Got null in Singleton<DiskCardGame.TurnManager>.FindInstance
[Warning: Singleton] Got null in Singleton<DiskCardGame.LifeManager>.FindInstance
[Warning: Singleton] Got null in Singleton<DiskCardGame.TurnManager>.FindInstance
[Warning: Singleton] Got null in Singleton<DiskCardGame.LifeManager>.FindInstance
[Warning: Singleton] Got null in Singleton<DiskCardGame.TurnManager>.FindInstance
[Warning: Singleton] Got null in Singleton<DiskCardGame.LifeManager>.FindInstance
[Warning: Singleton] Got null in Singleton<DiskCardGame.TurnManager>.FindInstance
[Warning: Singleton] Got null in Singleton<DiskCardGame.LifeManager>.FindInstance
[Warning: Singleton] Got null in Singleton<DiskCardGame.TurnManager>.FindInstance
[Warning: Singleton] Got null in Singleton<DiskCardGame.LifeManager>.FindInstance
[Warning: Singleton] Got null in Singleton<DiskCardGame.TurnManager>.FindInstance
[Warning: Singleton] Got null in Singleton<DiskCardGame.LifeManager>.FindInstance
[Warning: Singleton] Got null in Singleton<DiskCardGame.TurnManager>.FindInstance
[Warning: Singleton] Got null in Singleton<DiskCardGame.LifeManager>.FindInstance
[Warning: Singleton] Got null in Singleton<DiskCardGame.TurnManager>.FindInstance
[Warning: Singleton] Got null in Singleton<DiskCardGame.LifeManager>.FindInstance
[Warning: Singleton] Got null in Singleton<DiskCardGame.TurnManager>.FindInstance
[Warning: Singleton] Got null in Singleton<DiskCardGame.LifeManager>.FindInstance
[Warning: Singleton] Got null in Singleton<DiskCardGame.TurnManager>.FindInstance
[Warning: Singleton] Got null in Singleton<DiskCardGame.LifeManager>.FindInstance
[Warning: Singleton] Got null in Singleton<DiskCardGame.TurnManager>.FindInstance
[Warning: Singleton] Got null in Singleton<DiskCardGame.LifeManager>.FindInstance
[Warning: Singleton] Got null in Singleton<DiskCardGame.TurnManager>.FindInstance
[Warning: Singleton] Got null in Singleton<DiskCardGame.LifeManager>.FindInstance
[Warning: Singleton] Got null in Singleton<DiskCardGame.TurnManager>.FindInstance
[Warning: Singleton] Got null in Singleton<DiskCardGame.LifeManager>.FindInstance
[Warning: Singleton] Got null in Singleton<DiskCardGame.TurnManager>.FindInstance
[Warning: Singleton] Got null in Singleton<DiskCardGame.LifeManager>.FindInstance
[Warning: Singleton] Got null in Singleton<DiskCardGame.TurnManager>.FindInstance
[Warning: Singleton] Got null in Singleton<DiskCardGame.LifeManager>.FindInstance
[Warning: Singleton] Got null in Singleton<DiskCardGame.TurnManager>.FindInstance
[Warning: Singleton] Got null in Singleton<DiskCardGame.LifeManager>.FindInstance
[Warning: Singleton] Got null in Singleton<DiskCardGame.TurnManager>.FindInstance
[Warning: Singleton] Got null in Singleton<DiskCardGame.LifeManager>.FindInstance
[Warning: Singleton] Got null in Singleton<DiskCardGame.TurnManager>.FindInstance
[Warning: Singleton] Got null in Singleton<DiskCardGame.LifeManager>.FindInstance
[Warning: Singleton] Got null in Singleton<DiskCardGame.TurnManager>.FindInstance
[Warning: Singleton] Got null in Singleton<DiskCardGame.LifeManager>.FindInstance
[Warning: Singleton] Got null in Singleton<DiskCardGame.TurnManager>.FindInstance
[Warning: Singleton] Got null in Singleton<DiskCardGame.LifeManager>.FindInstance
[Warning: Singleton] Got null in Singleton<DiskCardGame.TurnManager>.FindInstance
[Warning: Singleton] Got null in Singleton<DiskCardGame.LifeManager>.FindInstance
[Warning: Singleton] Got null in Singleton<DiskCardGame.TurnManager>.FindInstance
[Warning: Singleton] Got null in Singleton<DiskCardGame.LifeManager>.FindInstance
[Warning: Singleton] Got null in Singleton<DiskCardGame.TurnManager>.FindInstance
[Warning: Singleton] Got null in Singleton<DiskCardGame.LifeManager>.FindInstance
[Warning: Singleton] Got null in Singleton<DiskCardGame.TurnManager>.FindInstance
[Warning: Singleton] Got null in Singleton<DiskCardGame.LifeManager>.FindInstance
[Warning: Singleton] Got null in Singleton<DiskCardGame.TurnManager>.FindInstance
[Warning: Singleton] Got null in Singleton<DiskCardGame.LifeManager>.FindInstance
[Warning: Singleton] Got null in Singleton<DiskCardGame.TurnManager>.FindInstance
[Warning: Singleton] Got null in Singleton<DiskCardGame.LifeManager>.FindInstance
[Warning: Singleton] Got null in Singleton<DiskCardGame.TurnManager>.FindInstance
[Warning: Singleton] Got null in Singleton<DiskCardGame.LifeManager>.FindInstance
[Warning: Singleton] Got null in Singleton<DiskCardGame.TurnManager>.FindInstance
[Warning: Singleton] Got null in Singleton<DiskCardGame.LifeManager>.FindInstance
[Warning: Singleton] Got null in Singleton<DiskCardGame.TurnManager>.FindInstance
[Warning: Singleton] Got null in Singleton<DiskCardGame.LifeManager>.FindInstance
[Warning: Singleton] Got null in Singleton<DiskCardGame.TurnManager>.FindInstance
[Warning: Singleton] Got null in Singleton<DiskCardGame.LifeManager>.FindInstance
[Warning: Singleton] Got null in Singleton<DiskCardGame.TurnManager>.FindInstance
[Warning: Singleton] Got null in Singleton<DiskCardGame.LifeManager>.FindInstance
[Warning: Singleton] Got null in Singleton<DiskCardGame.TurnManager>.FindInstance
[Warning: Singleton] Got null in Singleton<DiskCardGame.LifeManager>.FindInstance
[Warning: Singleton] Got null in Singleton<DiskCardGame.TurnManager>.FindInstance
[Warning: Singleton] Got null in Singleton<DiskCardGame.LifeManager>.FindInstance
[Warning: Singleton] Got null in Singleton<DiskCardGame.TurnManager>.FindInstance
[Warning: Singleton] Got null in Singleton<DiskCardGame.LifeManager>.FindInstance
[Warning: Singleton] Got null in Singleton<DiskCardGame.TurnManager>.FindInstance
[Warning: Singleton] Got null in Singleton<DiskCardGame.LifeManager>.FindInstance
[Warning: Singleton] Got null in Singleton<DiskCardGame.TurnManager>.FindInstance
[Warning: Singleton] Got null in Singleton<DiskCardGame.LifeManager>.FindInstance
[Warning: Singleton] Got null in Singleton<DiskCardGame.TurnManager>.FindInstance
[Warning: Singleton] Got null in Singleton<DiskCardGame.LifeManager>.FindInstance
[Warning: Singleton] Got null in Singleton<DiskCardGame.TurnManager>.FindInstance
[Warning: Singleton] Got null in Singleton<DiskCardGame.LifeManager>.FindInstance
[Warning: Singleton] Got null in Singleton<DiskCardGame.TurnManager>.FindInstance
[Warning: Singleton] Got null in Singleton<DiskCardGame.LifeManager>.FindInstance
[Warning: Singleton] Got null in Singleton<DiskCardGame.TurnManager>.FindInstance
[Warning: Singleton] Got null in Singleton<DiskCardGame.LifeManager>.FindInstance
[Warning: Singleton] Got null in Singleton<DiskCardGame.TurnManager>.FindInstance
[Warning: Singleton] Got null in Singleton<DiskCardGame.LifeManager>.FindInstance
[Warning: Singleton] Got null in Singleton<DiskCardGame.TurnManager>.FindInstance
[Warning: Singleton] Got null in Singleton<DiskCardGame.LifeManager>.FindInstance
[Warning: Singleton] Got null in Singleton<DiskCardGame.TurnManager>.FindInstance
[Warning: Singleton] Got null in Singleton<DiskCardGame.LifeManager>.FindInstance
[Warning: Singleton] Got null in Singleton<DiskCardGame.TurnManager>.FindInstance
[Warning: Singleton] Got null in Singleton<DiskCardGame.LifeManager>.FindInstance
[Warning: Singleton] Got null in Singleton<DiskCardGame.TurnManager>.FindInstance
[Warning: Singleton] Got null in Singleton<DiskCardGame.LifeManager>.FindInstance
[Warning: Singleton] Got null in Singleton<DiskCardGame.TurnManager>.FindInstance
[Warning: Singleton] Got null in Singleton<DiskCardGame.LifeManager>.FindInstance
[Warning: Singleton] Got null in Singleton<DiskCardGame.TurnManager>.FindInstance
[Warning: Singleton] Got null in Singleton<DiskCardGame.LifeManager>.FindInstance
[Warning: Singleton] Got null in Singleton<DiskCardGame.TurnManager>.FindInstance
[Warning: Singleton] Got null in Singleton<DiskCardGame.LifeManager>.FindInstance
[Warning: Singleton] Got null in Singleton<DiskCardGame.TurnManager>.FindInstance
[Warning: Singleton] Got null in Singleton<DiskCardGame.LifeManager>.FindInstance
[Warning: Singleton] Got null in Singleton<DiskCardGame.TurnManager>.FindInstance
[Warning: Singleton] Got null in Singleton<DiskCardGame.LifeManager>.FindInstance
[Warning: Singleton] Got null in Singleton<DiskCardGame.TurnManager>.FindInstance
[Warning: Singleton] Got null in Singleton<DiskCardGame.LifeManager>.FindInstance
[Warning: Singleton] Got null in Singleton<DiskCardGame.TurnManager>.FindInstance
[Warning: Singleton] Got null in Singleton<DiskCardGame.LifeManager>.FindInstance
[Warning: Singleton] Got null in Singleton<DiskCardGame.TurnManager>.FindInstance
[Warning: Singleton] Got null in Singleton<DiskCardGame.LifeManager>.FindInstance
[Warning: Singleton] Got null in Singleton<DiskCardGame.TurnManager>.FindInstance
[Warning: Singleton] Got null in Singleton<DiskCardGame.LifeManager>.FindInstance
[Warning: Singleton] Got null in Singleton<DiskCardGame.TurnManager>.FindInstance
[Warning: Singleton] Got null in Singleton<DiskCardGame.LifeManager>.FindInstance
[Warning: Singleton] Got null in Singleton<DiskCardGame.TurnManager>.FindInstance
[Warning: Singleton] Got null in Singleton<DiskCardGame.LifeManager>.FindInstance
[Warning: Singleton] Got null in Singleton<DiskCardGame.TurnManager>.FindInstance
[Warning: Singleton] Got null in Singleton<DiskCardGame.LifeManager>.FindInstance
[Warning: Singleton] Got null in Singleton<DiskCardGame.TurnManager>.FindInstance
[Warning: Singleton] Got null in Singleton<DiskCardGame.LifeManager>.FindInstance
[Warning: Singleton] Got null in Singleton<DiskCardGame.TurnManager>.FindInstance
[Warning: Singleton] Got null in Singleton<DiskCardGame.LifeManager>.FindInstance
[Warning: Singleton] Got null in Singleton<DiskCardGame.TurnManager>.FindInstance
[Warning: Singleton] Got null in Singleton<DiskCardGame.LifeManager>.FindInstance
[Warning: Singleton] Got null in Singleton<DiskCardGame.TurnManager>.FindInstance
[Warning: Singleton] Got null in Singleton<DiskCardGame.LifeManager>.FindInstance
[Warning: Singleton] Got null in Singleton<DiskCardGame.TurnManager>.FindInstance
[Warning: Singleton] Got null in Singleton<DiskCardGame.LifeManager>.FindInstance
[Warning: Singleton] Got null in Singleton<DiskCardGame.TurnManager>.FindInstance
[Warning: Singleton] Got null in Singleton<DiskCardGame.LifeManager>.FindInstance
[Warning: Singleton] Got null in Singleton<DiskCardGame.TurnManager>.FindInstance
[Warning: Singleton] Got null in Singleton<DiskCardGame.LifeManager>.FindInstance
[Warning: Singleton] Got null in Singleton<DiskCardGame.TurnManager>.FindInstance
[Warning: Singleton] Got null in Singleton<DiskCardGame.LifeManager>.FindInstance
[Warning: Singleton] Got null in Singleton<DiskCardGame.TurnManager>.FindInstance
[Warning: Singleton] Got null in Singleton<DiskCardGame.LifeManager>.FindInstance
[Warning: Singleton] Got null in Singleton<DiskCardGame.TurnManager>.FindInstance
[Warning: Singleton] Got null in Singleton<DiskCardGame.LifeManager>.FindInstance
[Warning: Singleton] Got null in Singleton<DiskCardGame.TurnManager>.FindInstance
[Warning: Singleton] Got null in Singleton<DiskCardGame.LifeManager>.FindInstance
[Warning: Singleton] Got null in Singleton<DiskCardGame.TurnManager>.FindInstance
[Warning: Singleton] Got null in Singleton<DiskCardGame.LifeManager>.FindInstance
[Warning: Singleton] Got null in Singleton<DiskCardGame.TurnManager>.FindInstance
[Warning: Singleton] Got null in Singleton<DiskCardGame.LifeManager>.FindInstance
[Warning: Singleton] Got null in Singleton<DiskCardGame.TurnManager>.FindInstance
[Warning: Singleton] Got null in Singleton<DiskCardGame.LifeManager>.FindInstance
[Warning: Singleton] Got null in Singleton<DiskCardGame.TurnManager>.FindInstance
[Warning: Singleton] Got null in Singleton<DiskCardGame.LifeManager>.FindInstance
[Warning: Singleton] Got null in Singleton<DiskCardGame.TurnManager>.FindInstance
[Warning: Singleton] Got null in Singleton<DiskCardGame.LifeManager>.FindInstance
[Warning: Singleton] Got null in Singleton<DiskCardGame.TurnManager>.FindInstance
[Warning: Singleton] Got null in Singleton<DiskCardGame.LifeManager>.FindInstance
[Warning: Singleton] Got null in Singleton<DiskCardGame.TurnManager>.FindInstance
[Warning: Singleton] Got null in Singleton<DiskCardGame.LifeManager>.FindInstance
[Warning: Singleton] Got null in Singleton<DiskCardGame.TurnManager>.FindInstance
[Warning: Singleton] Got null in Singleton<DiskCardGame.LifeManager>.FindInstance
[Warning: Singleton] Got null in Singleton<DiskCardGame.TurnManager>.FindInstance
[Warning: Singleton] Got null in Singleton<DiskCardGame.LifeManager>.FindInstance
[Warning: Singleton] Got null in Singleton<DiskCardGame.TurnManager>.FindInstance
[Warning: Singleton] Got null in Singleton<DiskCardGame.LifeManager>.FindInstance
[Warning: Singleton] Got null in Singleton<DiskCardGame.TurnManager>.FindInstance
[Warning: Singleton] Got null in Singleton<DiskCardGame.LifeManager>.FindInstance
[Warning: Singleton] Got null in Singleton<DiskCardGame.TurnManager>.FindInstance
[Warning: Singleton] Got null in Singleton<DiskCardGame.LifeManager>.FindInstance
[Warning: Singleton] Got null in Singleton<DiskCardGame.TurnManager>.FindInstance
[Warning: Singleton] Got null in Singleton<DiskCardGame.LifeManager>.FindInstance
[Warning: Singleton] Got null in Singleton<DiskCardGame.TurnManager>.FindInstance
[Warning: Singleton] Got null in Singleton<DiskCardGame.LifeManager>.FindInstance
[Warning: Singleton] Got null in Singleton<DiskCardGame.TurnManager>.FindInstance
[Warning: Singleton] Got null in Singleton<DiskCardGame.LifeManager>.FindInstance
[Warning: Singleton] Got null in Singleton<DiskCardGame.TurnManager>.FindInstance
[Warning: Singleton] Got null in Singleton<DiskCardGame.LifeManager>.FindInstance
[Warning: Singleton] Got null in Singleton<DiskCardGame.TurnManager>.FindInstance
[Warning: Singleton] Got null in Singleton<DiskCardGame.LifeManager>.FindInstance
[Warning: Singleton] Got null in Singleton<DiskCardGame.TurnManager>.FindInstance
[Warning: Singleton] Got null in Singleton<DiskCardGame.LifeManager>.FindInstance
[Warning: Singleton] Got null in Singleton<DiskCardGame.TurnManager>.FindInstance
[Warning: Singleton] Got null in Singleton<DiskCardGame.LifeManager>.FindInstance
[Warning: Singleton] Got null in Singleton<DiskCardGame.TurnManager>.FindInstance
[Warning: Singleton] Got null in Singleton<DiskCardGame.LifeManager>.FindInstance
[Warning: Singleton] Got null in Singleton<DiskCardGame.TurnManager>.FindInstance
[Warning: Singleton] Got null in Singleton<DiskCardGame.LifeManager>.FindInstance
[Warning: Singleton] Got null in Singleton<DiskCardGame.TurnManager>.FindInstance
[Warning: Singleton] Got null in Singleton<DiskCardGame.LifeManager>.FindInstance
[Warning: Singleton] Got null in Singleton<DiskCardGame.TurnManager>.FindInstance
[Warning: Singleton] Got null in Singleton<DiskCardGame.LifeManager>.FindInstance
[Warning: Singleton] Got null in Singleton<DiskCardGame.TurnManager>.FindInstance
[Warning: Singleton] Got null in Singleton<DiskCardGame.LifeManager>.FindInstance
[Warning: Singleton] Got null in Singleton<DiskCardGame.TurnManager>.FindInstance
[Warning: Singleton] Got null in Singleton<DiskCardGame.LifeManager>.FindInstance
[Warning: Singleton] Got null in Singleton<DiskCardGame.TurnManager>.FindInstance
[Warning: Singleton] Got null in Singleton<DiskCardGame.LifeManager>.FindInstance
[Warning: Singleton] Got null in Singleton<DiskCardGame.TurnManager>.FindInstance
[Warning: Singleton] Got null in Singleton<DiskCardGame.LifeManager>.FindInstance
[Warning: Singleton] Got null in Singleton<DiskCardGame.TurnManager>.FindInstance
[Warning: Singleton] Got null in Singleton<DiskCardGame.LifeManager>.FindInstance
[Warning: Singleton] Got null in Singleton<DiskCardGame.TurnManager>.FindInstance
[Warning: Singleton] Got null in Singleton<DiskCardGame.LifeManager>.FindInstance
[Warning: Singleton] Got null in Singleton<DiskCardGame.TurnManager>.FindInstance
[Warning: Singleton] Got null in Singleton<DiskCardGame.LifeManager>.FindInstance
[Warning: Singleton] Got null in Singleton<DiskCardGame.TurnManager>.FindInstance
[Warning: Singleton] Got null in Singleton<DiskCardGame.LifeManager>.FindInstance
[Warning: Singleton] Got null in Singleton<DiskCardGame.TurnManager>.FindInstance
[Warning: Singleton] Got null in Singleton<DiskCardGame.LifeManager>.FindInstance
[Warning: Singleton] Got null in Singleton<DiskCardGame.TurnManager>.FindInstance
[Warning: Singleton] Got null in Singleton<DiskCardGame.LifeManager>.FindInstance
[Warning: Singleton] Got null in Singleton<DiskCardGame.TurnManager>.FindInstance
[Warning: Singleton] Got null in Singleton<DiskCardGame.LifeManager>.FindInstance
[Warning: Singleton] Got null in Singleton<DiskCardGame.TurnManager>.FindInstance
[Warning: Singleton] Got null in Singleton<DiskCardGame.LifeManager>.FindInstance
[Warning: Singleton] Got null in Singleton<DiskCardGame.TurnManager>.FindInstance
[Warning: Singleton] Got null in Singleton<DiskCardGame.LifeManager>.FindInstance
[Warning: Singleton] Got null in Singleton<DiskCardGame.TurnManager>.FindInstance
[Warning: Singleton] Got null in Singleton<DiskCardGame.LifeManager>.FindInstance
[Warning: Singleton] Got null in Singleton<DiskCardGame.TurnManager>.FindInstance
[Warning: Singleton] Got null in Singleton<DiskCardGame.LifeManager>.FindInstance
[Warning: Singleton] Got null in Singleton<DiskCardGame.TurnManager>.FindInstance
[Warning: Singleton] Got null in Singleton<DiskCardGame.LifeManager>.FindInstance
[Warning: Singleton] Got null in Singleton<DiskCardGame.TurnManager>.FindInstance
[Warning: Singleton] Got null in Singleton<DiskCardGame.LifeManager>.FindInstance
[Warning: Singleton] Got null in Singleton<DiskCardGame.TurnManager>.FindInstance
[Warning: Singleton] Got null in Singleton<DiskCardGame.LifeManager>.FindInstance
[Warning: Singleton] Got null in Singleton<DiskCardGame.TurnManager>.FindInstance
[Warning: Singleton] Got null in Singleton<DiskCardGame.LifeManager>.FindInstance
[Warning: Singleton] Got null in Singleton<DiskCardGame.TurnManager>.FindInstance
[Warning: Singleton] Got null in Singleton<DiskCardGame.LifeManager>.FindInstance
[Warning: Singleton] Got null in Singleton<DiskCardGame.TurnManager>.FindInstance
[Warning: Singleton] Got null in Singleton<DiskCardGame.LifeManager>.FindInstance
[Warning: Singleton] Got null in Singleton<DiskCardGame.TurnManager>.FindInstance
[Warning: Singleton] Got null in Singleton<DiskCardGame.LifeManager>.FindInstance
[Warning: Singleton] Got null in Singleton<DiskCardGame.TurnManager>.FindInstance
[Warning: Singleton] Got null in Singleton<DiskCardGame.LifeManager>.FindInstance
[Warning: Singleton] Got null in Singleton<DiskCardGame.TurnManager>.FindInstance
[Warning: Singleton] Got null in Singleton<DiskCardGame.LifeManager>.FindInstance
[Warning: Singleton] Got null in Singleton<DiskCardGame.TurnManager>.FindInstance
[Warning: Singleton] Got null in Singleton<DiskCardGame.LifeManager>.FindInstance
[Warning: Singleton] Got null in Singleton<DiskCardGame.TurnManager>.FindInstance
[Warning: Singleton] Got null in Singleton<DiskCardGame.LifeManager>.FindInstance
[Warning: Singleton] Got null in Singleton<DiskCardGame.TurnManager>.FindInstance
[Warning: Singleton] Got null in Singleton<DiskCardGame.LifeManager>.FindInstance
[Warning: Singleton] Got null in Singleton<DiskCardGame.TurnManager>.FindInstance
[Warning: Singleton] Got null in Singleton<DiskCardGame.LifeManager>.FindInstance
[Warning: Singleton] Got null in Singleton<DiskCardGame.TurnManager>.FindInstance
[Warning: Singleton] Got null in Singleton<DiskCardGame.LifeManager>.FindInstance
[Warning: Singleton] Got null in Singleton<DiskCardGame.TurnManager>.FindInstance
[Warning: Singleton] Got null in Singleton<DiskCardGame.LifeManager>.FindInstance
[Warning: Singleton] Got null in Singleton<DiskCardGame.TurnManager>.FindInstance
[Warning: Singleton] Got null in Singleton<DiskCardGame.LifeManager>.FindInstance
[Warning: Singleton] Got null in Singleton<DiskCardGame.TurnManager>.FindInstance
[Warning: Singleton] Got null in Singleton<DiskCardGame.LifeManager>.FindInstance
[Warning: Singleton] Got null in Singleton<DiskCardGame.TurnManager>.FindInstance
[Warning: Singleton] Got null in Singleton<DiskCardGame.LifeManager>.FindInstance
[Warning: Singleton] Got null in Singleton<DiskCardGame.TurnManager>.FindInstance
[Warning: Singleton] Got null in Singleton<DiskCardGame.LifeManager>.FindInstance
[Warning: Singleton] Got null in Singleton<DiskCardGame.TurnManager>.FindInstance
[Warning: Singleton] Got null in Singleton<DiskCardGame.LifeManager>.FindInstance
[Warning: Singleton] Got null in Singleton<DiskCardGame.TurnManager>.FindInstance
[Warning: Singleton] Got null in Singleton<DiskCardGame.LifeManager>.FindInstance
[Warning: Singleton] Got null in Singleton<DiskCardGame.TurnManager>.FindInstance
[Warning: Singleton] Got null in Singleton<DiskCardGame.LifeManager>.FindInstance
[Warning: Singleton] Got null in Singleton<DiskCardGame.TurnManager>.FindInstance
[Warning: Singleton] Got null in Singleton<DiskCardGame.LifeManager>.FindInstance
[Warning: Singleton] Got null in Singleton<DiskCardGame.TurnManager>.FindInstance
[Warning: Singleton] Got null in Singleton<DiskCardGame.LifeManager>.FindInstance
[Warning: Singleton] Got null in Singleton<DiskCardGame.TurnManager>.FindInstance
[Warning: Singleton] Got null in Singleton<DiskCardGame.LifeManager>.FindInstance
[Warning: Singleton] Got null in Singleton<DiskCardGame.TurnManager>.FindInstance
[Warning: Singleton] Got null in Singleton<DiskCardGame.LifeManager>.FindInstance
[Warning: Singleton] Got null in Singleton<DiskCardGame.TurnManager>.FindInstance
[Warning: Singleton] Got null in Singleton<DiskCardGame.LifeManager>.FindInstance
[Warning: Singleton] Got null in Singleton<DiskCardGame.TurnManager>.FindInstance
[Warning: Singleton] Got null in Singleton<DiskCardGame.LifeManager>.FindInstance
[Warning: Singleton] Got null in Singleton<DiskCardGame.TurnManager>.FindInstance
[Warning: Singleton] Got null in Singleton<DiskCardGame.LifeManager>.FindInstance
[Warning: Singleton] Got null in Singleton<DiskCardGame.TurnManager>.FindInstance
[Warning: Singleton] Got null in Singleton<DiskCardGame.LifeManager>.FindInstance
[Warning: Singleton] Got null in Singleton<DiskCardGame.TurnManager>.FindInstance
[Warning: Singleton] Got null in Singleton<DiskCardGame.LifeManager>.FindInstance
[Warning: Singleton] Got null in Singleton<DiskCardGame.TurnManager>.FindInstance
[Warning: Singleton] Got null in Singleton<DiskCardGame.LifeManager>.FindInstance
[Warning: Singleton] Got null in Singleton<DiskCardGame.TurnManager>.FindInstance
[Warning: Singleton] Got null in Singleton<DiskCardGame.LifeManager>.FindInstance
[Warning: Singleton] Got null in Singleton<DiskCardGame.TurnManager>.FindInstance
[Warning: Singleton] Got null in Singleton<DiskCardGame.LifeManager>.FindInstance
[Warning: Singleton] Got null in Singleton<DiskCardGame.TurnManager>.FindInstance
[Warning: Singleton] Got null in Singleton<DiskCardGame.LifeManager>.FindInstance
[Warning: Singleton] Got null in Singleton<DiskCardGame.TurnManager>.FindInstance
[Warning: Singleton] Got null in Singleton<DiskCardGame.LifeManager>.FindInstance
[Warning: Singleton] Got null in Singleton<DiskCardGame.TurnManager>.FindInstance
[Warning: Singleton] Got null in Singleton<DiskCardGame.LifeManager>.FindInstance
[Warning: Singleton] Got null in Singleton<DiskCardGame.TurnManager>.FindInstance
[Warning: Singleton] Got null in Singleton<DiskCardGame.LifeManager>.FindInstance
[Warning: Singleton] Got null in Singleton<DiskCardGame.TurnManager>.FindInstance
[Warning: Singleton] Got null in Singleton<DiskCardGame.LifeManager>.FindInstance
[Warning: Singleton] Got null in Singleton<DiskCardGame.TurnManager>.FindInstance
[Warning: Singleton] Got null in Singleton<DiskCardGame.LifeManager>.FindInstance
[Warning: Singleton] Got null in Singleton<DiskCardGame.TurnManager>.FindInstance
[Warning: Singleton] Got null in Singleton<DiskCardGame.LifeManager>.FindInstance
[Warning: Singleton] Got null in Singleton<DiskCardGame.TurnManager>.FindInstance
[Warning: Singleton] Got null in Singleton<DiskCardGame.LifeManager>.FindInstance
[Warning: Singleton] Got null in Singleton<DiskCardGame.TurnManager>.FindInstance
[Warning: Singleton] Got null in Singleton<DiskCardGame.LifeManager>.FindInstance
[Warning: Singleton] Got null in Singleton<DiskCardGame.TurnManager>.FindInstance
[Warning: Singleton] Got null in Singleton<DiskCardGame.LifeManager>.FindInstance
[Warning: Singleton] Got null in Singleton<DiskCardGame.TurnManager>.FindInstance
[Warning: Singleton] Got null in Singleton<DiskCardGame.LifeManager>.FindInstance
[Warning: Singleton] Got null in Singleton<DiskCardGame.TurnManager>.FindInstance
[Warning: Singleton] Got null in Singleton<DiskCardGame.LifeManager>.FindInstance
[Warning: Singleton] Got null in Singleton<DiskCardGame.TurnManager>.FindInstance
[Warning: Singleton] Got null in Singleton<DiskCardGame.LifeManager>.FindInstance
[Warning: Singleton] Got null in Singleton<DiskCardGame.TurnManager>.FindInstance
[Warning: Singleton] Got null in Singleton<DiskCardGame.LifeManager>.FindInstance
[Warning: Singleton] Got null in Singleton<DiskCardGame.TurnManager>.FindInstance
[Warning: Singleton] Got null in Singleton<DiskCardGame.LifeManager>.FindInstance
[Warning: Singleton] Got null in Singleton<DiskCardGame.TurnManager>.FindInstance
[Warning: Singleton] Got null in Singleton<DiskCardGame.LifeManager>.FindInstance
[Warning: Singleton] Got null in Singleton<DiskCardGame.TurnManager>.FindInstance
[Warning: Singleton] Got null in Singleton<DiskCardGame.LifeManager>.FindInstance
[Warning: Singleton] Got null in Singleton<DiskCardGame.TurnManager>.FindInstance
[Warning: Singleton] Got null in Singleton<DiskCardGame.LifeManager>.FindInstance
[Warning: Singleton] Got null in Singleton<DiskCardGame.TurnManager>.FindInstance
[Warning: Singleton] Got null in Singleton<DiskCardGame.LifeManager>.FindInstance
[Warning: Singleton] Got null in Singleton<DiskCardGame.TurnManager>.FindInstance
[Warning: Singleton] Got null in Singleton<DiskCardGame.LifeManager>.FindInstance
[Warning: Singleton] Got null in Singleton<DiskCardGame.TurnManager>.FindInstance
[Warning: Singleton] Got null in Singleton<DiskCardGame.LifeManager>.FindInstance
[Warning: Singleton] Got null in Singleton<DiskCardGame.TurnManager>.FindInstance
[Warning: Singleton] Got null in Singleton<DiskCardGame.LifeManager>.FindInstance
[Warning: Singleton] Got null in Singleton<DiskCardGame.TurnManager>.FindInstance
[Warning: Singleton] Got null in Singleton<DiskCardGame.LifeManager>.FindInstance
[Warning: Singleton] Got null in Singleton<DiskCardGame.TurnManager>.FindInstance
[Warning: Singleton] Got null in Singleton<DiskCardGame.LifeManager>.FindInstance
[Warning: Singleton] Got null in Singleton<DiskCardGame.TurnManager>.FindInstance
[Warning: Singleton] Got null in Singleton<DiskCardGame.LifeManager>.FindInstance
[Warning: Singleton] Got null in Singleton<DiskCardGame.TurnManager>.FindInstance
[Warning: Singleton] Got null in Singleton<DiskCardGame.LifeManager>.FindInstance
[Warning: Singleton] Got null in Singleton<DiskCardGame.TurnManager>.FindInstance
[Warning: Singleton] Got null in Singleton<DiskCardGame.LifeManager>.FindInstance
[Warning: Singleton] Got null in Singleton<DiskCardGame.TurnManager>.FindInstance
[Warning: Singleton] Got null in Singleton<DiskCardGame.LifeManager>.FindInstance
[Warning: Singleton] Got null in Singleton<DiskCardGame.TurnManager>.FindInstance
[Warning: Singleton] Got null in Singleton<DiskCardGame.LifeManager>.FindInstance
[Warning: Singleton] Got null in Singleton<DiskCardGame.TurnManager>.FindInstance
[Warning: Singleton] Got null in Singleton<DiskCardGame.LifeManager>.FindInstance
[Warning: Singleton] Got null in Singleton<DiskCardGame.TurnManager>.FindInstance
[Warning: Singleton] Got null in Singleton<DiskCardGame.LifeManager>.FindInstance
[Warning: Singleton] Got null in Singleton<DiskCardGame.TurnManager>.FindInstance
[Warning: Singleton] Got null in Singleton<DiskCardGame.LifeManager>.FindInstance
[Warning: Singleton] Got null in Singleton<DiskCardGame.TurnManager>.FindInstance
[Warning: Singleton] Got null in Singleton<DiskCardGame.LifeManager>.FindInstance
[Warning: Singleton] Got null in Singleton<DiskCardGame.TurnManager>.FindInstance
[Warning: Singleton] Got null in Singleton<DiskCardGame.LifeManager>.FindInstance
[Warning: Singleton] Got null in Singleton<DiskCardGame.TurnManager>.FindInstance
[Warning: Singleton] Got null in Singleton<DiskCardGame.LifeManager>.FindInstance
[Warning: Singleton] Got null in Singleton<DiskCardGame.TurnManager>.FindInstance
[Warning: Singleton] Got null in Singleton<DiskCardGame.LifeManager>.FindInstance
[Warning: Singleton] Got null in Singleton<DiskCardGame.TurnManager>.FindInstance
[Warning: Singleton] Got null in Singleton<DiskCardGame.LifeManager>.FindInstance
[Warning: Singleton] Got null in Singleton<DiskCardGame.TurnManager>.FindInstance
[Warning: Singleton] Got null in Singleton<DiskCardGame.LifeManager>.FindInstance
[Warning: Singleton] Got null in Singleton<DiskCardGame.TurnManager>.FindInstance
[Warning: Singleton] Got null in Singleton<DiskCardGame.LifeManager>.FindInstance
[Warning: Singleton] Got null in Singleton<DiskCardGame.TurnManager>.FindInstance
[Warning: Singleton] Got null in Singleton<DiskCardGame.LifeManager>.FindInstance
[Warning: Singleton] Got null in Singleton<DiskCardGame.TurnManager>.FindInstance
[Warning: Singleton] Got null in Singleton<DiskCardGame.LifeManager>.FindInstance
[Warning: Singleton] Got null in Singleton<DiskCardGame.TurnManager>.FindInstance
[Warning: Singleton] Got null in Singleton<DiskCardGame.LifeManager>.FindInstance
[Warning: Singleton] Got null in Singleton<DiskCardGame.TurnManager>.FindInstance
[Warning: Singleton] Got null in Singleton<DiskCardGame.LifeManager>.FindInstance
[Warning: Singleton] Got null in Singleton<DiskCardGame.TurnManager>.FindInstance
[Warning: Singleton] Got null in Singleton<DiskCardGame.LifeManager>.FindInstance
[Warning: Singleton] Got null in Singleton<DiskCardGame.TurnManager>.FindInstance
[Warning: Singleton] Got null in Singleton<DiskCardGame.LifeManager>.FindInstance
[Warning: Singleton] Got null in Singleton<DiskCardGame.TurnManager>.FindInstance
[Warning: Singleton] Got null in Singleton<DiskCardGame.LifeManager>.FindInstance
[Warning: Singleton] Got null in Singleton<DiskCardGame.TurnManager>.FindInstance
[Warning: Singleton] Got null in Singleton<DiskCardGame.LifeManager>.FindInstance
[Warning: Singleton] Got null in Singleton<DiskCardGame.TurnManager>.FindInstance
[Warning: Singleton] Got null in Singleton<DiskCardGame.LifeManager>.FindInstance
[Warning: Singleton] Got null in Singleton<DiskCardGame.TurnManager>.FindInstance
[Warning: Singleton] Got null in Singleton<DiskCardGame.LifeManager>.FindInstance
[Warning: Singleton] Got null in Singleton<DiskCardGame.TurnManager>.FindInstance
[Warning: Singleton] Got null in Singleton<DiskCardGame.LifeManager>.FindInstance
[Warning: Singleton] Got null in Singleton<DiskCardGame.TurnManager>.FindInstance
[Warning: Singleton] Got null in Singleton<DiskCardGame.LifeManager>.FindInstance
[Warning: Singleton] Got null in Singleton<DiskCardGame.TurnManager>.FindInstance
[Warning: Singleton] Got null in Singleton<DiskCardGame.LifeManager>.FindInstance
[Warning: Singleton] Got null in Singleton<DiskCardGame.TurnManager>.FindInstance
[Warning: Singleton] Got null in Singleton<DiskCardGame.LifeManager>.FindInstance
[Warning: Singleton] Got null in Singleton<DiskCardGame.TurnManager>.FindInstance
[Warning: Singleton] Got null in Singleton<DiskCardGame.LifeManager>.FindInstance
[Warning: Singleton] Got null in Singleton<DiskCardGame.TurnManager>.FindInstance
[Warning: Singleton] Got null in Singleton<DiskCardGame.LifeManager>.FindInstance
[Warning: Singleton] Got null in Singleton<DiskCardGame.TurnManager>.FindInstance
[Warning: Singleton] Got null in Singleton<DiskCardGame.LifeManager>.FindInstance
[Warning: Singleton] Got null in Singleton<DiskCardGame.TurnManager>.FindInstance
[Warning: Singleton] Got null in Singleton<DiskCardGame.LifeManager>.FindInstance
[Warning: Singleton] Got null in Singleton<DiskCardGame.TurnManager>.FindInstance
[Warning: Singleton] Got null in Singleton<DiskCardGame.LifeManager>.FindInstance
[Warning: Singleton] Got null in Singleton<DiskCardGame.TurnManager>.FindInstance
[Warning: Singleton] Got null in Singleton<DiskCardGame.LifeManager>.FindInstance
[Warning: Singleton] Got null in Singleton<DiskCardGame.TurnManager>.FindInstance
[Warning: Singleton] Got null in Singleton<DiskCardGame.LifeManager>.FindInstance
[Warning: Singleton] Got null in Singleton<DiskCardGame.TurnManager>.FindInstance
[Warning: Singleton] Got null in Singleton<DiskCardGame.LifeManager>.FindInstance
[Warning: Singleton] Got null in Singleton<DiskCardGame.TurnManager>.FindInstance
[Warning: Singleton] Got null in Singleton<DiskCardGame.LifeManager>.FindInstance
[Warning: Singleton] Got null in Singleton<DiskCardGame.TurnManager>.FindInstance
[Warning: Singleton] Got null in Singleton<DiskCardGame.LifeManager>.FindInstance
[Warning: Singleton] Got null in Singleton<DiskCardGame.TurnManager>.FindInstance
[Warning: Singleton] Got null in Singleton<DiskCardGame.LifeManager>.FindInstance
[Warning: Singleton] Got null in Singleton<DiskCardGame.TurnManager>.FindInstance
[Warning: Singleton] Got null in Singleton<DiskCardGame.LifeManager>.FindInstance
[Warning: Singleton] Got null in Singleton<DiskCardGame.TurnManager>.FindInstance
[Warning: Singleton] Got null in Singleton<DiskCardGame.LifeManager>.FindInstance
[Warning: Singleton] Got null in Singleton<DiskCardGame.TurnManager>.FindInstance
[Warning: Singleton] Got null in Singleton<DiskCardGame.LifeManager>.FindInstance
[Warning: Singleton] Got null in Singleton<DiskCardGame.TurnManager>.FindInstance
[Warning: Singleton] Got null in Singleton<DiskCardGame.LifeManager>.FindInstance
[Warning: Singleton] Got null in Singleton<DiskCardGame.TurnManager>.FindInstance
[Warning: Singleton] Got null in Singleton<DiskCardGame.LifeManager>.FindInstance
[Warning: Singleton] Got null in Singleton<DiskCardGame.TurnManager>.FindInstance
[Warning: Singleton] Got null in Singleton<DiskCardGame.LifeManager>.FindInstance
[Warning: Singleton] Got null in Singleton<DiskCardGame.TurnManager>.FindInstance
[Warning: Singleton] Got null in Singleton<DiskCardGame.LifeManager>.FindInstance
[Warning: Singleton] Got null in Singleton<DiskCardGame.TurnManager>.FindInstance
[Warning: Singleton] Got null in Singleton<DiskCardGame.LifeManager>.FindInstance
[Warning: Singleton] Got null in Singleton<DiskCardGame.TurnManager>.FindInstance
[Warning: Singleton] Got null in Singleton<DiskCardGame.LifeManager>.FindInstance
[Warning: Singleton] Got null in Singleton<DiskCardGame.TurnManager>.FindInstance
[Warning: Singleton] Got null in Singleton<DiskCardGame.LifeManager>.FindInstance
[Warning: Singleton] Got null in Singleton<DiskCardGame.TurnManager>.FindInstance
[Warning: Singleton] Got null in Singleton<DiskCardGame.LifeManager>.FindInstance
[Warning: Singleton] Got null in Singleton<DiskCardGame.TurnManager>.FindInstance
[Warning: Singleton] Got null in Singleton<DiskCardGame.LifeManager>.FindInstance
[Warning: Singleton] Got null in Singleton<DiskCardGame.TurnManager>.FindInstance
[Warning: Singleton] Got null in Singleton<DiskCardGame.LifeManager>.FindInstance
[Warning: Singleton] Got null in Singleton<DiskCardGame.TurnManager>.FindInstance
[Warning: Singleton] Got null in Singleton<DiskCardGame.LifeManager>.FindInstance
[Warning: Singleton] Got null in Singleton<DiskCardGame.TurnManager>.FindInstance
[Warning: Singleton] Got null in Singleton<DiskCardGame.LifeManager>.FindInstance
[Warning: Singleton] Got null in Singleton<DiskCardGame.TurnManager>.FindInstance
[Warning: Singleton] Got null in Singleton<DiskCardGame.LifeManager>.FindInstance
[Warning: Singleton] Got null in Singleton<DiskCardGame.TurnManager>.FindInstance
[Warning: Singleton] Got null in Singleton<DiskCardGame.LifeManager>.FindInstance
[Warning: Singleton] Got null in Singleton<DiskCardGame.TurnManager>.FindInstance
[Warning: Singleton] Got null in Singleton<DiskCardGame.LifeManager>.FindInstance
[Warning: Singleton] Got null in Singleton<DiskCardGame.TurnManager>.FindInstance
[Warning: Singleton] Got null in Singleton<DiskCardGame.LifeManager>.FindInstance
[Warning: Singleton] Got null in Singleton<DiskCardGame.TurnManager>.FindInstance
[Warning: Singleton] Got null in Singleton<DiskCardGame.LifeManager>.FindInstance
[Warning: Singleton] Got null in Singleton<DiskCardGame.TurnManager>.FindInstance
[Warning: Singleton] Got null in Singleton<DiskCardGame.LifeManager>.FindInstance
[Warning: Singleton] Got null in Singleton<DiskCardGame.TurnManager>.FindInstance
[Warning: Singleton] Got null in Singleton<DiskCardGame.LifeManager>.FindInstance
[Warning: Singleton] Got null in Singleton<DiskCardGame.TurnManager>.FindInstance
[Warning: Singleton] Got null in Singleton<DiskCardGame.LifeManager>.FindInstance
[Warning: Singleton] Got null in Singleton<DiskCardGame.TurnManager>.FindInstance
[Warning: Singleton] Got null in Singleton<DiskCardGame.LifeManager>.FindInstance
[Warning: Singleton] Got null in Singleton<DiskCardGame.TurnManager>.FindInstance
[Warning: Singleton] Got null in Singleton<DiskCardGame.LifeManager>.FindInstance
[Warning: Singleton] Got null in Singleton<DiskCardGame.TurnManager>.FindInstance
[Warning: Singleton] Got null in Singleton<DiskCardGame.LifeManager>.FindInstance
[Warning: Singleton] Got null in Singleton<DiskCardGame.TurnManager>.FindInstance
[Warning: Singleton] Got null in Singleton<DiskCardGame.LifeManager>.FindInstance
[Warning: Singleton] Got null in Singleton<DiskCardGame.TurnManager>.FindInstance
[Warning: Singleton] Got null in Singleton<DiskCardGame.LifeManager>.FindInstance
[Warning: Singleton] Got null in Singleton<DiskCardGame.TurnManager>.FindInstance
[Warning: Singleton] Got null in Singleton<DiskCardGame.LifeManager>.FindInstance
[Warning: Singleton] Got null in Singleton<DiskCardGame.TurnManager>.FindInstance
[Warning: Singleton] Got null in Singleton<DiskCardGame.LifeManager>.FindInstance
[Warning: Singleton] Got null in Singleton<DiskCardGame.TurnManager>.FindInstance
[Warning: Singleton] Got null in Singleton<DiskCardGame.LifeManager>.FindInstance
[Warning: Singleton] Got null in Singleton<DiskCardGame.TurnManager>.FindInstance
[Warning: Singleton] Got null in Singleton<DiskCardGame.LifeManager>.FindInstance
[Warning: Singleton] Got null in Singleton<DiskCardGame.TurnManager>.FindInstance
[Warning: Singleton] Got null in Singleton<DiskCardGame.LifeManager>.FindInstance
[Warning: Singleton] Got null in Singleton<DiskCardGame.TurnManager>.FindInstance
[Warning: Singleton] Got null in Singleton<DiskCardGame.LifeManager>.FindInstance
[Warning: Singleton] Got null in Singleton<DiskCardGame.TurnManager>.FindInstance
[Warning: Singleton] Got null in Singleton<DiskCardGame.LifeManager>.FindInstance
[Warning: Singleton] Got null in Singleton<DiskCardGame.TurnManager>.FindInstance
[Warning: Singleton] Got null in Singleton<DiskCardGame.LifeManager>.FindInstance
[Warning: Singleton] Got null in Singleton<DiskCardGame.TurnManager>.FindInstance
[Warning: Singleton] Got null in Singleton<DiskCardGame.LifeManager>.FindInstance
[Warning: Singleton] Got null in Singleton<DiskCardGame.TurnManager>.FindInstance
[Warning: Singleton] Got null in Singleton<DiskCardGame.LifeManager>.FindInstance
[Warning: Singleton] Got null in Singleton<DiskCardGame.TurnManager>.FindInstance
[Warning: Singleton] Got null in Singleton<DiskCardGame.LifeManager>.FindInstance
[Warning: Singleton] Got null in Singleton<DiskCardGame.TurnManager>.FindInstance
[Warning: Singleton] Got null in Singleton<DiskCardGame.LifeManager>.FindInstance
[Warning: Singleton] Got null in Singleton<DiskCardGame.TurnManager>.FindInstance
[Warning: Singleton] Got null in Singleton<DiskCardGame.LifeManager>.FindInstance
[Warning: Singleton] Got null in Singleton<DiskCardGame.TurnManager>.FindInstance
[Warning: Singleton] Got null in Singleton<DiskCardGame.LifeManager>.FindInstance
[Warning: Singleton] Got null in Singleton<DiskCardGame.TurnManager>.FindInstance
[Warning: Singleton] Got null in Singleton<DiskCardGame.LifeManager>.FindInstance
[Warning: Singleton] Got null in Singleton<DiskCardGame.TurnManager>.FindInstance
[Warning: Singleton] Got null in Singleton<DiskCardGame.LifeManager>.FindInstance
[Warning: Singleton] Got null in Singleton<DiskCardGame.TurnManager>.FindInstance
[Warning: Singleton] Got null in Singleton<DiskCardGame.LifeManager>.FindInstance
[Warning: Singleton] Got null in Singleton<DiskCardGame.TurnManager>.FindInstance
[Warning: Singleton] Got null in Singleton<DiskCardGame.LifeManager>.FindInstance
[Warning: Singleton] Got null in Singleton<DiskCardGame.TurnManager>.FindInstance
[Warning: Singleton] Got null in Singleton<DiskCardGame.LifeManager>.FindInstance
[Warning: Singleton] Got null in Singleton<DiskCardGame.TurnManager>.FindInstance
[Warning: Singleton] Got null in Singleton<DiskCardGame.LifeManager>.FindInstance
[Warning: Singleton] Got null in Singleton<DiskCardGame.TurnManager>.FindInstance
[Warning: Singleton] Got null in Singleton<DiskCardGame.LifeManager>.FindInstance
[Warning: Singleton] Got null in Singleton<DiskCardGame.TurnManager>.FindInstance
[Warning: Singleton] Got null in Singleton<DiskCardGame.LifeManager>.FindInstance
[Warning: Singleton] Got null in Singleton<DiskCardGame.TurnManager>.FindInstance
[Warning: Singleton] Got null in Singleton<DiskCardGame.LifeManager>.FindInstance
[Warning: Singleton] Got null in Singleton<DiskCardGame.TurnManager>.FindInstance
[Warning: Singleton] Got null in Singleton<DiskCardGame.LifeManager>.FindInstance
[Warning: Singleton] Got null in Singleton<DiskCardGame.TurnManager>.FindInstance
[Warning: Singleton] Got null in Singleton<DiskCardGame.LifeManager>.FindInstance
[Warning: Singleton] Got null in Singleton<DiskCardGame.TurnManager>.FindInstance
[Warning: Singleton] Got null in Singleton<DiskCardGame.LifeManager>.FindInstance
[Warning: Singleton] Got null in Singleton<DiskCardGame.TurnManager>.FindInstance
[Warning: Singleton] Got null in Singleton<DiskCardGame.LifeManager>.FindInstance
[Warning: Singleton] Got null in Singleton<DiskCardGame.TurnManager>.FindInstance
[Warning: Singleton] Got null in Singleton<DiskCardGame.LifeManager>.FindInstance
[Warning: Singleton] Got null in Singleton<DiskCardGame.TurnManager>.FindInstance
[Warning: Singleton] Got null in Singleton<DiskCardGame.LifeManager>.FindInstance
[Warning: Singleton] Got null in Singleton<DiskCardGame.TurnManager>.FindInstance
[Warning: Singleton] Got null in Singleton<DiskCardGame.LifeManager>.FindInstance
[Warning: Singleton] Got null in Singleton<DiskCardGame.TurnManager>.FindInstance
[Warning: Singleton] Got null in Singleton<DiskCardGame.LifeManager>.FindInstance
[Warning: Singleton] Got null in Singleton<DiskCardGame.TurnManager>.FindInstance
[Warning: Singleton] Got null in Singleton<DiskCardGame.LifeManager>.FindInstance
[Warning: Singleton] Got null in Singleton<DiskCardGame.TurnManager>.FindInstance
[Warning: Singleton] Got null in Singleton<DiskCardGame.LifeManager>.FindInstance
[Warning: Singleton] Got null in Singleton<DiskCardGame.TurnManager>.FindInstance
[Warning: Singleton] Got null in Singleton<DiskCardGame.LifeManager>.FindInstance
[Warning: Singleton] Got null in Singleton<DiskCardGame.TurnManager>.FindInstance
[Warning: Singleton] Got null in Singleton<DiskCardGame.LifeManager>.FindInstance
[Warning: Singleton] Got null in Singleton<DiskCardGame.TurnManager>.FindInstance
[Warning: Singleton] Got null in Singleton<DiskCardGame.LifeManager>.FindInstance
[Warning: Singleton] Got null in Singleton<DiskCardGame.TurnManager>.FindInstance
[Warning: Singleton] Got null in Singleton<DiskCardGame.LifeManager>.FindInstance
[Warning: Singleton] Got null in Singleton<DiskCardGame.TurnManager>.FindInstance
[Warning: Singleton] Got null in Singleton<DiskCardGame.LifeManager>.FindInstance
[Warning: Singleton] Got null in Singleton<DiskCardGame.TurnManager>.FindInstance
[Warning: Singleton] Got null in Singleton<DiskCardGame.LifeManager>.FindInstance
[Warning: Singleton] Got null in Singleton<DiskCardGame.TurnManager>.FindInstance
[Warning: Singleton] Got null in Singleton<DiskCardGame.LifeManager>.FindInstance
[Warning: Singleton] Got null in Singleton<DiskCardGame.TurnManager>.FindInstance
[Warning: Singleton] Got null in Singleton<DiskCardGame.LifeManager>.FindInstance
[Warning: Singleton] Got null in Singleton<DiskCardGame.TurnManager>.FindInstance
[Warning: Singleton] Got null in Singleton<DiskCardGame.LifeManager>.FindInstance
[Warning: Singleton] Got null in Singleton<DiskCardGame.TurnManager>.FindInstance
[Warning: Singleton] Got null in Singleton<DiskCardGame.LifeManager>.FindInstance
[Warning: Singleton] Got null in Singleton<DiskCardGame.TurnManager>.FindInstance
[Warning: Singleton] Got null in Singleton<DiskCardGame.LifeManager>.FindInstance
[Warning: Singleton] Got null in Singleton<DiskCardGame.TurnManager>.FindInstance
[Warning: Singleton] Got null in Singleton<DiskCardGame.LifeManager>.FindInstance
[Warning: Singleton] Got null in Singleton<DiskCardGame.TurnManager>.FindInstance
[Warning: Singleton] Got null in Singleton<DiskCardGame.LifeManager>.FindInstance
[Warning: Singleton] Got null in Singleton<DiskCardGame.TurnManager>.FindInstance
[Warning: Singleton] Got null in Singleton<DiskCardGame.LifeManager>.FindInstance
[Warning: Singleton] Got null in Singleton<DiskCardGame.TurnManager>.FindInstance
[Warning: Singleton] Got null in Singleton<DiskCardGame.LifeManager>.FindInstance
[Warning: Singleton] Got null in Singleton<DiskCardGame.TurnManager>.FindInstance
[Warning: Singleton] Got null in Singleton<DiskCardGame.LifeManager>.FindInstance
[Warning: Singleton] Got null in Singleton<DiskCardGame.TurnManager>.FindInstance
[Warning: Singleton] Got null in Singleton<DiskCardGame.LifeManager>.FindInstance
[Warning: Singleton] Got null in Singleton<DiskCardGame.TurnManager>.FindInstance
[Warning: Singleton] Got null in Singleton<DiskCardGame.LifeManager>.FindInstance
[Warning: Singleton] Got null in Singleton<DiskCardGame.TurnManager>.FindInstance
[Warning: Singleton] Got null in Singleton<DiskCardGame.LifeManager>.FindInstance
[Warning: Singleton] Got null in Singleton<DiskCardGame.TurnManager>.FindInstance
[Warning: Singleton] Got null in Singleton<DiskCardGame.LifeManager>.FindInstance
[Warning: Singleton] Got null in Singleton<DiskCardGame.TurnManager>.FindInstance
[Warning: Singleton] Got null in Singleton<DiskCardGame.LifeManager>.FindInstance
[Warning: Singleton] Got null in Singleton<DiskCardGame.TurnManager>.FindInstance
[Warning: Singleton] Got null in Singleton<DiskCardGame.LifeManager>.FindInstance
[Warning: Singleton] Got null in Singleton<DiskCardGame.TurnManager>.FindInstance
[Warning: Singleton] Got null in Singleton<DiskCardGame.LifeManager>.FindInstance
[Warning: Singleton] Got null in Singleton<DiskCardGame.TurnManager>.FindInstance
[Warning: Singleton] Got null in Singleton<DiskCardGame.LifeManager>.FindInstance
[Warning: Singleton] Got null in Singleton<DiskCardGame.TurnManager>.FindInstance
[Warning: Singleton] Got null in Singleton<DiskCardGame.LifeManager>.FindInstance
[Warning: Singleton] Got null in Singleton<DiskCardGame.TurnManager>.FindInstance
[Warning: Singleton] Got null in Singleton<DiskCardGame.LifeManager>.FindInstance
[Warning: Singleton] Got null in Singleton<DiskCardGame.TurnManager>.FindInstance
[Warning: Singleton] Got null in Singleton<DiskCardGame.LifeManager>.FindInstance
[Warning: Singleton] Got null in Singleton<DiskCardGame.TurnManager>.FindInstance
[Warning: Singleton] Got null in Singleton<DiskCardGame.LifeManager>.FindInstance
[Warning: Singleton] Got null in Singleton<DiskCardGame.TurnManager>.FindInstance
[Warning: Singleton] Got null in Singleton<DiskCardGame.LifeManager>.FindInstance
[Warning: Singleton] Got null in Singleton<DiskCardGame.TurnManager>.FindInstance
[Warning: Singleton] Got null in Singleton<DiskCardGame.LifeManager>.FindInstance
[Warning: Singleton] Got null in Singleton<DiskCardGame.TurnManager>.FindInstance
[Warning: Singleton] Got null in Singleton<DiskCardGame.LifeManager>.FindInstance
[Warning: Singleton] Got null in Singleton<DiskCardGame.TurnManager>.FindInstance
[Warning: Singleton] Got null in Singleton<DiskCardGame.LifeManager>.FindInstance
[Warning: Singleton] Got null in Singleton<DiskCardGame.TurnManager>.FindInstance
[Warning: Singleton] Got null in Singleton<DiskCardGame.LifeManager>.FindInstance
[Warning: Singleton] Got null in Singleton<DiskCardGame.TurnManager>.FindInstance
[Warning: Singleton] Got null in Singleton<DiskCardGame.LifeManager>.FindInstance
[Warning: Singleton] Got null in Singleton<DiskCardGame.TurnManager>.FindInstance
[Warning: Singleton] Got null in Singleton<DiskCardGame.LifeManager>.FindInstance
[Warning: Singleton] Got null in Singleton<DiskCardGame.TurnManager>.FindInstance
[Warning: Singleton] Got null in Singleton<DiskCardGame.LifeManager>.FindInstance
[Warning: Singleton] Got null in Singleton<DiskCardGame.TurnManager>.FindInstance
[Warning: Singleton] Got null in Singleton<DiskCardGame.LifeManager>.FindInstance
[Warning: Singleton] Got null in Singleton<DiskCardGame.TurnManager>.FindInstance
[Warning: Singleton] Got null in Singleton<DiskCardGame.LifeManager>.FindInstance
[Warning: Singleton] Got null in Singleton<DiskCardGame.TurnManager>.FindInstance
[Warning: Singleton] Got null in Singleton<DiskCardGame.LifeManager>.FindInstance
[Warning: Singleton] Got null in Singleton<DiskCardGame.TurnManager>.FindInstance
[Warning: Singleton] Got null in Singleton<DiskCardGame.LifeManager>.FindInstance
[Warning: Singleton] Got null in Singleton<DiskCardGame.TurnManager>.FindInstance
[Warning: Singleton] Got null in Singleton<DiskCardGame.LifeManager>.FindInstance
[Warning: Singleton] Got null in Singleton<DiskCardGame.TurnManager>.FindInstance
[Warning: Singleton] Got null in Singleton<DiskCardGame.LifeManager>.FindInstance
[Warning: Singleton] Got null in Singleton<DiskCardGame.TurnManager>.FindInstance
[Warning: Singleton] Got null in Singleton<DiskCardGame.LifeManager>.FindInstance
[Warning: Singleton] Got null in Singleton<DiskCardGame.TurnManager>.FindInstance
[Warning: Singleton] Got null in Singleton<DiskCardGame.LifeManager>.FindInstance
[Warning: Singleton] Got null in Singleton<DiskCardGame.TurnManager>.FindInstance
[Warning: Singleton] Got null in Singleton<DiskCardGame.LifeManager>.FindInstance
[Warning: Singleton] Got null in Singleton<DiskCardGame.TurnManager>.FindInstance
[Warning: Singleton] Got null in Singleton<DiskCardGame.LifeManager>.FindInstance
[Warning: Singleton] Got null in Singleton<DiskCardGame.TurnManager>.FindInstance
[Warning: Singleton] Got null in Singleton<DiskCardGame.LifeManager>.FindInstance
[Warning: Singleton] Got null in Singleton<DiskCardGame.TurnManager>.FindInstance
[Warning: Singleton] Got null in Singleton<DiskCardGame.LifeManager>.FindInstance
[Warning: Singleton] Got null in Singleton<DiskCardGame.TurnManager>.FindInstance
[Warning: Singleton] Got null in Singleton<DiskCardGame.LifeManager>.FindInstance
[Warning: Singleton] Got null in Singleton<DiskCardGame.TurnManager>.FindInstance
[Warning: Singleton] Got null in Singleton<DiskCardGame.LifeManager>.FindInstance
[Warning: Singleton] Got null in Singleton<DiskCardGame.TurnManager>.FindInstance
[Warning: Singleton] Got null in Singleton<DiskCardGame.LifeManager>.FindInstance
[Warning: Singleton] Got null in Singleton<DiskCardGame.TurnManager>.FindInstance
[Warning: Singleton] Got null in Singleton<DiskCardGame.LifeManager>.FindInstance
[Warning: Singleton] Got null in Singleton<DiskCardGame.TurnManager>.FindInstance
[Warning: Singleton] Got null in Singleton<DiskCardGame.LifeManager>.FindInstance
[Warning: Singleton] Got null in Singleton<DiskCardGame.TurnManager>.FindInstance
[Warning: Singleton] Got null in Singleton<DiskCardGame.LifeManager>.FindInstance
[Warning: Singleton] Got null in Singleton<DiskCardGame.TurnManager>.FindInstance
[Warning: Singleton] Got null in Singleton<DiskCardGame.LifeManager>.FindInstance
[Warning: Singleton] Got null in Singleton<DiskCardGame.TurnManager>.FindInstance
[Warning: Singleton] Got null in Singleton<DiskCardGame.LifeManager>.FindInstance
[Warning: Singleton] Got null in Singleton<DiskCardGame.TurnManager>.FindInstance
[Warning: Singleton] Got null in Singleton<DiskCardGame.LifeManager>.FindInstance
[Warning: Singleton] Got null in Singleton<DiskCardGame.TurnManager>.FindInstance
[Warning: Singleton] Got null in Singleton<DiskCardGame.LifeManager>.FindInstance
[Warning: Singleton] Got null in Singleton<DiskCardGame.TurnManager>.FindInstance
[Warning: Singleton] Got null in Singleton<DiskCardGame.LifeManager>.FindInstance
[Warning: Singleton] Got null in Singleton<DiskCardGame.TurnManager>.FindInstance
[Warning: Singleton] Got null in Singleton<DiskCardGame.LifeManager>.FindInstance
[Warning: Singleton] Got null in Singleton<DiskCardGame.TurnManager>.FindInstance
[Warning: Singleton] Got null in Singleton<DiskCardGame.LifeManager>.FindInstance
[Warning: Singleton] Got null in Singleton<DiskCardGame.TurnManager>.FindInstance
[Warning: Singleton] Got null in Singleton<DiskCardGame.LifeManager>.FindInstance
[Warning: Singleton] Got null in Singleton<DiskCardGame.TurnManager>.FindInstance
[Warning: Singleton] Got null in Singleton<DiskCardGame.LifeManager>.FindInstance
[Warning: Singleton] Got null in Singleton<DiskCardGame.TurnManager>.FindInstance
[Warning: Singleton] Got null in Singleton<DiskCardGame.LifeManager>.FindInstance
[Warning: Singleton] Got null in Singleton<DiskCardGame.TurnManager>.FindInstance
[Warning: Singleton] Got null in Singleton<DiskCardGame.LifeManager>.FindInstance
[Warning: Singleton] Got null in Singleton<DiskCardGame.TurnManager>.FindInstance
[Warning: Singleton] Got null in Singleton<DiskCardGame.LifeManager>.FindInstance
[Warning: Singleton] Got null in Singleton<DiskCardGame.TurnManager>.FindInstance
[Warning: Singleton] Got null in Singleton<DiskCardGame.LifeManager>.FindInstance
[Warning: Singleton] Got null in Singleton<DiskCardGame.TurnManager>.FindInstance
[Warning: Singleton] Got null in Singleton<DiskCardGame.LifeManager>.FindInstance
[Warning: Singleton] Got null in Singleton<DiskCardGame.TurnManager>.FindInstance
[Warning: Singleton] Got null in Singleton<DiskCardGame.LifeManager>.FindInstance
[Warning: Singleton] Got null in Singleton<DiskCardGame.TurnManager>.FindInstance
[Warning: Singleton] Got null in Singleton<DiskCardGame.LifeManager>.FindInstance
[Warning: Singleton] Got null in Singleton<DiskCardGame.TurnManager>.FindInstance
[Warning: Singleton] Got null in Singleton<DiskCardGame.LifeManager>.FindInstance
[Warning: Singleton] Got null in Singleton<DiskCardGame.TurnManager>.FindInstance
[Warning: Singleton] Got null in Singleton<DiskCardGame.LifeManager>.FindInstance
[Warning: Singleton] Got null in Singleton<DiskCardGame.TurnManager>.FindInstance
[Warning: Singleton] Got null in Singleton<DiskCardGame.LifeManager>.FindInstance
[Warning: Singleton] Got null in Singleton<DiskCardGame.TurnManager>.FindInstance
[Warning: Singleton] Got null in Singleton<DiskCardGame.LifeManager>.FindInstance
[Warning: Singleton] Got null in Singleton<DiskCardGame.TurnManager>.FindInstance
[Warning: Singleton] Got null in Singleton<DiskCardGame.LifeManager>.FindInstance
[Warning: Singleton] Got null in Singleton<DiskCardGame.TurnManager>.FindInstance
[Warning: Singleton] Got null in Singleton<DiskCardGame.LifeManager>.FindInstance
[Warning: Singleton] Got null in Singleton<DiskCardGame.TurnManager>.FindInstance
[Warning: Singleton] Got null in Singleton<DiskCardGame.LifeManager>.FindInstance
[Warning: Singleton] Got null in Singleton<DiskCardGame.TurnManager>.FindInstance
[Warning: Singleton] Got null in Singleton<DiskCardGame.LifeManager>.FindInstance
[Warning: Singleton] Got null in Singleton<DiskCardGame.TurnManager>.FindInstance
[Warning: Singleton] Got null in Singleton<DiskCardGame.LifeManager>.FindInstance
[Warning: Singleton] Got null in Singleton<DiskCardGame.TurnManager>.FindInstance
[Warning: Singleton] Got null in Singleton<DiskCardGame.LifeManager>.FindInstance
[Warning: Singleton] Got null in Singleton<DiskCardGame.TurnManager>.FindInstance
[Warning: Singleton] Got null in Singleton<DiskCardGame.LifeManager>.FindInstance
[Warning: Singleton] Got null in Singleton<DiskCardGame.TurnManager>.FindInstance
[Warning: Singleton] Got null in Singleton<DiskCardGame.LifeManager>.FindInstance
[Warning: Singleton] Got null in Singleton<DiskCardGame.TurnManager>.FindInstance
[Warning: Singleton] Got null in Singleton<DiskCardGame.LifeManager>.FindInstance
[Warning: Singleton] Got null in Singleton<DiskCardGame.TurnManager>.FindInstance
[Warning: Singleton] Got null in Singleton<DiskCardGame.LifeManager>.FindInstance
[Warning: Singleton] Got null in Singleton<DiskCardGame.TurnManager>.FindInstance
[Warning: Singleton] Got null in Singleton<DiskCardGame.LifeManager>.FindInstance
[Warning: Singleton] Got null in Singleton<DiskCardGame.TurnManager>.FindInstance
[Warning: Singleton] Got null in Singleton<DiskCardGame.LifeManager>.FindInstance
[Warning: Singleton] Got null in Singleton<DiskCardGame.TurnManager>.FindInstance
[Warning: Singleton] Got null in Singleton<DiskCardGame.LifeManager>.FindInstance
[Warning: Singleton] Got null in Singleton<DiskCardGame.TurnManager>.FindInstance
[Warning: Singleton] Got null in Singleton<DiskCardGame.LifeManager>.FindInstance
[Warning: Singleton] Got null in Singleton<DiskCardGame.TurnManager>.FindInstance
[Warning: Singleton] Got null in Singleton<DiskCardGame.LifeManager>.FindInstance
[Warning: Singleton] Got null in Singleton<DiskCardGame.TurnManager>.FindInstance
[Warning: Singleton] Got null in Singleton<DiskCardGame.LifeManager>.FindInstance
[Warning: Singleton] Got null in Singleton<DiskCardGame.TurnManager>.FindInstance
[Warning: Singleton] Got null in Singleton<DiskCardGame.LifeManager>.FindInstance
[Warning: Singleton] Got null in Singleton<DiskCardGame.TurnManager>.FindInstance
[Warning: Singleton] Got null in Singleton<DiskCardGame.LifeManager>.FindInstance
[Warning: Singleton] Got null in Singleton<DiskCardGame.TurnManager>.FindInstance
[Warning: Singleton] Got null in Singleton<DiskCardGame.LifeManager>.FindInstance
[Warning: Singleton] Got null in Singleton<DiskCardGame.TurnManager>.FindInstance
[Warning: Singleton] Got null in Singleton<DiskCardGame.LifeManager>.FindInstance
[Warning: Singleton] Got null in Singleton<DiskCardGame.TurnManager>.FindInstance
[Warning: Singleton] Got null in Singleton<DiskCardGame.LifeManager>.FindInstance
[Warning: Singleton] Got null in Singleton<DiskCardGame.TurnManager>.FindInstance
[Warning: Singleton] Got null in Singleton<DiskCardGame.LifeManager>.FindInstance
[Warning: Singleton] Got null in Singleton<DiskCardGame.TurnManager>.FindInstance
[Warning: Singleton] Got null in Singleton<DiskCardGame.LifeManager>.FindInstance
[Warning: Singleton] Got null in Singleton<DiskCardGame.TurnManager>.FindInstance
[Warning: Singleton] Got null in Singleton<DiskCardGame.LifeManager>.FindInstance
[Warning: Singleton] Got null in Singleton<DiskCardGame.TurnManager>.FindInstance
[Warning: Singleton] Got null in Singleton<DiskCardGame.LifeManager>.FindInstance
[Warning: Singleton] Got null in Singleton<DiskCardGame.TurnManager>.FindInstance
[Warning: Singleton] Got null in Singleton<DiskCardGame.LifeManager>.FindInstance
[Warning: Singleton] Got null in Singleton<DiskCardGame.TurnManager>.FindInstance
[Warning: Singleton] Got null in Singleton<DiskCardGame.LifeManager>.FindInstance
[Warning: Singleton] Got null in Singleton<DiskCardGame.TurnManager>.FindInstance
[Warning: Singleton] Got null in Singleton<DiskCardGame.LifeManager>.FindInstance
[Warning: Singleton] Got null in Singleton<DiskCardGame.TurnManager>.FindInstance
[Warning: Singleton] Got null in Singleton<DiskCardGame.LifeManager>.FindInstance
[Warning: Singleton] Got null in Singleton<DiskCardGame.TurnManager>.FindInstance
[Warning: Singleton] Got null in Singleton<DiskCardGame.LifeManager>.FindInstance
[Warning: Singleton] Got null in Singleton<DiskCardGame.TurnManager>.FindInstance
[Warning: Singleton] Got null in Singleton<DiskCardGame.LifeManager>.FindInstance
[Warning: Singleton] Got null in Singleton<DiskCardGame.TurnManager>.FindInstance
[Warning: Singleton] Got null in Singleton<DiskCardGame.LifeManager>.FindInstance
[Warning: Singleton] Got null in Singleton<DiskCardGame.TurnManager>.FindInstance
[Warning: Singleton] Got null in Singleton<DiskCardGame.LifeManager>.FindInstance
[Warning: Singleton] Got null in Singleton<DiskCardGame.TurnManager>.FindInstance
[Warning: Singleton] Got null in Singleton<DiskCardGame.LifeManager>.FindInstance
[Warning: Singleton] Got null in Singleton<DiskCardGame.TurnManager>.FindInstance
[Warning: Singleton] Got null in Singleton<DiskCardGame.LifeManager>.FindInstance
[Warning: Singleton] Got null in Singleton<DiskCardGame.TurnManager>.FindInstance
[Warning: Singleton] Got null in Singleton<DiskCardGame.LifeManager>.FindInstance
[Warning: Singleton] Got null in Singleton<DiskCardGame.TurnManager>.FindInstance
[Warning: Singleton] Got null in Singleton<DiskCardGame.LifeManager>.FindInstance
[Warning: Singleton] Got null in Singleton<DiskCardGame.TurnManager>.FindInstance
[Warning: Singleton] Got null in Singleton<DiskCardGame.LifeManager>.FindInstance
[Warning: Singleton] Got null in Singleton<DiskCardGame.TurnManager>.FindInstance
[Warning: Singleton] Got null in Singleton<DiskCardGame.LifeManager>.FindInstance
[Warning: Singleton] Got null in Singleton<DiskCardGame.TurnManager>.FindInstance
[Warning: Singleton] Got null in Singleton<DiskCardGame.LifeManager>.FindInstance
[Warning: Singleton] Got null in Singleton<DiskCardGame.TurnManager>.FindInstance
[Warning: Singleton] Got null in Singleton<DiskCardGame.LifeManager>.FindInstance
[Warning: Singleton] Got null in Singleton<DiskCardGame.TurnManager>.FindInstance
[Warning: Singleton] Got null in Singleton<DiskCardGame.LifeManager>.FindInstance
[Warning: Singleton] Got null in Singleton<DiskCardGame.TurnManager>.FindInstance
[Warning: Singleton] Got null in Singleton<DiskCardGame.LifeManager>.FindInstance
[Warning: Singleton] Got null in Singleton<DiskCardGame.TurnManager>.FindInstance
[Warning: Singleton] Got null in Singleton<DiskCardGame.LifeManager>.FindInstance
[Warning: Singleton] Got null in Singleton<DiskCardGame.TurnManager>.FindInstance
[Warning: Singleton] Got null in Singleton<DiskCardGame.LifeManager>.FindInstance
[Warning: Singleton] Got null in Singleton<DiskCardGame.TurnManager>.FindInstance
[Warning: Singleton] Got null in Singleton<DiskCardGame.LifeManager>.FindInstance
[Warning: Singleton] Got null in Singleton<DiskCardGame.TurnManager>.FindInstance
[Warning: Singleton] Got null in Singleton<DiskCardGame.LifeManager>.FindInstance
[Warning: Singleton] Got null in Singleton<DiskCardGame.TurnManager>.FindInstance
[Warning: Singleton] Got null in Singleton<DiskCardGame.LifeManager>.FindInstance
[Warning: Singleton] Got null in Singleton<DiskCardGame.TurnManager>.FindInstance
[Warning: Singleton] Got null in Singleton<DiskCardGame.LifeManager>.FindInstance
[Warning: Singleton] Got null in Singleton<DiskCardGame.TurnManager>.FindInstance
[Warning: Singleton] Got null in Singleton<DiskCardGame.LifeManager>.FindInstance
[Warning: Singleton] Got null in Singleton<DiskCardGame.TurnManager>.FindInstance
[Warning: Singleton] Got null in Singleton<DiskCardGame.LifeManager>.FindInstance
[Warning: Singleton] Got null in Singleton<DiskCardGame.TurnManager>.FindInstance
[Warning: Singleton] Got null in Singleton<DiskCardGame.LifeManager>.FindInstance
[Warning: Singleton] Got null in Singleton<DiskCardGame.TurnManager>.FindInstance
[Warning: Singleton] Got null in Singleton<DiskCardGame.LifeManager>.FindInstance
[Warning: Singleton] Got null in Singleton<DiskCardGame.TurnManager>.FindInstance
[Warning: Singleton] Got null in Singleton<DiskCardGame.LifeManager>.FindInstance
[Warning: Singleton] Got null in Singleton<DiskCardGame.TurnManager>.FindInstance
[Warning: Singleton] Got null in Singleton<DiskCardGame.LifeManager>.FindInstance
[Warning: Singleton] Got null in Singleton<DiskCardGame.TurnManager>.FindInstance
[Warning: Singleton] Got null in Singleton<DiskCardGame.LifeManager>.FindInstance
[Warning: Singleton] Got null in Singleton<DiskCardGame.TurnManager>.FindInstance
[Warning: Singleton] Got null in Singleton<DiskCardGame.LifeManager>.FindInstance
[Warning: Singleton] Got null in Singleton<DiskCardGame.TurnManager>.FindInstance
[Warning: Singleton] Got null in Singleton<DiskCardGame.LifeManager>.FindInstance
[Warning: Singleton] Got null in Singleton<DiskCardGame.TurnManager>.FindInstance
[Warning: Singleton] Got null in Singleton<DiskCardGame.LifeManager>.FindInstance
[Warning: Singleton] Got null in Singleton<DiskCardGame.TurnManager>.FindInstance
[Warning: Singleton] Got null in Singleton<DiskCardGame.LifeManager>.FindInstance
[Warning: Singleton] Got null in Singleton<DiskCardGame.TurnManager>.FindInstance
[Warning: Singleton] Got null in Singleton<DiskCardGame.LifeManager>.FindInstance
[Warning: Singleton] Got null in Singleton<DiskCardGame.TurnManager>.FindInstance
[Warning: Singleton] Got null in Singleton<DiskCardGame.LifeManager>.FindInstance
[Warning: Singleton] Got null in Singleton<DiskCardGame.TurnManager>.FindInstance
[Warning: Singleton] Got null in Singleton<DiskCardGame.LifeManager>.FindInstance
[Warning: Singleton] Got null in Singleton<DiskCardGame.TurnManager>.FindInstance
[Warning: Singleton] Got null in Singleton<DiskCardGame.LifeManager>.FindInstance
[Warning: Singleton] Got null in Singleton<DiskCardGame.TurnManager>.FindInstance
[Warning: Singleton] Got null in Singleton<DiskCardGame.LifeManager>.FindInstance
[Warning: Singleton] Got null in Singleton<DiskCardGame.TurnManager>.FindInstance
[Warning: Singleton] Got null in Singleton<DiskCardGame.LifeManager>.FindInstance
[Warning: Singleton] Got null in Singleton<DiskCardGame.TurnManager>.FindInstance
[Warning: Singleton] Got null in Singleton<DiskCardGame.LifeManager>.FindInstance
[Warning: Singleton] Got null in Singleton<DiskCardGame.TurnManager>.FindInstance
[Warning: Singleton] Got null in Singleton<DiskCardGame.LifeManager>.FindInstance
[Warning: Singleton] Got null in Singleton<DiskCardGame.TurnManager>.FindInstance
[Warning: Singleton] Got null in Singleton<DiskCardGame.LifeManager>.FindInstance
[Warning: Singleton] Got null in Singleton<DiskCardGame.TurnManager>.FindInstance
[Warning: Singleton] Got null in Singleton<DiskCardGame.LifeManager>.FindInstance
[Warning: Singleton] Got null in Singleton<DiskCardGame.TurnManager>.FindInstance
[Warning: Singleton] Got null in Singleton<DiskCardGame.LifeManager>.FindInstance
[Warning: Singleton] Got null in Singleton<DiskCardGame.TurnManager>.FindInstance
[Warning: Singleton] Got null in Singleton<DiskCardGame.LifeManager>.FindInstance
[Warning: Singleton] Got null in Singleton<DiskCardGame.TurnManager>.FindInstance
[Warning: Singleton] Got null in Singleton<DiskCardGame.LifeManager>.FindInstance
[Warning: Singleton] Got null in Singleton<DiskCardGame.TurnManager>.FindInstance
[Warning: Singleton] Got null in Singleton<DiskCardGame.LifeManager>.FindInstance
[Warning: Singleton] Got null in Singleton<DiskCardGame.TurnManager>.FindInstance
[Warning: Singleton] Got null in Singleton<DiskCardGame.LifeManager>.FindInstance
[Warning: Singleton] Got null in Singleton<DiskCardGame.TurnManager>.FindInstance
[Warning: Singleton] Got null in Singleton<DiskCardGame.LifeManager>.FindInstance
[Warning: Singleton] Got null in Singleton<DiskCardGame.TurnManager>.FindInstance
[Warning: Singleton] Got null in Singleton<DiskCardGame.LifeManager>.FindInstance
[Warning: Singleton] Got null in Singleton<DiskCardGame.TurnManager>.FindInstance
[Warning: Singleton] Got null in Singleton<DiskCardGame.LifeManager>.FindInstance
[Warning: Singleton] Got null in Singleton<DiskCardGame.TurnManager>.FindInstance
[Warning: Singleton] Got null in Singleton<DiskCardGame.LifeManager>.FindInstance
[Warning: Singleton] Got null in Singleton<DiskCardGame.TurnManager>.FindInstance
[Warning: Singleton] Got null in Singleton<DiskCardGame.LifeManager>.FindInstance
[Warning: Singleton] Got null in Singleton<DiskCardGame.TurnManager>.FindInstance
[Warning: Singleton] Got null in Singleton<DiskCardGame.LifeManager>.FindInstance
[Warning: Singleton] Got null in Singleton<DiskCardGame.TurnManager>.FindInstance
[Warning: Singleton] Got null in Singleton<DiskCardGame.LifeManager>.FindInstance
[Warning: Singleton] Got null in Singleton<DiskCardGame.TurnManager>.FindInstance
[Warning: Singleton] Got null in Singleton<DiskCardGame.LifeManager>.FindInstance
[Warning: Singleton] Got null in Singleton<DiskCardGame.TurnManager>.FindInstance
[Warning: Singleton] Got null in Singleton<DiskCardGame.LifeManager>.FindInstance
[Warning: Singleton] Got null in Singleton<DiskCardGame.TurnManager>.FindInstance
[Warning: Singleton] Got null in Singleton<DiskCardGame.LifeManager>.FindInstance
[Warning: Singleton] Got null in Singleton<DiskCardGame.TurnManager>.FindInstance
[Warning: Singleton] Got null in Singleton<DiskCardGame.LifeManager>.FindInstance
[Warning: Singleton] Got null in Singleton<DiskCardGame.TurnManager>.FindInstance
[Warning: Singleton] Got null in Singleton<DiskCardGame.LifeManager>.FindInstance
[Warning: Singleton] Got null in Singleton<DiskCardGame.TurnManager>.FindInstance
[Warning: Singleton] Got null in Singleton<DiskCardGame.LifeManager>.FindInstance
[Warning: Singleton] Got null in Singleton<DiskCardGame.TurnManager>.FindInstance
[Warning: Singleton] Got null in Singleton<DiskCardGame.LifeManager>.FindInstance
[Warning: Singleton] Got null in Singleton<DiskCardGame.TurnManager>.FindInstance
[Warning: Singleton] Got null in Singleton<DiskCardGame.LifeManager>.FindInstance
[Warning: Singleton] Got null in Singleton<DiskCardGame.TurnManager>.FindInstance
[Warning: Singleton] Got null in Singleton<DiskCardGame.LifeManager>.FindInstance
[Warning: Singleton] Got null in Singleton<DiskCardGame.TurnManager>.FindInstance
[Warning: Singleton] Got null in Singleton<DiskCardGame.LifeManager>.FindInstance
[Warning: Singleton] Got null in Singleton<DiskCardGame.TurnManager>.FindInstance
[Warning: Singleton] Got null in Singleton<DiskCardGame.LifeManager>.FindInstance
[Warning: Singleton] Got null in Singleton<DiskCardGame.TurnManager>.FindInstance
[Warning: Singleton] Got null in Singleton<DiskCardGame.LifeManager>.FindInstance
[Warning: Singleton] Got null in Singleton<DiskCardGame.TurnManager>.FindInstance
[Warning: Singleton] Got null in Singleton<DiskCardGame.LifeManager>.FindInstance
[Warning: Singleton] Got null in Singleton<DiskCardGame.TurnManager>.FindInstance
[Warning: Singleton] Got null in Singleton<DiskCardGame.LifeManager>.FindInstance
[Warning: Singleton] Got null in Singleton<DiskCardGame.TurnManager>.FindInstance
[Warning: Singleton] Got null in Singleton<DiskCardGame.LifeManager>.FindInstance
[Warning: Singleton] Got null in Singleton<DiskCardGame.TurnManager>.FindInstance
[Warning: Singleton] Got null in Singleton<DiskCardGame.LifeManager>.FindInstance
[Warning: Singleton] Got null in Singleton<DiskCardGame.TurnManager>.FindInstance
[Warning: Singleton] Got null in Singleton<DiskCardGame.LifeManager>.FindInstance
[Warning: Singleton] Got null in Singleton<DiskCardGame.TurnManager>.FindInstance
[Warning: Singleton] Got null in Singleton<DiskCardGame.LifeManager>.FindInstance
[Warning: Singleton] Got null in Singleton<DiskCardGame.TurnManager>.FindInstance
[Warning: Singleton] Got null in Singleton<DiskCardGame.LifeManager>.FindInstance
[Warning: Singleton] Got null in Singleton<DiskCardGame.TurnManager>.FindInstance
[Warning: Singleton] Got null in Singleton<DiskCardGame.LifeManager>.FindInstance
[Warning: Singleton] Got null in Singleton<DiskCardGame.TurnManager>.FindInstance
[Warning: Singleton] Got null in Singleton<DiskCardGame.LifeManager>.FindInstance
[Warning: Singleton] Got null in Singleton<DiskCardGame.TurnManager>.FindInstance
[Warning: Singleton] Got null in Singleton<DiskCardGame.LifeManager>.FindInstance
[Warning: Singleton] Got null in Singleton<DiskCardGame.TurnManager>.FindInstance
[Warning: Singleton] Got null in Singleton<DiskCardGame.LifeManager>.FindInstance
[Warning: Singleton] Got null in Singleton<DiskCardGame.TurnManager>.FindInstance
[Warning: Singleton] Got null in Singleton<DiskCardGame.LifeManager>.FindInstance
[Warning: Singleton] Got null in Singleton<DiskCardGame.TurnManager>.FindInstance
[Warning: Singleton] Got null in Singleton<DiskCardGame.LifeManager>.FindInstance
[Warning: Singleton] Got null in Singleton<DiskCardGame.TurnManager>.FindInstance
[Warning: Singleton] Got null in Singleton<DiskCardGame.LifeManager>.FindInstance
[Warning: Singleton] Got null in Singleton<DiskCardGame.TurnManager>.FindInstance
[Warning: Singleton] Got null in Singleton<DiskCardGame.LifeManager>.FindInstance
[Warning: Singleton] Got null in Singleton<DiskCardGame.TurnManager>.FindInstance
[Warning: Singleton] Got null in Singleton<DiskCardGame.LifeManager>.FindInstance
[Warning: Singleton] Got null in Singleton<DiskCardGame.TurnManager>.FindInstance
[Warning: Singleton] Got null in Singleton<DiskCardGame.LifeManager>.FindInstance
[Warning: Singleton] Got null in Singleton<DiskCardGame.TurnManager>.FindInstance
[Warning: Singleton] Got null in Singleton<DiskCardGame.LifeManager>.FindInstance
[Warning: Singleton] Got null in Singleton<DiskCardGame.TurnManager>.FindInstance
[Warning: Singleton] Got null in Singleton<DiskCardGame.LifeManager>.FindInstance
[Warning: Singleton] Got null in Singleton<DiskCardGame.TurnManager>.FindInstance
[Warning: Singleton] Got null in Singleton<DiskCardGame.LifeManager>.FindInstance
[Warning: Singleton] Got null in Singleton<DiskCardGame.TurnManager>.FindInstance
[Warning: Singleton] Got null in Singleton<DiskCardGame.LifeManager>.FindInstance
[Warning: Singleton] Got null in Singleton<DiskCardGame.TurnManager>.FindInstance
[Warning: Singleton] Got null in Singleton<DiskCardGame.LifeManager>.FindInstance
[Warning: Singleton] Got null in Singleton<DiskCardGame.TurnManager>.FindInstance
[Warning: Singleton] Got null in Singleton<DiskCardGame.LifeManager>.FindInstance
[Warning: Singleton] Got null in Singleton<DiskCardGame.TurnManager>.FindInstance
[Warning: Singleton] Got null in Singleton<DiskCardGame.LifeManager>.FindInstance
[Warning: Singleton] Got null in Singleton<DiskCardGame.TurnManager>.FindInstance
[Warning: Singleton] Got null in Singleton<DiskCardGame.LifeManager>.FindInstance
[Warning: Singleton] Got null in Singleton<DiskCardGame.TurnManager>.FindInstance
[Warning: Singleton] Got null in Singleton<DiskCardGame.LifeManager>.FindInstance
[Warning: Singleton] Got null in Singleton<DiskCardGame.TurnManager>.FindInstance
[Warning: Singleton] Got null in Singleton<DiskCardGame.LifeManager>.FindInstance
[Warning: Singleton] Got null in Singleton<DiskCardGame.TurnManager>.FindInstance
[Warning: Singleton] Got null in Singleton<DiskCardGame.LifeManager>.FindInstance
[Warning: Singleton] Got null in Singleton<DiskCardGame.TurnManager>.FindInstance
[Warning: Singleton] Got null in Singleton<DiskCardGame.LifeManager>.FindInstance
[Warning: Singleton] Got null in Singleton<DiskCardGame.TurnManager>.FindInstance
[Warning: Singleton] Got null in Singleton<DiskCardGame.LifeManager>.FindInstance
[Warning: Singleton] Got null in Singleton<DiskCardGame.TurnManager>.FindInstance
[Warning: Singleton] Got null in Singleton<DiskCardGame.LifeManager>.FindInstance
[Warning: Singleton] Got null in Singleton<DiskCardGame.TurnManager>.FindInstance
[Warning: Singleton] Got null in Singleton<DiskCardGame.LifeManager>.FindInstance
[Warning: Singleton] Got null in Singleton<DiskCardGame.TurnManager>.FindInstance
[Warning: Singleton] Got null in Singleton<DiskCardGame.LifeManager>.FindInstance
[Warning: Singleton] Got null in Singleton<DiskCardGame.TurnManager>.FindInstance
[Warning: Singleton] Got null in Singleton<DiskCardGame.LifeManager>.FindInstance
[Warning: Singleton] Got null in Singleton<DiskCardGame.TurnManager>.FindInstance
[Warning: Singleton] Got null in Singleton<DiskCardGame.LifeManager>.FindInstance
[Warning: Singleton] Got null in Singleton<DiskCardGame.TurnManager>.FindInstance
[Warning: Singleton] Got null in Singleton<DiskCardGame.LifeManager>.FindInstance
[Warning: Singleton] Got null in Singleton<DiskCardGame.TurnManager>.FindInstance
[Warning: Singleton] Got null in Singleton<DiskCardGame.LifeManager>.FindInstance
[Warning: Singleton] Got null in Singleton<DiskCardGame.TurnManager>.FindInstance
[Warning: Singleton] Got null in Singleton<DiskCardGame.LifeManager>.FindInstance
[Warning: Singleton] Got null in Singleton<DiskCardGame.TurnManager>.FindInstance
[Warning: Singleton] Got null in Singleton<DiskCardGame.LifeManager>.FindInstance
[Warning: Singleton] Got null in Singleton<DiskCardGame.TurnManager>.FindInstance
[Warning: Singleton] Got null in Singleton<DiskCardGame.LifeManager>.FindInstance
[Warning: Singleton] Got null in Singleton<DiskCardGame.TurnManager>.FindInstance
[Warning: Singleton] Got null in Singleton<DiskCardGame.LifeManager>.FindInstance
[Warning: Singleton] Got null in Singleton<DiskCardGame.TurnManager>.FindInstance
[Warning: Singleton] Got null in Singleton<DiskCardGame.LifeManager>.FindInstance
[Warning: Singleton] Got null in Singleton<DiskCardGame.TurnManager>.FindInstance
[Warning: Singleton] Got null in Singleton<DiskCardGame.LifeManager>.FindInstance
[Warning: Singleton] Got null in Singleton<DiskCardGame.TurnManager>.FindInstance
[Warning: Singleton] Got null in Singleton<DiskCardGame.LifeManager>.FindInstance
[Warning: Singleton] Got null in Singleton<DiskCardGame.TurnManager>.FindInstance
[Warning: Singleton] Got null in Singleton<DiskCardGame.LifeManager>.FindInstance
[Warning: Singleton] Got null in Singleton<DiskCardGame.TurnManager>.FindInstance
[Warning: Singleton] Got null in Singleton<DiskCardGame.LifeManager>.FindInstance
[Warning: Singleton] Got null in Singleton<DiskCardGame.TurnManager>.FindInstance
[Warning: Singleton] Got null in Singleton<DiskCardGame.LifeManager>.FindInstance
[Warning: Singleton] Got null in Singleton<DiskCardGame.TurnManager>.FindInstance
[Warning: Singleton] Got null in Singleton<DiskCardGame.LifeManager>.FindInstance
[Warning: Singleton] Got null in Singleton<DiskCardGame.TurnManager>.FindInstance
[Warning: Singleton] Got null in Singleton<DiskCardGame.LifeManager>.FindInstance
[Warning: Singleton] Got null in Singleton<DiskCardGame.TurnManager>.FindInstance
[Warning: Singleton] Got null in Singleton<DiskCardGame.LifeManager>.FindInstance
[Warning: Singleton] Got null in Singleton<DiskCardGame.TurnManager>.FindInstance
[Warning: Singleton] Got null in Singleton<DiskCardGame.LifeManager>.FindInstance
[Warning: Singleton] Got null in Singleton<DiskCardGame.TurnManager>.FindInstance
[Warning: Singleton] Got null in Singleton<DiskCardGame.LifeManager>.FindInstance
[Warning: Singleton] Got null in Singleton<DiskCardGame.TurnManager>.FindInstance
[Warning: Singleton] Got null in Singleton<DiskCardGame.LifeManager>.FindInstance
[Warning: Singleton] Got null in Singleton<DiskCardGame.TurnManager>.FindInstance
[Warning: Singleton] Got null in Singleton<DiskCardGame.LifeManager>.FindInstance
[Warning: Singleton] Got null in Singleton<DiskCardGame.TurnManager>.FindInstance
[Warning: Singleton] Got null in Singleton<DiskCardGame.LifeManager>.FindInstance
[Warning: Singleton] Got null in Singleton<DiskCardGame.TurnManager>.FindInstance
[Warning: Singleton] Got null in Singleton<DiskCardGame.LifeManager>.FindInstance
[Warning: Singleton] Got null in Singleton<DiskCardGame.TurnManager>.FindInstance
[Warning: Singleton] Got null in Singleton<DiskCardGame.LifeManager>.FindInstance
[Warning: Singleton] Got null in Singleton<DiskCardGame.TurnManager>.FindInstance
[Warning: Singleton] Got null in Singleton<DiskCardGame.LifeManager>.FindInstance
[Warning: Singleton] Got null in Singleton<DiskCardGame.TurnManager>.FindInstance
[Warning: Singleton] Got null in Singleton<DiskCardGame.LifeManager>.FindInstance
[Warning: Singleton] Got null in Singleton<DiskCardGame.TurnManager>.FindInstance
[Warning: Singleton] Got null in Singleton<DiskCardGame.LifeManager>.FindInstance
[Warning: Singleton] Got null in Singleton<DiskCardGame.TurnManager>.FindInstance
[Warning: Singleton] Got null in Singleton<DiskCardGame.LifeManager>.FindInstance
[Warning: Singleton] Got null in Singleton<DiskCardGame.TurnManager>.FindInstance
[Warning: Singleton] Got null in Singleton<DiskCardGame.LifeManager>.FindInstance
[Warning: Singleton] Got null in Singleton<DiskCardGame.TurnManager>.FindInstance
[Warning: Singleton] Got null in Singleton<DiskCardGame.LifeManager>.FindInstance
[Warning: Singleton] Got null in Singleton<DiskCardGame.TurnManager>.FindInstance
[Warning: Singleton] Got null in Singleton<DiskCardGame.LifeManager>.FindInstance
[Warning: Singleton] Got null in Singleton<DiskCardGame.TurnManager>.FindInstance
[Warning: Singleton] Got null in Singleton<DiskCardGame.LifeManager>.FindInstance
[Warning: Singleton] Got null in Singleton<DiskCardGame.TurnManager>.FindInstance
[Warning: Singleton] Got null in Singleton<DiskCardGame.LifeManager>.FindInstance
[Warning: Singleton] Got null in Singleton<DiskCardGame.TurnManager>.FindInstance
[Warning: Singleton] Got null in Singleton<DiskCardGame.LifeManager>.FindInstance
[Warning: Singleton] Got null in Singleton<DiskCardGame.TurnManager>.FindInstance
[Warning: Singleton] Got null in Singleton<DiskCardGame.LifeManager>.FindInstance
[Warning: Singleton] Got null in Singleton<DiskCardGame.TurnManager>.FindInstance
[Warning: Singleton] Got null in Singleton<DiskCardGame.LifeManager>.FindInstance
[Warning: Singleton] Got null in Singleton<DiskCardGame.TurnManager>.FindInstance
[Warning: Singleton] Got null in Singleton<DiskCardGame.LifeManager>.FindInstance
[Warning: Singleton] Got null in Singleton<DiskCardGame.TurnManager>.FindInstance
[Warning: Singleton] Got null in Singleton<DiskCardGame.LifeManager>.FindInstance
[Warning: Singleton] Got null in Singleton<DiskCardGame.TurnManager>.FindInstance
[Warning: Singleton] Got null in Singleton<DiskCardGame.LifeManager>.FindInstance
[Warning: Singleton] Got null in Singleton<DiskCardGame.TurnManager>.FindInstance
[Warning: Singleton] Got null in Singleton<DiskCardGame.LifeManager>.FindInstance
[Warning: Singleton] Got null in Singleton<DiskCardGame.TurnManager>.FindInstance
[Warning: Singleton] Got null in Singleton<DiskCardGame.LifeManager>.FindInstance
[Warning: Singleton] Got null in Singleton<DiskCardGame.TurnManager>.FindInstance
[Warning: Singleton] Got null in Singleton<DiskCardGame.LifeManager>.FindInstance
[Warning: Singleton] Got null in Singleton<DiskCardGame.TurnManager>.FindInstance
[Warning: Singleton] Got null in Singleton<DiskCardGame.LifeManager>.FindInstance
[Warning: Singleton] Got null in Singleton<DiskCardGame.TurnManager>.FindInstance
[Warning: Singleton] Got null in Singleton<DiskCardGame.LifeManager>.FindInstance
[Warning: Singleton] Got null in Singleton<DiskCardGame.TurnManager>.FindInstance
[Warning: Singleton] Got null in Singleton<DiskCardGame.LifeManager>.FindInstance
[Warning: Singleton] Got null in Singleton<DiskCardGame.TurnManager>.FindInstance
[Warning: Singleton] Got null in Singleton<DiskCardGame.LifeManager>.FindInstance
[Warning: Singleton] Got null in Singleton<DiskCardGame.TurnManager>.FindInstance
[Warning: Singleton] Got null in Singleton<DiskCardGame.LifeManager>.FindInstance
[Warning: Singleton] Got null in Singleton<DiskCardGame.TurnManager>.FindInstance
[Warning: Singleton] Got null in Singleton<DiskCardGame.LifeManager>.FindInstance
[Warning: Singleton] Got null in Singleton<DiskCardGame.TurnManager>.FindInstance
[Warning: Singleton] Got null in Singleton<DiskCardGame.LifeManager>.FindInstance
[Warning: Singleton] Got null in Singleton<DiskCardGame.TurnManager>.FindInstance
[Warning: Singleton] Got null in Singleton<DiskCardGame.LifeManager>.FindInstance
[Warning: Singleton] Got null in Singleton<DiskCardGame.TurnManager>.FindInstance
[Warning: Singleton] Got null in Singleton<DiskCardGame.LifeManager>.FindInstance
[Warning: Singleton] Got null in Singleton<DiskCardGame.TurnManager>.FindInstance
[Warning: Singleton] Got null in Singleton<DiskCardGame.LifeManager>.FindInstance
[Warning: Singleton] Got null in Singleton<DiskCardGame.TurnManager>.FindInstance
[Warning: Singleton] Got null in Singleton<DiskCardGame.LifeManager>.FindInstance
[Warning: Singleton] Got null in Singleton<DiskCardGame.TurnManager>.FindInstance
[Warning: Singleton] Got null in Singleton<DiskCardGame.LifeManager>.FindInstance
[Warning: Singleton] Got null in Singleton<DiskCardGame.TurnManager>.FindInstance
[Warning: Singleton] Got null in Singleton<DiskCardGame.LifeManager>.FindInstance
[Warning: Singleton] Got null in Singleton<DiskCardGame.TurnManager>.FindInstance
[Warning: Singleton] Got null in Singleton<DiskCardGame.LifeManager>.FindInstance
[Warning: Singleton] Got null in Singleton<DiskCardGame.TurnManager>.FindInstance
[Warning: Singleton] Got null in Singleton<DiskCardGame.LifeManager>.FindInstance
[Warning: Singleton] Got null in Singleton<DiskCardGame.TurnManager>.FindInstance
[Warning: Singleton] Got null in Singleton<DiskCardGame.LifeManager>.FindInstance
[Warning: Singleton] Got null in Singleton<DiskCardGame.TurnManager>.FindInstance
[Warning: Singleton] Got null in Singleton<DiskCardGame.LifeManager>.FindInstance
[Warning: Singleton] Got null in Singleton<DiskCardGame.TurnManager>.FindInstance
[Warning: Singleton] Got null in Singleton<DiskCardGame.LifeManager>.FindInstance
[Warning: Singleton] Got null in Singleton<DiskCardGame.TurnManager>.FindInstance
[Warning: Singleton] Got null in Singleton<DiskCardGame.LifeManager>.FindInstance
[Warning: Singleton] Got null in Singleton<DiskCardGame.TurnManager>.FindInstance
[Warning: Singleton] Got null in Singleton<DiskCardGame.LifeManager>.FindInstance
[Warning: Singleton] Got null in Singleton<DiskCardGame.TurnManager>.FindInstance
[Warning: Singleton] Got null in Singleton<DiskCardGame.LifeManager>.FindInstance
[Warning: Singleton] Got null in Singleton<DiskCardGame.TurnManager>.FindInstance
[Warning: Singleton] Got null in Singleton<DiskCardGame.LifeManager>.FindInstance
[Warning: Singleton] Got null in Singleton<DiskCardGame.TurnManager>.FindInstance
[Warning: Singleton] Got null in Singleton<DiskCardGame.LifeManager>.FindInstance
[Warning: Singleton] Got null in Singleton<DiskCardGame.TurnManager>.FindInstance
[Warning: Singleton] Got null in Singleton<DiskCardGame.LifeManager>.FindInstance
[Warning: Singleton] Got null in Singleton<DiskCardGame.TurnManager>.FindInstance
[Warning: Singleton] Got null in Singleton<DiskCardGame.LifeManager>.FindInstance
[Warning: Singleton] Got null in Singleton<DiskCardGame.TurnManager>.FindInstance
[Warning: Singleton] Got null in Singleton<DiskCardGame.LifeManager>.FindInstance
[Warning: Singleton] Got null in Singleton<DiskCardGame.TurnManager>.FindInstance
[Warning: Singleton] Got null in Singleton<DiskCardGame.LifeManager>.FindInstance
[Warning: Singleton] Got null in Singleton<DiskCardGame.TurnManager>.FindInstance
[Warning: Singleton] Got null in Singleton<DiskCardGame.LifeManager>.FindInstance
[Warning: Singleton] Got null in Singleton<DiskCardGame.TurnManager>.FindInstance
[Warning: Singleton] Got null in Singleton<DiskCardGame.LifeManager>.FindInstance
[Warning: Singleton] Got null in Singleton<DiskCardGame.TurnManager>.FindInstance
[Warning: Singleton] Got null in Singleton<DiskCardGame.LifeManager>.FindInstance
[Warning: Singleton] Got null in Singleton<DiskCardGame.TurnManager>.FindInstance
[Warning: Singleton] Got null in Singleton<DiskCardGame.LifeManager>.FindInstance
[Warning: Singleton] Got null in Singleton<DiskCardGame.TurnManager>.FindInstance
[Warning: Singleton] Got null in Singleton<DiskCardGame.LifeManager>.FindInstance
[Warning: Singleton] Got null in Singleton<DiskCardGame.TurnManager>.FindInstance
[Warning: Singleton] Got null in Singleton<DiskCardGame.LifeManager>.FindInstance
[Warning: Singleton] Got null in Singleton<DiskCardGame.TurnManager>.FindInstance
[Warning: Singleton] Got null in Singleton<DiskCardGame.LifeManager>.FindInstance
[Warning: Singleton] Got null in Singleton<DiskCardGame.TurnManager>.FindInstance
[Warning: Singleton] Got null in Singleton<DiskCardGame.LifeManager>.FindInstance
[Warning: Singleton] Got null in Singleton<DiskCardGame.TurnManager>.FindInstance
[Warning: Singleton] Got null in Singleton<DiskCardGame.LifeManager>.FindInstance
[Warning: Singleton] Got null in Singleton<DiskCardGame.TurnManager>.FindInstance
[Warning: Singleton] Got null in Singleton<DiskCardGame.LifeManager>.FindInstance
[Warning: Singleton] Got null in Singleton<DiskCardGame.TurnManager>.FindInstance
[Warning: Singleton] Got null in Singleton<DiskCardGame.LifeManager>.FindInstance
[Warning: Singleton] Got null in Singleton<DiskCardGame.TurnManager>.FindInstance
[Warning: Singleton] Got null in Singleton<DiskCardGame.LifeManager>.FindInstance
[Warning: Singleton] Got null in Singleton<DiskCardGame.TurnManager>.FindInstance
[Warning: Singleton] Got null in Singleton<DiskCardGame.LifeManager>.FindInstance
[Warning: Singleton] Got null in Singleton<DiskCardGame.TurnManager>.FindInstance
[Warning: Singleton] Got null in Singleton<DiskCardGame.LifeManager>.FindInstance
[Warning: Singleton] Got null in Singleton<DiskCardGame.TurnManager>.FindInstance
[Warning: Singleton] Got null in Singleton<DiskCardGame.LifeManager>.FindInstance
[Warning: Singleton] Got null in Singleton<DiskCardGame.TurnManager>.FindInstance
[Warning: Singleton] Got null in Singleton<DiskCardGame.LifeManager>.FindInstance
[Warning: Singleton] Got null in Singleton<DiskCardGame.TurnManager>.FindInstance
[Warning: Singleton] Got null in Singleton<DiskCardGame.LifeManager>.FindInstance
[Warning: Singleton] Got null in Singleton<DiskCardGame.TurnManager>.FindInstance
[Warning: Singleton] Got null in Singleton<DiskCardGame.LifeManager>.FindInstance
[Warning: Singleton] Got null in Singleton<DiskCardGame.TurnManager>.FindInstance
[Warning: Singleton] Got null in Singleton<DiskCardGame.LifeManager>.FindInstance
[Warning: Singleton] Got null in Singleton<DiskCardGame.TurnManager>.FindInstance
[Warning: Singleton] Got null in Singleton<DiskCardGame.LifeManager>.FindInstance
[Warning: Singleton] Got null in Singleton<DiskCardGame.TurnManager>.FindInstance
[Warning: Singleton] Got null in Singleton<DiskCardGame.LifeManager>.FindInstance
[Warning: Singleton] Got null in Singleton<DiskCardGame.TurnManager>.FindInstance
[Warning: Singleton] Got null in Singleton<DiskCardGame.LifeManager>.FindInstance
[Warning: Singleton] Got null in Singleton<DiskCardGame.TurnManager>.FindInstance
[Warning: Singleton] Got null in Singleton<DiskCardGame.LifeManager>.FindInstance
[Warning: Singleton] Got null in Singleton<DiskCardGame.TurnManager>.FindInstance
[Warning: Singleton] Got null in Singleton<DiskCardGame.LifeManager>.FindInstance
[Warning: Singleton] Got null in Singleton<DiskCardGame.TurnManager>.FindInstance
[Warning: Singleton] Got null in Singleton<DiskCardGame.LifeManager>.FindInstance
[Warning: Singleton] Got null in Singleton<DiskCardGame.TurnManager>.FindInstance
[Warning: Singleton] Got null in Singleton<DiskCardGame.LifeManager>.FindInstance
[Warning: Singleton] Got null in Singleton<DiskCardGame.TurnManager>.FindInstance
[Warning: Singleton] Got null in Singleton<DiskCardGame.LifeManager>.FindInstance
[Warning: Singleton] Got null in Singleton<DiskCardGame.TurnManager>.FindInstance
[Warning: Singleton] Got null in Singleton<DiskCardGame.LifeManager>.FindInstance
[Warning: Singleton] Got null in Singleton<DiskCardGame.TurnManager>.FindInstance
[Warning: Singleton] Got null in Singleton<DiskCardGame.LifeManager>.FindInstance
[Warning: Singleton] Got null in Singleton<DiskCardGame.TurnManager>.FindInstance
[Warning: Singleton] Got null in Singleton<DiskCardGame.LifeManager>.FindInstance
[Warning: Singleton] Got null in Singleton<DiskCardGame.TurnManager>.FindInstance
[Warning: Singleton] Got null in Singleton<DiskCardGame.LifeManager>.FindInstance
[Warning: Singleton] Got null in Singleton<DiskCardGame.TurnManager>.FindInstance
[Warning: Singleton] Got null in Singleton<DiskCardGame.LifeManager>.FindInstance
[Warning: Singleton] Got null in Singleton<DiskCardGame.TurnManager>.FindInstance
[Warning: Singleton] Got null in Singleton<DiskCardGame.LifeManager>.FindInstance
[Warning: Singleton] Got null in Singleton<DiskCardGame.TurnManager>.FindInstance
[Warning: Singleton] Got null in Singleton<DiskCardGame.LifeManager>.FindInstance
[Warning: Singleton] Got null in Singleton<DiskCardGame.TurnManager>.FindInstance
[Warning: Singleton] Got null in Singleton<DiskCardGame.LifeManager>.FindInstance
[Warning: Singleton] Got null in Singleton<DiskCardGame.TurnManager>.FindInstance
[Warning: Singleton] Got null in Singleton<DiskCardGame.LifeManager>.FindInstance
[Warning: Singleton] Got null in Singleton<DiskCardGame.TurnManager>.FindInstance
[Warning: Singleton] Got null in Singleton<DiskCardGame.LifeManager>.FindInstance
[Warning: Singleton] Got null in Singleton<DiskCardGame.TurnManager>.FindInstance
[Warning: Singleton] Got null in Singleton<DiskCardGame.LifeManager>.FindInstance
[Warning: Singleton] Got null in Singleton<DiskCardGame.TurnManager>.FindInstance
[Warning: Singleton] Got null in Singleton<DiskCardGame.LifeManager>.FindInstance
[Warning: Singleton] Got null in Singleton<DiskCardGame.TurnManager>.FindInstance
[Warning: Singleton] Got null in Singleton<DiskCardGame.LifeManager>.FindInstance
[Warning: Singleton] Got null in Singleton<DiskCardGame.TurnManager>.FindInstance
[Warning: Singleton] Got null in Singleton<DiskCardGame.LifeManager>.FindInstance
[Warning: Singleton] Got null in Singleton<DiskCardGame.TurnManager>.FindInstance
[Warning: Singleton] Got null in Singleton<DiskCardGame.LifeManager>.FindInstance
[Warning: Singleton] Got null in Singleton<DiskCardGame.TurnManager>.FindInstance
[Warning: Singleton] Got null in Singleton<DiskCardGame.LifeManager>.FindInstance
[Warning: Singleton] Got null in Singleton<DiskCardGame.TurnManager>.FindInstance
[Warning: Singleton] Got null in Singleton<DiskCardGame.LifeManager>.FindInstance
[Warning: Singleton] Got null in Singleton<DiskCardGame.TurnManager>.FindInstance
[Warning: Singleton] Got null in Singleton<DiskCardGame.LifeManager>.FindInstance
[Warning: Singleton] Got null in Singleton<DiskCardGame.TurnManager>.FindInstance
[Warning: Singleton] Got null in Singleton<DiskCardGame.LifeManager>.FindInstance
[Warning: Singleton] Got null in Singleton<DiskCardGame.TurnManager>.FindInstance
[Warning: Singleton] Got null in Singleton<DiskCardGame.LifeManager>.FindInstance
[Warning: Singleton] Got null in Singleton<DiskCardGame.TurnManager>.FindInstance
[Warning: Singleton] Got null in Singleton<DiskCardGame.LifeManager>.FindInstance
[Warning: Singleton] Got null in Singleton<DiskCardGame.TurnManager>.FindInstance
[Warning: Singleton] Got null in Singleton<DiskCardGame.LifeManager>.FindInstance
[Warning: Singleton] Got null in Singleton<DiskCardGame.TurnManager>.FindInstance
[Warning: Singleton] Got null in Singleton<DiskCardGame.LifeManager>.FindInstance
[Warning: Singleton] Got null in Singleton<DiskCardGame.TurnManager>.FindInstance
[Warning: Singleton] Got null in Singleton<DiskCardGame.LifeManager>.FindInstance
[Warning: Singleton] Got null in Singleton<DiskCardGame.TurnManager>.FindInstance
[Warning: Singleton] Got null in Singleton<DiskCardGame.LifeManager>.FindInstance
[Warning: Singleton] Got null in Singleton<DiskCardGame.TurnManager>.FindInstance
[Warning: Singleton] Got null in Singleton<DiskCardGame.LifeManager>.FindInstance
[Warning: Singleton] Got null in Singleton<DiskCardGame.TurnManager>.FindInstance
[Warning: Singleton] Got null in Singleton<DiskCardGame.LifeManager>.FindInstance
[Warning: Singleton] Got null in Singleton<DiskCardGame.TurnManager>.FindInstance
[Warning: Singleton] Got null in Singleton<DiskCardGame.LifeManager>.FindInstance
[Warning: Singleton] Got null in Singleton<DiskCardGame.TurnManager>.FindInstance
[Warning: Singleton] Got null in Singleton<DiskCardGame.LifeManager>.FindInstance
[Warning: Singleton] Got null in Singleton<DiskCardGame.TurnManager>.FindInstance
[Warning: Singleton] Got null in Singleton<DiskCardGame.LifeManager>.FindInstance
[Warning: Singleton] Got null in Singleton<DiskCardGame.TurnManager>.FindInstance
[Warning: Singleton] Got null in Singleton<DiskCardGame.LifeManager>.FindInstance
[Warning: Singleton] Got null in Singleton<DiskCardGame.TurnManager>.FindInstance
[Warning: Singleton] Got null in Singleton<DiskCardGame.LifeManager>.FindInstance
[Warning: Singleton] Got null in Singleton<DiskCardGame.TurnManager>.FindInstance
[Warning: Singleton] Got null in Singleton<DiskCardGame.LifeManager>.FindInstance
[Warning: Singleton] Got null in Singleton<DiskCardGame.TurnManager>.FindInstance
[Warning: Singleton] Got null in Singleton<DiskCardGame.LifeManager>.FindInstance
[Warning: Singleton] Got null in Singleton<DiskCardGame.TurnManager>.FindInstance
[Warning: Singleton] Got null in Singleton<DiskCardGame.LifeManager>.FindInstance
[Warning: Singleton] Got null in Singleton<DiskCardGame.TurnManager>.FindInstance
[Warning: Singleton] Got null in Singleton<DiskCardGame.LifeManager>.FindInstance
[Warning: Singleton] Got null in Singleton<DiskCardGame.TurnManager>.FindInstance
[Warning: Singleton] Got null in Singleton<DiskCardGame.LifeManager>.FindInstance
[Warning: Singleton] Got null in Singleton<DiskCardGame.TurnManager>.FindInstance
[Warning: Singleton] Got null in Singleton<DiskCardGame.LifeManager>.FindInstance
[Warning: Singleton] Got null in Singleton<DiskCardGame.TurnManager>.FindInstance
[Warning: Singleton] Got null in Singleton<DiskCardGame.LifeManager>.FindInstance
[Warning: Singleton] Got null in Singleton<DiskCardGame.TurnManager>.FindInstance
[Warning: Singleton] Got null in Singleton<DiskCardGame.LifeManager>.FindInstance
[Warning: Singleton] Got null in Singleton<DiskCardGame.TurnManager>.FindInstance
[Warning: Singleton] Got null in Singleton<DiskCardGame.LifeManager>.FindInstance
[Warning: Singleton] Got null in Singleton<DiskCardGame.TurnManager>.FindInstance
[Warning: Singleton] Got null in Singleton<DiskCardGame.LifeManager>.FindInstance
[Warning: Singleton] Got null in Singleton<DiskCardGame.TurnManager>.FindInstance
[Warning: Singleton] Got null in Singleton<DiskCardGame.LifeManager>.FindInstance
[Warning: Singleton] Got null in Singleton<DiskCardGame.TurnManager>.FindInstance
[Warning: Singleton] Got null in Singleton<DiskCardGame.LifeManager>.FindInstance
[Warning: Singleton] Got null in Singleton<DiskCardGame.TurnManager>.FindInstance
[Warning: Singleton] Got null in Singleton<DiskCardGame.LifeManager>.FindInstance
[Warning: Singleton] Got null in Singleton<DiskCardGame.TurnManager>.FindInstance
[Warning: Singleton] Got null in Singleton<DiskCardGame.LifeManager>.FindInstance
[Warning: Singleton] Got null in Singleton<DiskCardGame.TurnManager>.FindInstance
[Warning: Singleton] Got null in Singleton<DiskCardGame.LifeManager>.FindInstance
[Warning: Singleton] Got null in Singleton<DiskCardGame.TurnManager>.FindInstance
[Warning: Singleton] Got null in Singleton<DiskCardGame.LifeManager>.FindInstance
[Warning: Singleton] Got null in Singleton<DiskCardGame.TurnManager>.FindInstance
[Warning: Singleton] Got null in Singleton<DiskCardGame.LifeManager>.FindInstance
[Warning: Singleton] Got null in Singleton<DiskCardGame.TurnManager>.FindInstance
[Warning: Singleton] Got null in Singleton<DiskCardGame.LifeManager>.FindInstance
[Warning: Singleton] Got null in Singleton<DiskCardGame.TurnManager>.FindInstance
[Warning: Singleton] Got null in Singleton<DiskCardGame.LifeManager>.FindInstance
[Warning: Singleton] Got null in Singleton<DiskCardGame.TurnManager>.FindInstance
[Warning: Singleton] Got null in Singleton<DiskCardGame.LifeManager>.FindInstance
[Warning: Singleton] Got null in Singleton<DiskCardGame.TurnManager>.FindInstance
[Warning: Singleton] Got null in Singleton<DiskCardGame.LifeManager>.FindInstance
[Warning: Singleton] Got null in Singleton<DiskCardGame.TurnManager>.FindInstance
[Warning: Singleton] Got null in Singleton<DiskCardGame.LifeManager>.FindInstance
[Warning: Singleton] Got null in Singleton<DiskCardGame.TurnManager>.FindInstance
[Warning: Singleton] Got null in Singleton<DiskCardGame.LifeManager>.FindInstance
[Warning: Singleton] Got null in Singleton<DiskCardGame.TurnManager>.FindInstance
[Warning: Singleton] Got null in Singleton<DiskCardGame.LifeManager>.FindInstance
[Warning: Singleton] Got null in Singleton<DiskCardGame.TurnManager>.FindInstance
[Warning: Singleton] Got null in Singleton<DiskCardGame.LifeManager>.FindInstance
[Warning: Singleton] Got null in Singleton<DiskCardGame.TurnManager>.FindInstance
[Warning: Singleton] Got null in Singleton<DiskCardGame.LifeManager>.FindInstance
[Warning: Singleton] Got null in Singleton<DiskCardGame.TurnManager>.FindInstance
[Warning: Singleton] Got null in Singleton<DiskCardGame.LifeManager>.FindInstance
[Warning: Singleton] Got null in Singleton<DiskCardGame.TurnManager>.FindInstance
[Warning: Singleton] Got null in Singleton<DiskCardGame.LifeManager>.FindInstance
[Warning: Singleton] Got null in Singleton<DiskCardGame.TurnManager>.FindInstance
[Warning: Singleton] Got null in Singleton<DiskCardGame.LifeManager>.FindInstance
[Warning: Singleton] Got null in Singleton<DiskCardGame.TurnManager>.FindInstance
[Warning: Singleton] Got null in Singleton<DiskCardGame.LifeManager>.FindInstance
[Warning: Singleton] Got null in Singleton<DiskCardGame.TurnManager>.FindInstance
[Warning: Singleton] Got null in Singleton<DiskCardGame.LifeManager>.FindInstance
[Warning: Singleton] Got null in Singleton<DiskCardGame.TurnManager>.FindInstance
[Warning: Singleton] Got null in Singleton<DiskCardGame.LifeManager>.FindInstance
[Warning: Singleton] Got null in Singleton<DiskCardGame.TurnManager>.FindInstance
[Warning: Singleton] Got null in Singleton<DiskCardGame.LifeManager>.FindInstance
[Warning: Singleton] Got null in Singleton<DiskCardGame.TurnManager>.FindInstance
[Warning: Singleton] Got null in Singleton<DiskCardGame.LifeManager>.FindInstance
[Warning: Singleton] Got null in Singleton<DiskCardGame.TurnManager>.FindInstance
[Warning: Singleton] Got null in Singleton<DiskCardGame.LifeManager>.FindInstance
[Warning: Singleton] Got null in Singleton<DiskCardGame.TurnManager>.FindInstance
[Warning: Singleton] Got null in Singleton<DiskCardGame.LifeManager>.FindInstance
[Warning: Singleton] Got null in Singleton<DiskCardGame.TurnManager>.FindInstance
[Warning: Singleton] Got null in Singleton<DiskCardGame.LifeManager>.FindInstance
[Warning: Singleton] Got null in Singleton<DiskCardGame.TurnManager>.FindInstance
[Warning: Singleton] Got null in Singleton<DiskCardGame.LifeManager>.FindInstance
[Warning: Singleton] Got null in Singleton<DiskCardGame.TurnManager>.FindInstance
[Warning: Singleton] Got null in Singleton<DiskCardGame.LifeManager>.FindInstance
[Warning: Singleton] Got null in Singleton<DiskCardGame.TurnManager>.FindInstance
[Warning: Singleton] Got null in Singleton<DiskCardGame.LifeManager>.FindInstance
[Warning: Singleton] Got null in Singleton<DiskCardGame.TurnManager>.FindInstance
[Warning: Singleton] Got null in Singleton<DiskCardGame.LifeManager>.FindInstance
[Warning: Singleton] Got null in Singleton<DiskCardGame.TurnManager>.FindInstance
[Warning: Singleton] Got null in Singleton<DiskCardGame.LifeManager>.FindInstance
[Warning: Singleton] Got null in Singleton<DiskCardGame.TurnManager>.FindInstance
[Warning: Singleton] Got null in Singleton<DiskCardGame.LifeManager>.FindInstance
[Warning: Singleton] Got null in Singleton<DiskCardGame.TurnManager>.FindInstance
[Warning: Singleton] Got null in Singleton<DiskCardGame.LifeManager>.FindInstance
[Warning: Singleton] Got null in Singleton<DiskCardGame.TurnManager>.FindInstance
[Warning: Singleton] Got null in Singleton<DiskCardGame.LifeManager>.FindInstance
[Warning: Singleton] Got null in Singleton<DiskCardGame.TurnManager>.FindInstance
[Warning: Singleton] Got null in Singleton<DiskCardGame.LifeManager>.FindInstance
[Warning: Singleton] Got null in Singleton<DiskCardGame.TurnManager>.FindInstance
[Warning: Singleton] Got null in Singleton<DiskCardGame.LifeManager>.FindInstance
[Warning: Singleton] Got null in Singleton<DiskCardGame.TurnManager>.FindInstance
[Warning: Singleton] Got null in Singleton<DiskCardGame.LifeManager>.FindInstance
[Warning: Singleton] Got null in Singleton<DiskCardGame.TurnManager>.FindInstance
[Warning: Singleton] Got null in Singleton<DiskCardGame.LifeManager>.FindInstance
[Warning: Singleton] Got null in Singleton<DiskCardGame.TurnManager>.FindInstance
[Warning: Singleton] Got null in Singleton<DiskCardGame.LifeManager>.FindInstance
[Warning: Singleton] Got null in Singleton<DiskCardGame.TurnManager>.FindInstance
[Warning: Singleton] Got null in Singleton<DiskCardGame.LifeManager>.FindInstance
[Warning: Singleton] Got null in Singleton<DiskCardGame.TurnManager>.FindInstance
[Warning: Singleton] Got null in Singleton<DiskCardGame.LifeManager>.FindInstance
[Warning: Singleton] Got null in Singleton<DiskCardGame.TurnManager>.FindInstance
[Warning: Singleton] Got null in Singleton<DiskCardGame.LifeManager>.FindInstance
[Warning: Singleton] Got null in Singleton<DiskCardGame.TurnManager>.FindInstance
[Warning: Singleton] Got null in Singleton<DiskCardGame.LifeManager>.FindInstance
[Warning: Singleton] Got null in Singleton<DiskCardGame.TurnManager>.FindInstance
[Warning: Singleton] Got null in Singleton<DiskCardGame.LifeManager>.FindInstance
[Warning: Singleton] Got null in Singleton<DiskCardGame.TurnManager>.FindInstance
[Warning: Singleton] Got null in Singleton<DiskCardGame.LifeManager>.FindInstance
[Warning: Singleton] Got null in Singleton<DiskCardGame.TurnManager>.FindInstance
[Warning: Singleton] Got null in Singleton<DiskCardGame.LifeManager>.FindInstance
[Warning: Singleton] Got null in Singleton<DiskCardGame.TurnManager>.FindInstance
[Warning: Singleton] Got null in Singleton<DiskCardGame.LifeManager>.FindInstance
[Warning: Singleton] Got null in Singleton<DiskCardGame.TurnManager>.FindInstance
[Warning: Singleton] Got null in Singleton<DiskCardGame.LifeManager>.FindInstance
[Warning: Singleton] Got null in Singleton<DiskCardGame.TurnManager>.FindInstance
[Warning: Singleton] Got null in Singleton<DiskCardGame.LifeManager>.FindInstance
[Warning: Singleton] Got null in Singleton<DiskCardGame.TurnManager>.FindInstance
[Warning: Singleton] Got null in Singleton<DiskCardGame.LifeManager>.FindInstance
[Warning: Singleton] Got null in Singleton<DiskCardGame.TurnManager>.FindInstance
[Warning: Singleton] Got null in Singleton<DiskCardGame.LifeManager>.FindInstance
[Warning: Singleton] Got null in Singleton<DiskCardGame.TurnManager>.FindInstance
[Warning: Singleton] Got null in Singleton<DiskCardGame.LifeManager>.FindInstance
[Warning: Singleton] Got null in Singleton<DiskCardGame.TurnManager>.FindInstance
[Warning: Singleton] Got null in Singleton<DiskCardGame.LifeManager>.FindInstance
[Warning: Singleton] Got null in Singleton<DiskCardGame.TurnManager>.FindInstance
[Warning: Singleton] Got null in Singleton<DiskCardGame.LifeManager>.FindInstance
[Warning: Singleton] Got null in Singleton<DiskCardGame.TurnManager>.FindInstance
[Warning: Singleton] Got null in Singleton<DiskCardGame.LifeManager>.FindInstance
[Warning: Singleton] Got null in Singleton<DiskCardGame.TurnManager>.FindInstance
[Warning: Singleton] Got null in Singleton<DiskCardGame.LifeManager>.FindInstance
[Warning: Singleton] Got null in Singleton<DiskCardGame.TurnManager>.FindInstance
[Warning: Singleton] Got null in Singleton<DiskCardGame.LifeManager>.FindInstance
[Warning: Singleton] Got null in Singleton<DiskCardGame.TurnManager>.FindInstance
[Warning: Singleton] Got null in Singleton<DiskCardGame.LifeManager>.FindInstance
[Warning: Singleton] Got null in Singleton<DiskCardGame.TurnManager>.FindInstance
[Warning: Singleton] Got null in Singleton<DiskCardGame.LifeManager>.FindInstance
[Warning: Singleton] Got null in Singleton<DiskCardGame.TurnManager>.FindInstance
[Warning: Singleton] Got null in Singleton<DiskCardGame.LifeManager>.FindInstance
[Warning: Singleton] Got null in Singleton<DiskCardGame.TurnManager>.FindInstance
[Warning: Singleton] Got null in Singleton<DiskCardGame.LifeManager>.FindInstance
[Warning: Singleton] Got null in Singleton<DiskCardGame.TurnManager>.FindInstance
[Warning: Singleton] Got null in Singleton<DiskCardGame.LifeManager>.FindInstance
[Warning: Singleton] Got null in Singleton<DiskCardGame.TurnManager>.FindInstance
[Warning: Singleton] Got null in Singleton<DiskCardGame.LifeManager>.FindInstance
[Warning: Singleton] Got null in Singleton<DiskCardGame.TurnManager>.FindInstance
[Warning: Singleton] Got null in Singleton<DiskCardGame.LifeManager>.FindInstance
[Warning: Singleton] Got null in Singleton<DiskCardGame.TurnManager>.FindInstance
[Warning: Singleton] Got null in Singleton<DiskCardGame.LifeManager>.FindInstance
[Warning: Singleton] Got null in Singleton<DiskCardGame.TurnManager>.FindInstance
[Warning: Singleton] Got null in Singleton<DiskCardGame.LifeManager>.FindInstance
[Warning: Singleton] Got null in Singleton<DiskCardGame.TurnManager>.FindInstance
[Warning: Singleton] Got null in Singleton<DiskCardGame.LifeManager>.FindInstance
[Warning: Singleton] Got null in Singleton<DiskCardGame.TurnManager>.FindInstance
[Warning: Singleton] Got null in Singleton<DiskCardGame.LifeManager>.FindInstance
[Warning: Singleton] Got null in Singleton<DiskCardGame.TurnManager>.FindInstance
[Warning: Singleton] Got null in Singleton<DiskCardGame.LifeManager>.FindInstance
[Warning: Singleton] Got null in Singleton<DiskCardGame.TurnManager>.FindInstance
[Warning: Singleton] Got null in Singleton<DiskCardGame.LifeManager>.FindInstance
[Warning: Singleton] Got null in Singleton<DiskCardGame.TurnManager>.FindInstance
[Warning: Singleton] Got null in Singleton<DiskCardGame.LifeManager>.FindInstance
[Warning: Singleton] Got null in Singleton<DiskCardGame.TurnManager>.FindInstance
[Warning: Singleton] Got null in Singleton<DiskCardGame.LifeManager>.FindInstance
[Warning: Singleton] Got null in Singleton<DiskCardGame.TurnManager>.FindInstance
[Warning: Singleton] Got null in Singleton<DiskCardGame.LifeManager>.FindInstance
[Warning: Singleton] Got null in Singleton<DiskCardGame.TurnManager>.FindInstance
[Warning: Singleton] Got null in Singleton<DiskCardGame.LifeManager>.FindInstance
[Warning: Singleton] Got null in Singleton<DiskCardGame.TurnManager>.FindInstance
[Warning: Singleton] Got null in Singleton<DiskCardGame.LifeManager>.FindInstance
[Warning: Singleton] Got null in Singleton<DiskCardGame.TurnManager>.FindInstance
[Warning: Singleton] Got null in Singleton<DiskCardGame.LifeManager>.FindInstance
[Warning: Singleton] Got null in Singleton<DiskCardGame.TurnManager>.FindInstance
[Warning: Singleton] Got null in Singleton<DiskCardGame.LifeManager>.FindInstance
[Warning: Singleton] Got null in Singleton<DiskCardGame.TurnManager>.FindInstance
[Warning: Singleton] Got null in Singleton<DiskCardGame.LifeManager>.FindInstance
[Warning: Singleton] Got null in Singleton<DiskCardGame.TurnManager>.FindInstance
[Warning: Singleton] Got null in Singleton<DiskCardGame.LifeManager>.FindInstance
[Warning: Singleton] Got null in Singleton<DiskCardGame.TurnManager>.FindInstance
[Warning: Singleton] Got null in Singleton<DiskCardGame.LifeManager>.FindInstance
[Warning: Singleton] Got null in Singleton<DiskCardGame.TurnManager>.FindInstance
[Warning: Singleton] Got null in Singleton<DiskCardGame.LifeManager>.FindInstance
[Warning: Singleton] Got null in Singleton<DiskCardGame.TurnManager>.FindInstance
[Warning: Singleton] Got null in Singleton<DiskCardGame.LifeManager>.FindInstance
[Warning: Singleton] Got null in Singleton<DiskCardGame.TurnManager>.FindInstance
[Warning: Singleton] Got null in Singleton<DiskCardGame.LifeManager>.FindInstance
[Warning: Singleton] Got null in Singleton<DiskCardGame.TurnManager>.FindInstance
[Warning: Singleton] Got null in Singleton<DiskCardGame.LifeManager>.FindInstance
[Warning: Singleton] Got null in Singleton<DiskCardGame.TurnManager>.FindInstance
[Warning: Singleton] Got null in Singleton<DiskCardGame.LifeManager>.FindInstance
[Warning: Singleton] Got null in Singleton<DiskCardGame.TurnManager>.FindInstance
[Warning: Singleton] Got null in Singleton<DiskCardGame.LifeManager>.FindInstance
[Warning: Singleton] Got null in Singleton<DiskCardGame.TurnManager>.FindInstance
[Warning: Singleton] Got null in Singleton<DiskCardGame.LifeManager>.FindInstance
[Warning: Singleton] Got null in Singleton<DiskCardGame.TurnManager>.FindInstance
[Warning: Singleton] Got null in Singleton<DiskCardGame.LifeManager>.FindInstance
[Warning: Singleton] Got null in Singleton<DiskCardGame.TurnManager>.FindInstance
[Warning: Singleton] Got null in Singleton<DiskCardGame.LifeManager>.FindInstance
[Warning: Singleton] Got null in Singleton<DiskCardGame.TurnManager>.FindInstance
[Warning: Singleton] Got null in Singleton<DiskCardGame.LifeManager>.FindInstance
[Warning: Singleton] Got null in Singleton<DiskCardGame.TurnManager>.FindInstance
[Warning: Singleton] Got null in Singleton<DiskCardGame.LifeManager>.FindInstance
[Warning: Singleton] Got null in Singleton<DiskCardGame.TurnManager>.FindInstance
[Warning: Singleton] Got null in Singleton<DiskCardGame.LifeManager>.FindInstance
[Warning: Singleton] Got null in Singleton<DiskCardGame.TurnManager>.FindInstance
[Warning: Singleton] Got null in Singleton<DiskCardGame.LifeManager>.FindInstance
[Warning: Singleton] Got null in Singleton<DiskCardGame.TurnManager>.FindInstance
[Warning: Singleton] Got null in Singleton<DiskCardGame.LifeManager>.FindInstance
[Warning: Singleton] Got null in Singleton<DiskCardGame.TurnManager>.FindInstance
[Warning: Singleton] Got null in Singleton<DiskCardGame.LifeManager>.FindInstance
[Warning: Singleton] Got null in Singleton<DiskCardGame.TurnManager>.FindInstance
[Warning: Singleton] Got null in Singleton<DiskCardGame.LifeManager>.FindInstance
[Warning: Singleton] Got null in Singleton<DiskCardGame.TurnManager>.FindInstance
[Warning: Singleton] Got null in Singleton<DiskCardGame.LifeManager>.FindInstance
[Warning: Singleton] Got null in Singleton<DiskCardGame.TurnManager>.FindInstance
[Warning: Singleton] Got null in Singleton<DiskCardGame.LifeManager>.FindInstance
[Warning: Singleton] Got null in Singleton<DiskCardGame.TurnManager>.FindInstance
[Warning: Singleton] Got null in Singleton<DiskCardGame.LifeManager>.FindInstance
[Warning: Singleton] Got null in Singleton<DiskCardGame.TurnManager>.FindInstance
[Warning: Singleton] Got null in Singleton<DiskCardGame.LifeManager>.FindInstance
[Warning: Singleton] Got null in Singleton<DiskCardGame.TurnManager>.FindInstance
[Warning: Singleton] Got null in Singleton<DiskCardGame.LifeManager>.FindInstance
[Warning: Singleton] Got null in Singleton<DiskCardGame.TurnManager>.FindInstance
[Warning: Singleton] Got null in Singleton<DiskCardGame.LifeManager>.FindInstance
[Warning: Singleton] Got null in Singleton<DiskCardGame.TurnManager>.FindInstance
[Warning: Singleton] Got null in Singleton<DiskCardGame.LifeManager>.FindInstance
[Warning: Singleton] Got null in Singleton<DiskCardGame.TurnManager>.FindInstance
[Warning: Singleton] Got null in Singleton<DiskCardGame.LifeManager>.FindInstance
[Warning: Singleton] Got null in Singleton<DiskCardGame.TurnManager>.FindInstance
[Warning: Singleton] Got null in Singleton<DiskCardGame.LifeManager>.FindInstance
[Warning: Singleton] Got null in Singleton<DiskCardGame.TurnManager>.FindInstance
[Warning: Singleton] Got null in Singleton<DiskCardGame.LifeManager>.FindInstance
[Warning: Singleton] Got null in Singleton<DiskCardGame.TurnManager>.FindInstance
[Warning: Singleton] Got null in Singleton<DiskCardGame.LifeManager>.FindInstance
[Warning: Singleton] Got null in Singleton<DiskCardGame.TurnManager>.FindInstance
[Warning: Singleton] Got null in Singleton<DiskCardGame.LifeManager>.FindInstance
[Warning: Singleton] Got null in Singleton<DiskCardGame.TurnManager>.FindInstance
[Warning: Singleton] Got null in Singleton<DiskCardGame.LifeManager>.FindInstance
[Warning: Singleton] Got null in Singleton<DiskCardGame.TurnManager>.FindInstance
[Warning: Singleton] Got null in Singleton<DiskCardGame.LifeManager>.FindInstance
[Warning: Singleton] Got null in Singleton<DiskCardGame.TurnManager>.FindInstance
[Warning: Singleton] Got null in Singleton<DiskCardGame.LifeManager>.FindInstance
[Warning: Singleton] Got null in Singleton<DiskCardGame.TurnManager>.FindInstance
[Warning: Singleton] Got null in Singleton<DiskCardGame.LifeManager>.FindInstance
[Warning: Singleton] Got null in Singleton<DiskCardGame.TurnManager>.FindInstance
[Warning: Singleton] Got null in Singleton<DiskCardGame.LifeManager>.FindInstance
[Warning: Singleton] Got null in Singleton<DiskCardGame.TurnManager>.FindInstance
[Warning: Singleton] Got null in Singleton<DiskCardGame.LifeManager>.FindInstance
[Warning: Singleton] Got null in Singleton<DiskCardGame.TurnManager>.FindInstance
[Warning: Singleton] Got null in Singleton<DiskCardGame.LifeManager>.FindInstance
[Warning: Singleton] Got null in Singleton<DiskCardGame.TurnManager>.FindInstance
[Warning: Singleton] Got null in Singleton<DiskCardGame.LifeManager>.FindInstance
[Warning: Singleton] Got null in Singleton<DiskCardGame.TurnManager>.FindInstance
[Warning: Singleton] Got null in Singleton<DiskCardGame.LifeManager>.FindInstance
[Warning: Singleton] Got null in Singleton<DiskCardGame.TurnManager>.FindInstance
[Warning: Singleton] Got null in Singleton<DiskCardGame.LifeManager>.FindInstance
[Warning: Singleton] Got null in Singleton<DiskCardGame.TurnManager>.FindInstance
[Warning: Singleton] Got null in Singleton<DiskCardGame.LifeManager>.FindInstance
[Warning: Singleton] Got null in Singleton<DiskCardGame.TurnManager>.FindInstance
[Warning: Singleton] Got null in Singleton<DiskCardGame.LifeManager>.FindInstance
[Warning: Singleton] Got null in Singleton<DiskCardGame.TurnManager>.FindInstance
[Warning: Singleton] Got null in Singleton<DiskCardGame.LifeManager>.FindInstance
[Warning: Singleton] Got null in Singleton<DiskCardGame.TurnManager>.FindInstance
[Warning: Singleton] Got null in Singleton<DiskCardGame.LifeManager>.FindInstance
[Warning: Singleton] Got null in Singleton<DiskCardGame.TurnManager>.FindInstance
[Warning: Singleton] Got null in Singleton<DiskCardGame.LifeManager>.FindInstance
[Warning: Singleton] Got null in Singleton<DiskCardGame.TurnManager>.FindInstance
[Warning: Singleton] Got null in Singleton<DiskCardGame.LifeManager>.FindInstance
[Warning: Singleton] Got null in Singleton<DiskCardGame.TurnManager>.FindInstance
[Warning: Singleton] Got null in Singleton<DiskCardGame.LifeManager>.FindInstance
[Warning: Singleton] Got null in Singleton<DiskCardGame.TurnManager>.FindInstance
[Warning: Singleton] Got null in Singleton<DiskCardGame.LifeManager>.FindInstance
[Warning: Singleton] Got null in Singleton<DiskCardGame.TurnManager>.FindInstance
[Warning: Singleton] Got null in Singleton<DiskCardGame.LifeManager>.FindInstance
[Warning: Singleton] Got null in Singleton<DiskCardGame.TurnManager>.FindInstance
[Warning: Singleton] Got null in Singleton<DiskCardGame.LifeManager>.FindInstance
[Warning: Singleton] Got null in Singleton<DiskCardGame.TurnManager>.FindInstance
[Warning: Singleton] Got null in Singleton<DiskCardGame.LifeManager>.FindInstance
[Warning: Singleton] Got null in Singleton<DiskCardGame.TurnManager>.FindInstance
[Warning: Singleton] Got null in Singleton<DiskCardGame.LifeManager>.FindInstance
[Warning: Singleton] Got null in Singleton<DiskCardGame.TurnManager>.FindInstance
[Warning: Singleton] Got null in Singleton<DiskCardGame.LifeManager>.FindInstance
[Warning: Singleton] Got null in Singleton<DiskCardGame.TurnManager>.FindInstance
[Warning: Singleton] Got null in Singleton<DiskCardGame.LifeManager>.FindInstance
[Warning: Singleton] Got null in Singleton<DiskCardGame.TurnManager>.FindInstance
[Warning: Singleton] Got null in Singleton<DiskCardGame.LifeManager>.FindInstance
[Warning: Singleton] Got null in Singleton<DiskCardGame.TurnManager>.FindInstance
[Warning: Singleton] Got null in Singleton<DiskCardGame.LifeManager>.FindInstance
[Warning: Singleton] Got null in Singleton<DiskCardGame.TurnManager>.FindInstance
[Warning: Singleton] Got null in Singleton<DiskCardGame.LifeManager>.FindInstance
[Warning: Singleton] Got null in Singleton<DiskCardGame.TurnManager>.FindInstance
[Warning: Singleton] Got null in Singleton<DiskCardGame.LifeManager>.FindInstance
[Warning: Singleton] Got null in Singleton<DiskCardGame.TurnManager>.FindInstance
[Warning: Singleton] Got null in Singleton<DiskCardGame.LifeManager>.FindInstance
[Warning: Singleton] Got null in Singleton<DiskCardGame.TurnManager>.FindInstance
[Warning: Singleton] Got null in Singleton<DiskCardGame.LifeManager>.FindInstance
[Warning: Singleton] Got null in Singleton<DiskCardGame.TurnManager>.FindInstance
[Warning: Singleton] Got null in Singleton<DiskCardGame.LifeManager>.FindInstance
[Warning: Singleton] Got null in Singleton<DiskCardGame.TurnManager>.FindInstance
[Warning: Singleton] Got null in Singleton<DiskCardGame.LifeManager>.FindInstance
[Warning: Singleton] Got null in Singleton<DiskCardGame.TurnManager>.FindInstance
[Warning: Singleton] Got null in Singleton<DiskCardGame.LifeManager>.FindInstance
[Warning: Singleton] Got null in Singleton<DiskCardGame.TurnManager>.FindInstance
[Warning: Singleton] Got null in Singleton<DiskCardGame.LifeManager>.FindInstance
[Warning: Singleton] Got null in Singleton<DiskCardGame.TurnManager>.FindInstance
[Warning: Singleton] Got null in Singleton<DiskCardGame.LifeManager>.FindInstance
[Warning: Singleton] Got null in Singleton<DiskCardGame.TurnManager>.FindInstance
[Warning: Singleton] Got null in Singleton<DiskCardGame.LifeManager>.FindInstance
[Warning: Singleton] Got null in Singleton<DiskCardGame.TurnManager>.FindInstance
[Warning: Singleton] Got null in Singleton<DiskCardGame.LifeManager>.FindInstance
[Warning: Singleton] Got null in Singleton<DiskCardGame.TurnManager>.FindInstance
[Warning: Singleton] Got null in Singleton<DiskCardGame.LifeManager>.FindInstance
[Warning: Singleton] Got null in Singleton<DiskCardGame.TurnManager>.FindInstance
[Warning: Singleton] Got null in Singleton<DiskCardGame.LifeManager>.FindInstance
[Warning: Singleton] Got null in Singleton<DiskCardGame.TurnManager>.FindInstance
[Warning: Singleton] Got null in Singleton<DiskCardGame.LifeManager>.FindInstance
[Warning: Singleton] Got null in Singleton<DiskCardGame.TurnManager>.FindInstance
[Warning: Singleton] Got null in Singleton<DiskCardGame.LifeManager>.FindInstance
[Warning: Singleton] Got null in Singleton<DiskCardGame.TurnManager>.FindInstance
[Warning: Singleton] Got null in Singleton<DiskCardGame.LifeManager>.FindInstance
[Warning: Singleton] Got null in Singleton<DiskCardGame.TurnManager>.FindInstance
[Warning: Singleton] Got null in Singleton<DiskCardGame.LifeManager>.FindInstance
[Warning: Singleton] Got null in Singleton<DiskCardGame.TurnManager>.FindInstance
[Warning: Singleton] Got null in Singleton<DiskCardGame.LifeManager>.FindInstance
[Warning: Singleton] Got null in Singleton<DiskCardGame.TurnManager>.FindInstance
[Warning: Singleton] Got null in Singleton<DiskCardGame.LifeManager>.FindInstance
[Warning: Singleton] Got null in Singleton<DiskCardGame.TurnManager>.FindInstance
[Warning: Singleton] Got null in Singleton<DiskCardGame.LifeManager>.FindInstance
[Warning: Singleton] Got null in Singleton<DiskCardGame.TurnManager>.FindInstance
[Warning: Singleton] Got null in Singleton<DiskCardGame.LifeManager>.FindInstance
[Warning: Singleton] Got null in Singleton<DiskCardGame.TurnManager>.FindInstance
[Warning: Singleton] Got null in Singleton<DiskCardGame.LifeManager>.FindInstance
[Warning: Singleton] Got null in Singleton<DiskCardGame.TurnManager>.FindInstance
[Warning: Singleton] Got null in Singleton<DiskCardGame.LifeManager>.FindInstance
[Warning: Singleton] Got null in Singleton<DiskCardGame.TurnManager>.FindInstance
[Warning: Singleton] Got null in Singleton<DiskCardGame.LifeManager>.FindInstance
[Warning: Singleton] Got null in Singleton<DiskCardGame.TurnManager>.FindInstance
[Warning: Singleton] Got null in Singleton<DiskCardGame.LifeManager>.FindInstance
[Warning: Singleton] Got null in Singleton<DiskCardGame.TurnManager>.FindInstance
[Warning: Singleton] Got null in Singleton<DiskCardGame.LifeManager>.FindInstance
[Warning: Singleton] Got null in Singleton<DiskCardGame.TurnManager>.FindInstance
[Warning: Singleton] Got null in Singleton<DiskCardGame.LifeManager>.FindInstance
[Warning: Singleton] Got null in Singleton<DiskCardGame.TurnManager>.FindInstance
[Warning: Singleton] Got null in Singleton<DiskCardGame.LifeManager>.FindInstance
[Warning: Singleton] Got null in Singleton<DiskCardGame.TurnManager>.FindInstance
[Warning: Singleton] Got null in Singleton<DiskCardGame.LifeManager>.FindInstance
[Warning: Singleton] Got null in Singleton<DiskCardGame.TurnManager>.FindInstance
[Warning: Singleton] Got null in Singleton<DiskCardGame.LifeManager>.FindInstance
[Warning: Singleton] Got null in Singleton<DiskCardGame.TurnManager>.FindInstance
[Warning: Singleton] Got null in Singleton<DiskCardGame.LifeManager>.FindInstance
[Warning: Singleton] Got null in Singleton<DiskCardGame.TurnManager>.FindInstance
[Warning: Singleton] Got null in Singleton<DiskCardGame.LifeManager>.FindInstance
[Warning: Singleton] Got null in Singleton<DiskCardGame.TurnManager>.FindInstance
[Warning: Singleton] Got null in Singleton<DiskCardGame.LifeManager>.FindInstance
[Warning: Singleton] Got null in Singleton<DiskCardGame.TurnManager>.FindInstance
[Warning: Singleton] Got null in Singleton<DiskCardGame.LifeManager>.FindInstance
[Warning: Singleton] Got null in Singleton<DiskCardGame.TurnManager>.FindInstance
[Warning: Singleton] Got null in Singleton<DiskCardGame.LifeManager>.FindInstance
[Warning: Singleton] Got null in Singleton<DiskCardGame.TurnManager>.FindInstance
[Warning: Singleton] Got null in Singleton<DiskCardGame.LifeManager>.FindInstance
[Warning: Singleton] Got null in Singleton<DiskCardGame.TurnManager>.FindInstance
[Warning: Singleton] Got null in Singleton<DiskCardGame.LifeManager>.FindInstance
[Warning: Singleton] Got null in Singleton<DiskCardGame.TurnManager>.FindInstance
[Warning: Singleton] Got null in Singleton<DiskCardGame.LifeManager>.FindInstance
[Warning: Singleton] Got null in Singleton<DiskCardGame.TurnManager>.FindInstance
[Warning: Singleton] Got null in Singleton<DiskCardGame.LifeManager>.FindInstance
[Warning: Singleton] Got null in Singleton<DiskCardGame.TurnManager>.FindInstance
[Warning: Singleton] Got null in Singleton<DiskCardGame.LifeManager>.FindInstance
[Warning: Singleton] Got null in Singleton<DiskCardGame.TurnManager>.FindInstance
[Warning: Singleton] Got null in Singleton<DiskCardGame.LifeManager>.FindInstance
[Warning: Singleton] Got null in Singleton<DiskCardGame.TurnManager>.FindInstance
[Warning: Singleton] Got null in Singleton<DiskCardGame.LifeManager>.FindInstance
[Warning: Singleton] Got null in Singleton<DiskCardGame.TurnManager>.FindInstance
[Warning: Singleton] Got null in Singleton<DiskCardGame.LifeManager>.FindInstance
[Warning: Singleton] Got null in Singleton<DiskCardGame.TurnManager>.FindInstance
[Warning: Singleton] Got null in Singleton<DiskCardGame.LifeManager>.FindInstance
[Warning: Singleton] Got null in Singleton<DiskCardGame.TurnManager>.FindInstance
[Warning: Singleton] Got null in Singleton<DiskCardGame.LifeManager>.FindInstance
[Warning: Singleton] Got null in Singleton<DiskCardGame.TurnManager>.FindInstance
[Warning: Singleton] Got null in Singleton<DiskCardGame.LifeManager>.FindInstance
[Warning: Singleton] Got null in Singleton<DiskCardGame.TurnManager>.FindInstance
[Warning: Singleton] Got null in Singleton<DiskCardGame.LifeManager>.FindInstance
[Warning: Singleton] Got null in Singleton<DiskCardGame.TurnManager>.FindInstance
[Warning: Singleton] Got null in Singleton<DiskCardGame.LifeManager>.FindInstance
[Warning: Singleton] Got null in Singleton<DiskCardGame.TurnManager>.FindInstance
[Warning: Singleton] Got null in Singleton<DiskCardGame.LifeManager>.FindInstance
[Warning: Singleton] Got null in Singleton<DiskCardGame.TurnManager>.FindInstance
[Warning: Singleton] Got null in Singleton<DiskCardGame.LifeManager>.FindInstance
[Warning: Singleton] Got null in Singleton<DiskCardGame.TurnManager>.FindInstance
[Warning: Singleton] Got null in Singleton<DiskCardGame.LifeManager>.FindInstance
[Warning: Singleton] Got null in Singleton<DiskCardGame.TurnManager>.FindInstance
[Warning: Singleton] Got null in Singleton<DiskCardGame.LifeManager>.FindInstance
[Warning: Singleton] Got null in Singleton<DiskCardGame.TurnManager>.FindInstance
[Warning: Singleton] Got null in Singleton<DiskCardGame.LifeManager>.FindInstance
[Warning: Singleton] Got null in Singleton<DiskCardGame.TurnManager>.FindInstance
[Warning: Singleton] Got null in Singleton<DiskCardGame.LifeManager>.FindInstance
[Warning: Singleton] Got null in Singleton<DiskCardGame.TurnManager>.FindInstance
[Warning: Singleton] Got null in Singleton<DiskCardGame.LifeManager>.FindInstance
[Warning: Singleton] Got null in Singleton<DiskCardGame.TurnManager>.FindInstance
[Warning: Singleton] Got null in Singleton<DiskCardGame.LifeManager>.FindInstance
[Warning: Singleton] Got null in Singleton<DiskCardGame.TurnManager>.FindInstance
[Warning: Singleton] Got null in Singleton<DiskCardGame.LifeManager>.FindInstance
[Warning: Singleton] Got null in Singleton<DiskCardGame.TurnManager>.FindInstance
[Warning: Singleton] Got null in Singleton<DiskCardGame.LifeManager>.FindInstance
[Warning: Singleton] Got null in Singleton<DiskCardGame.TurnManager>.FindInstance
[Warning: Singleton] Got null in Singleton<DiskCardGame.LifeManager>.FindInstance
[Warning: Singleton] Got null in Singleton<DiskCardGame.TurnManager>.FindInstance
[Warning: Singleton] Got null in Singleton<DiskCardGame.LifeManager>.FindInstance
[Warning: Singleton] Got null in Singleton<DiskCardGame.TurnManager>.FindInstance
[Warning: Singleton] Got null in Singleton<DiskCardGame.LifeManager>.FindInstance
[Warning: Singleton] Got null in Singleton<DiskCardGame.TurnManager>.FindInstance
[Warning: Singleton] Got null in Singleton<DiskCardGame.LifeManager>.FindInstance
[Warning: Singleton] Got null in Singleton<DiskCardGame.TurnManager>.FindInstance
[Warning: Singleton] Got null in Singleton<DiskCardGame.LifeManager>.FindInstance
[Warning: Singleton] Got null in Singleton<DiskCardGame.TurnManager>.FindInstance
[Warning: Singleton] Got null in Singleton<DiskCardGame.LifeManager>.FindInstance
[Warning: Singleton] Got null in Singleton<DiskCardGame.TurnManager>.FindInstance
[Warning: Singleton] Got null in Singleton<DiskCardGame.LifeManager>.FindInstance
[Warning: Singleton] Got null in Singleton<DiskCardGame.TurnManager>.FindInstance
[Warning: Singleton] Got null in Singleton<DiskCardGame.LifeManager>.FindInstance
[Warning: Singleton] Got null in Singleton<DiskCardGame.TurnManager>.FindInstance
[Warning: Singleton] Got null in Singleton<DiskCardGame.LifeManager>.FindInstance
[Warning: Singleton] Got null in Singleton<DiskCardGame.TurnManager>.FindInstance
[Warning: Singleton] Got null in Singleton<DiskCardGame.LifeManager>.FindInstance
[Warning: Singleton] Got null in Singleton<DiskCardGame.TurnManager>.FindInstance
[Warning: Singleton] Got null in Singleton<DiskCardGame.LifeManager>.FindInstance
[Warning: Singleton] Got null in Singleton<DiskCardGame.TurnManager>.FindInstance
[Warning: Singleton] Got null in Singleton<DiskCardGame.LifeManager>.FindInstance
[Warning: Singleton] Got null in Singleton<DiskCardGame.TurnManager>.FindInstance
[Warning: Singleton] Got null in Singleton<DiskCardGame.LifeManager>.FindInstance
[Warning: Singleton] Got null in Singleton<DiskCardGame.TurnManager>.FindInstance
[Warning: Singleton] Got null in Singleton<DiskCardGame.LifeManager>.FindInstance
[Warning: Singleton] Got null in Singleton<DiskCardGame.TurnManager>.FindInstance
[Warning: Singleton] Got null in Singleton<DiskCardGame.LifeManager>.FindInstance
[Warning: Singleton] Got null in Singleton<DiskCardGame.TurnManager>.FindInstance
[Warning: Singleton] Got null in Singleton<DiskCardGame.LifeManager>.FindInstance
[Warning: Singleton] Got null in Singleton<DiskCardGame.TurnManager>.FindInstance
[Warning: Singleton] Got null in Singleton<DiskCardGame.LifeManager>.FindInstance
[Warning: Singleton] Got null in Singleton<DiskCardGame.TurnManager>.FindInstance
[Warning: Singleton] Got null in Singleton<DiskCardGame.LifeManager>.FindInstance
[Warning: Singleton] Got null in Singleton<DiskCardGame.TurnManager>.FindInstance
[Warning: Singleton] Got null in Singleton<DiskCardGame.LifeManager>.FindInstance
[Warning: Singleton] Got null in Singleton<DiskCardGame.TurnManager>.FindInstance
[Warning: Singleton] Got null in Singleton<DiskCardGame.LifeManager>.FindInstance
[Warning: Singleton] Got null in Singleton<DiskCardGame.TurnManager>.FindInstance
[Warning: Singleton] Got null in Singleton<DiskCardGame.LifeManager>.FindInstance
[Warning: Singleton] Got null in Singleton<DiskCardGame.TurnManager>.FindInstance
[Warning: Singleton] Got null in Singleton<DiskCardGame.LifeManager>.FindInstance
[Warning: Singleton] Got null in Singleton<DiskCardGame.TurnManager>.FindInstance
[Warning: Singleton] Got null in Singleton<DiskCardGame.LifeManager>.FindInstance
[Warning: Singleton] Got null in Singleton<DiskCardGame.TurnManager>.FindInstance
[Warning: Singleton] Got null in Singleton<DiskCardGame.LifeManager>.FindInstance
[Warning: Singleton] Got null in Singleton<DiskCardGame.TurnManager>.FindInstance
[Warning: Singleton] Got null in Singleton<DiskCardGame.LifeManager>.FindInstance
[Warning: Singleton] Got null in Singleton<DiskCardGame.TurnManager>.FindInstance
[Warning: Singleton] Got null in Singleton<DiskCardGame.LifeManager>.FindInstance
[Warning: Singleton] Got null in Singleton<DiskCardGame.TurnManager>.FindInstance
[Warning: Singleton] Got null in Singleton<DiskCardGame.LifeManager>.FindInstance
[Warning: Singleton] Got null in Singleton<DiskCardGame.TurnManager>.FindInstance
[Warning: Singleton] Got null in Singleton<DiskCardGame.LifeManager>.FindInstance
[Warning: Singleton] Got null in Singleton<DiskCardGame.TurnManager>.FindInstance
[Warning: Singleton] Got null in Singleton<DiskCardGame.LifeManager>.FindInstance
[Warning: Singleton] Got null in Singleton<DiskCardGame.TurnManager>.FindInstance
[Warning: Singleton] Got null in Singleton<DiskCardGame.LifeManager>.FindInstance
[Warning: Singleton] Got null in Singleton<DiskCardGame.TurnManager>.FindInstance
[Warning: Singleton] Got null in Singleton<DiskCardGame.LifeManager>.FindInstance
[Warning: Singleton] Got null in Singleton<DiskCardGame.TurnManager>.FindInstance
[Warning: Singleton] Got null in Singleton<DiskCardGame.LifeManager>.FindInstance
[Warning: Singleton] Got null in Singleton<DiskCardGame.TurnManager>.FindInstance
[Warning: Singleton] Got null in Singleton<DiskCardGame.LifeManager>.FindInstance
[Warning: Singleton] Got null in Singleton<DiskCardGame.TurnManager>.FindInstance
[Warning: Singleton] Got null in Singleton<DiskCardGame.LifeManager>.FindInstance
[Warning: Singleton] Got null in Singleton<DiskCardGame.TurnManager>.FindInstance
[Warning: Singleton] Got null in Singleton<DiskCardGame.LifeManager>.FindInstance
[Warning: Singleton] Got null in Singleton<DiskCardGame.TurnManager>.FindInstance
[Warning: Singleton] Got null in Singleton<DiskCardGame.LifeManager>.FindInstance
[Warning: Singleton] Got null in Singleton<DiskCardGame.TurnManager>.FindInstance
[Warning: Singleton] Got null in Singleton<DiskCardGame.LifeManager>.FindInstance
[Warning: Singleton] Got null in Singleton<DiskCardGame.TurnManager>.FindInstance
[Warning: Singleton] Got null in Singleton<DiskCardGame.LifeManager>.FindInstance
[Warning: Singleton] Got null in Singleton<DiskCardGame.TurnManager>.FindInstance
[Warning: Singleton] Got null in Singleton<DiskCardGame.LifeManager>.FindInstance
[Warning: Singleton] Got null in Singleton<DiskCardGame.TurnManager>.FindInstance
[Warning: Singleton] Got null in Singleton<DiskCardGame.LifeManager>.FindInstance
[Warning: Singleton] Got null in Singleton<DiskCardGame.TurnManager>.FindInstance
[Warning: Singleton] Got null in Singleton<DiskCardGame.LifeManager>.FindInstance
[Warning: Singleton] Got null in Singleton<DiskCardGame.TurnManager>.FindInstance
[Warning: Singleton] Got null in Singleton<DiskCardGame.LifeManager>.FindInstance
[Warning: Singleton] Got null in Singleton<DiskCardGame.TurnManager>.FindInstance
[Warning: Singleton] Got null in Singleton<DiskCardGame.LifeManager>.FindInstance
[Warning: Singleton] Got null in Singleton<DiskCardGame.TurnManager>.FindInstance
[Warning: Singleton] Got null in Singleton<DiskCardGame.LifeManager>.FindInstance
[Warning: Singleton] Got null in Singleton<DiskCardGame.TurnManager>.FindInstance
[Warning: Singleton] Got null in Singleton<DiskCardGame.LifeManager>.FindInstance
[Warning: Singleton] Got null in Singleton<DiskCardGame.TurnManager>.FindInstance
[Warning: Singleton] Got null in Singleton<DiskCardGame.LifeManager>.FindInstance
[Warning: Singleton] Got null in Singleton<DiskCardGame.TurnManager>.FindInstance
[Warning: Singleton] Got null in Singleton<DiskCardGame.LifeManager>.FindInstance
[Warning: Singleton] Got null in Singleton<DiskCardGame.TurnManager>.FindInstance
[Warning: Singleton] Got null in Singleton<DiskCardGame.LifeManager>.FindInstance
[Warning: Singleton] Got null in Singleton<DiskCardGame.TurnManager>.FindInstance
[Warning: Singleton] Got null in Singleton<DiskCardGame.LifeManager>.FindInstance
[Warning: Singleton] Got null in Singleton<DiskCardGame.TurnManager>.FindInstance
[Warning: Singleton] Got null in Singleton<DiskCardGame.LifeManager>.FindInstance
[Warning: Singleton] Got null in Singleton<DiskCardGame.TurnManager>.FindInstance
[Warning: Singleton] Got null in Singleton<DiskCardGame.LifeManager>.FindInstance
[Warning: Singleton] Got null in Singleton<DiskCardGame.TurnManager>.FindInstance
[Warning: Singleton] Got null in Singleton<DiskCardGame.LifeManager>.FindInstance
[Warning: Singleton] Got null in Singleton<DiskCardGame.TurnManager>.FindInstance
[Warning: Singleton] Got null in Singleton<DiskCardGame.LifeManager>.FindInstance
[Warning: Singleton] Got null in Singleton<DiskCardGame.TurnManager>.FindInstance
[Warning: Singleton] Got null in Singleton<DiskCardGame.LifeManager>.FindInstance
[Warning: Singleton] Got null in Singleton<DiskCardGame.TurnManager>.FindInstance
[Warning: Singleton] Got null in Singleton<DiskCardGame.LifeManager>.FindInstance
[Warning: Singleton] Got null in Singleton<DiskCardGame.TurnManager>.FindInstance
[Warning: Singleton] Got null in Singleton<DiskCardGame.LifeManager>.FindInstance
[Warning: Singleton] Got null in Singleton<DiskCardGame.TurnManager>.FindInstance
[Warning: Singleton] Got null in Singleton<DiskCardGame.LifeManager>.FindInstance
[Warning: Singleton] Got null in Singleton<DiskCardGame.TurnManager>.FindInstance
[Warning: Singleton] Got null in Singleton<DiskCardGame.LifeManager>.FindInstance
[Warning: Singleton] Got null in Singleton<DiskCardGame.TurnManager>.FindInstance
[Warning: Singleton] Got null in Singleton<DiskCardGame.LifeManager>.FindInstance
[Warning: Singleton] Got null in Singleton<DiskCardGame.TurnManager>.FindInstance
[Warning: Singleton] Got null in Singleton<DiskCardGame.LifeManager>.FindInstance
[Warning: Singleton] Got null in Singleton<DiskCardGame.TurnManager>.FindInstance
[Warning: Singleton] Got null in Singleton<DiskCardGame.LifeManager>.FindInstance
[Warning: Singleton] Got null in Singleton<DiskCardGame.TurnManager>.FindInstance
[Warning: Singleton] Got null in Singleton<DiskCardGame.LifeManager>.FindInstance
[Warning: Singleton] Got null in Singleton<DiskCardGame.TurnManager>.FindInstance
[Warning: Singleton] Got null in Singleton<DiskCardGame.LifeManager>.FindInstance
[Warning: Singleton] Got null in Singleton<DiskCardGame.TurnManager>.FindInstance
[Warning: Singleton] Got null in Singleton<DiskCardGame.LifeManager>.FindInstance
[Warning: Singleton] Got null in Singleton<DiskCardGame.TurnManager>.FindInstance
[Warning: Singleton] Got null in Singleton<DiskCardGame.LifeManager>.FindInstance
[Warning: Singleton] Got null in Singleton<DiskCardGame.TurnManager>.FindInstance
[Warning: Singleton] Got null in Singleton<DiskCardGame.LifeManager>.FindInstance
[Warning: Singleton] Got null in Singleton<DiskCardGame.TurnManager>.FindInstance
[Warning: Singleton] Got null in Singleton<DiskCardGame.LifeManager>.FindInstance
[Warning: Singleton] Got null in Singleton<DiskCardGame.TurnManager>.FindInstance
[Warning: Singleton] Got null in Singleton<DiskCardGame.LifeManager>.FindInstance
[Warning: Singleton] Got null in Singleton<DiskCardGame.TurnManager>.FindInstance
[Warning: Singleton] Got null in Singleton<DiskCardGame.LifeManager>.FindInstance
[Warning: Singleton] Got null in Singleton<DiskCardGame.TurnManager>.FindInstance
[Warning: Singleton] Got null in Singleton<DiskCardGame.LifeManager>.FindInstance
[Warning: Singleton] Got null in Singleton<DiskCardGame.TurnManager>.FindInstance
[Warning: Singleton] Got null in Singleton<DiskCardGame.LifeManager>.FindInstance
[Warning: Singleton] Got null in Singleton<DiskCardGame.TurnManager>.FindInstance
[Warning: Singleton] Got null in Singleton<DiskCardGame.LifeManager>.FindInstance
[Warning: Singleton] Got null in Singleton<DiskCardGame.TurnManager>.FindInstance
[Warning: Singleton] Got null in Singleton<DiskCardGame.LifeManager>.FindInstance
[Warning: Singleton] Got null in Singleton<DiskCardGame.TurnManager>.FindInstance
[Warning: Singleton] Got null in Singleton<DiskCardGame.LifeManager>.FindInstance
[Warning: Singleton] Got null in Singleton<DiskCardGame.TurnManager>.FindInstance
[Warning: Singleton] Got null in Singleton<DiskCardGame.LifeManager>.FindInstance
[Warning: Singleton] Got null in Singleton<DiskCardGame.TurnManager>.FindInstance
[Warning: Singleton] Got null in Singleton<DiskCardGame.LifeManager>.FindInstance
[Warning: Singleton] Got null in Singleton<DiskCardGame.TurnManager>.FindInstance
[Warning: Singleton] Got null in Singleton<DiskCardGame.LifeManager>.FindInstance
[Warning: Singleton] Got null in Singleton<DiskCardGame.TurnManager>.FindInstance
[Warning: Singleton] Got null in Singleton<DiskCardGame.LifeManager>.FindInstance
[Warning: Singleton] Got null in Singleton<DiskCardGame.TurnManager>.FindInstance
[Warning: Singleton] Got null in Singleton<DiskCardGame.LifeManager>.FindInstance
[Warning: Singleton] Got null in Singleton<DiskCardGame.TurnManager>.FindInstance
[Warning: Singleton] Got null in Singleton<DiskCardGame.LifeManager>.FindInstance
[Warning: Singleton] Got null in Singleton<DiskCardGame.TurnManager>.FindInstance
[Warning: Singleton] Got null in Singleton<DiskCardGame.LifeManager>.FindInstance
[Warning: Singleton] Got null in Singleton<DiskCardGame.TurnManager>.FindInstance
[Warning: Singleton] Got null in Singleton<DiskCardGame.LifeManager>.FindInstance
[Warning: Singleton] Got null in Singleton<DiskCardGame.TurnManager>.FindInstance
[Warning: Singleton] Got null in Singleton<DiskCardGame.LifeManager>.FindInstance
[Warning: Singleton] Got null in Singleton<DiskCardGame.TurnManager>.FindInstance
[Warning: Singleton] Got null in Singleton<DiskCardGame.LifeManager>.FindInstance
[Warning: Singleton] Got null in Singleton<DiskCardGame.TurnManager>.FindInstance
[Warning: Singleton] Got null in Singleton<DiskCardGame.LifeManager>.FindInstance
[Warning: Singleton] Got null in Singleton<DiskCardGame.TurnManager>.FindInstance
[Warning: Singleton] Got null in Singleton<DiskCardGame.LifeManager>.FindInstance
[Warning: Singleton] Got null in Singleton<DiskCardGame.TurnManager>.FindInstance
[Warning: Singleton] Got null in Singleton<DiskCardGame.LifeManager>.FindInstance
[Warning: Singleton] Got null in Singleton<DiskCardGame.TurnManager>.FindInstance
[Warning: Singleton] Got null in Singleton<DiskCardGame.LifeManager>.FindInstance
[Warning: Singleton] Got null in Singleton<DiskCardGame.TurnManager>.FindInstance
[Warning: Singleton] Got null in Singleton<DiskCardGame.LifeManager>.FindInstance
[Warning: Singleton] Got null in Singleton<DiskCardGame.TurnManager>.FindInstance
[Warning: Singleton] Got null in Singleton<DiskCardGame.LifeManager>.FindInstance
[Warning: Singleton] Got null in Singleton<DiskCardGame.TurnManager>.FindInstance
[Warning: Singleton] Got null in Singleton<DiskCardGame.LifeManager>.FindInstance
[Warning: Singleton] Got null in Singleton<DiskCardGame.TurnManager>.FindInstance
[Warning: Singleton] Got null in Singleton<DiskCardGame.LifeManager>.FindInstance
[Warning: Singleton] Got null in Singleton<DiskCardGame.TurnManager>.FindInstance
[Warning: Singleton] Got null in Singleton<DiskCardGame.LifeManager>.FindInstance
[Warning: Singleton] Got null in Singleton<DiskCardGame.TurnManager>.FindInstance
[Warning: Singleton] Got null in Singleton<DiskCardGame.LifeManager>.FindInstance
[Warning: Singleton] Got null in Singleton<DiskCardGame.TurnManager>.FindInstance
[Warning: Singleton] Got null in Singleton<DiskCardGame.LifeManager>.FindInstance
[Warning: Singleton] Got null in Singleton<DiskCardGame.TurnManager>.FindInstance
[Warning: Singleton] Got null in Singleton<DiskCardGame.LifeManager>.FindInstance
[Warning: Singleton] Got null in Singleton<DiskCardGame.TurnManager>.FindInstance
[Warning: Singleton] Got null in Singleton<DiskCardGame.LifeManager>.FindInstance
[Warning: Singleton] Got null in Singleton<DiskCardGame.TurnManager>.FindInstance
[Warning: Singleton] Got null in Singleton<DiskCardGame.LifeManager>.FindInstance
[Warning: Singleton] Got null in Singleton<DiskCardGame.TurnManager>.FindInstance
[Warning: Singleton] Got null in Singleton<DiskCardGame.LifeManager>.FindInstance
[Warning: Singleton] Got null in Singleton<DiskCardGame.TurnManager>.FindInstance
[Warning: Singleton] Got null in Singleton<DiskCardGame.LifeManager>.FindInstance
[Warning: Singleton] Got null in Singleton<DiskCardGame.TurnManager>.FindInstance
[Warning: Singleton] Got null in Singleton<DiskCardGame.LifeManager>.FindInstance
[Warning: Singleton] Got null in Singleton<DiskCardGame.TurnManager>.FindInstance
[Warning: Singleton] Got null in Singleton<DiskCardGame.LifeManager>.FindInstance
[Warning: Singleton] Got null in Singleton<DiskCardGame.TurnManager>.FindInstance
[Warning: Singleton] Got null in Singleton<DiskCardGame.LifeManager>.FindInstance
[Warning: Singleton] Got null in Singleton<DiskCardGame.TurnManager>.FindInstance
[Warning: Singleton] Got null in Singleton<DiskCardGame.LifeManager>.FindInstance
[Warning: Singleton] Got null in Singleton<DiskCardGame.TurnManager>.FindInstance
[Warning: Singleton] Got null in Singleton<DiskCardGame.LifeManager>.FindInstance
[Warning: Singleton] Got null in Singleton<DiskCardGame.TurnManager>.FindInstance
[Warning: Singleton] Got null in Singleton<DiskCardGame.LifeManager>.FindInstance
[Warning: Singleton] Got null in Singleton<DiskCardGame.TurnManager>.FindInstance
[Warning: Singleton] Got null in Singleton<DiskCardGame.LifeManager>.FindInstance
[Warning: Singleton] Got null in Singleton<DiskCardGame.TurnManager>.FindInstance
[Warning: Singleton] Got null in Singleton<DiskCardGame.LifeManager>.FindInstance
[Warning: Singleton] Got null in Singleton<DiskCardGame.TurnManager>.FindInstance
[Warning: Singleton] Got null in Singleton<DiskCardGame.LifeManager>.FindInstance
[Warning: Singleton] Got null in Singleton<DiskCardGame.TurnManager>.FindInstance
[Warning: Singleton] Got null in Singleton<DiskCardGame.LifeManager>.FindInstance
[Warning: Singleton] Got null in Singleton<DiskCardGame.TurnManager>.FindInstance
[Warning: Singleton] Got null in Singleton<DiskCardGame.LifeManager>.FindInstance
[Warning: Singleton] Got null in Singleton<DiskCardGame.TurnManager>.FindInstance
[Warning: Singleton] Got null in Singleton<DiskCardGame.LifeManager>.FindInstance
[Warning: Singleton] Got null in Singleton<DiskCardGame.TurnManager>.FindInstance
[Warning: Singleton] Got null in Singleton<DiskCardGame.LifeManager>.FindInstance
[Warning: Singleton] Got null in Singleton<DiskCardGame.TurnManager>.FindInstance
[Warning: Singleton] Got null in Singleton<DiskCardGame.LifeManager>.FindInstance
[Warning: Singleton] Got null in Singleton<DiskCardGame.TurnManager>.FindInstance
[Warning: Singleton] Got null in Singleton<DiskCardGame.LifeManager>.FindInstance
[Warning: Singleton] Got null in Singleton<DiskCardGame.TurnManager>.FindInstance
[Warning: Singleton] Got null in Singleton<DiskCardGame.LifeManager>.FindInstance
[Warning: Singleton] Got null in Singleton<DiskCardGame.TurnManager>.FindInstance
[Warning: Singleton] Got null in Singleton<DiskCardGame.LifeManager>.FindInstance
[Warning: Singleton] Got null in Singleton<DiskCardGame.TurnManager>.FindInstance
[Warning: Singleton] Got null in Singleton<DiskCardGame.LifeManager>.FindInstance
[Warning: Singleton] Got null in Singleton<DiskCardGame.TurnManager>.FindInstance
[Warning: Singleton] Got null in Singleton<DiskCardGame.LifeManager>.FindInstance
[Warning: Singleton] Got null in Singleton<DiskCardGame.TurnManager>.FindInstance
[Warning: Singleton] Got null in Singleton<DiskCardGame.LifeManager>.FindInstance
[Warning: Singleton] Got null in Singleton<DiskCardGame.TurnManager>.FindInstance
[Warning: Singleton] Got null in Singleton<DiskCardGame.LifeManager>.FindInstance
[Warning: Singleton] Got null in Singleton<DiskCardGame.TurnManager>.FindInstance
[Warning: Singleton] Got null in Singleton<DiskCardGame.LifeManager>.FindInstance
[Warning: Singleton] Got null in Singleton<DiskCardGame.TurnManager>.FindInstance
[Warning: Singleton] Got null in Singleton<DiskCardGame.LifeManager>.FindInstance
[Warning: Singleton] Got null in Singleton<DiskCardGame.TurnManager>.FindInstance
[Warning: Singleton] Got null in Singleton<DiskCardGame.LifeManager>.FindInstance
[Warning: Singleton] Got null in Singleton<DiskCardGame.TurnManager>.FindInstance
[Warning: Singleton] Got null in Singleton<DiskCardGame.LifeManager>.FindInstance
[Warning: Singleton] Got null in Singleton<DiskCardGame.TurnManager>.FindInstance
[Warning: Singleton] Got null in Singleton<DiskCardGame.LifeManager>.FindInstance
[Warning: Singleton] Got null in Singleton<DiskCardGame.TurnManager>.FindInstance
[Warning: Singleton] Got null in Singleton<DiskCardGame.LifeManager>.FindInstance
[Warning: Singleton] Got null in Singleton<DiskCardGame.TurnManager>.FindInstance
[Warning: Singleton] Got null in Singleton<DiskCardGame.LifeManager>.FindInstance
[Warning: Singleton] Got null in Singleton<DiskCardGame.TurnManager>.FindInstance
[Warning: Singleton] Got null in Singleton<DiskCardGame.LifeManager>.FindInstance
[Warning: Singleton] Got null in Singleton<DiskCardGame.TurnManager>.FindInstance
[Warning: Singleton] Got null in Singleton<DiskCardGame.LifeManager>.FindInstance
[Warning: Singleton] Got null in Singleton<DiskCardGame.TurnManager>.FindInstance
[Warning: Singleton] Got null in Singleton<DiskCardGame.LifeManager>.FindInstance
[Warning: Singleton] Got null in Singleton<DiskCardGame.TurnManager>.FindInstance
[Warning: Singleton] Got null in Singleton<DiskCardGame.LifeManager>.FindInstance
[Warning: Singleton] Got null in Singleton<DiskCardGame.TurnManager>.FindInstance
[Warning: Singleton] Got null in Singleton<DiskCardGame.LifeManager>.FindInstance
[Warning: Singleton] Got null in Singleton<DiskCardGame.TurnManager>.FindInstance
[Warning: Singleton] Got null in Singleton<DiskCardGame.LifeManager>.FindInstance
[Warning: Singleton] Got null in Singleton<DiskCardGame.TurnManager>.FindInstance
[Warning: Singleton] Got null in Singleton<DiskCardGame.LifeManager>.FindInstance
[Warning: Singleton] Got null in Singleton<DiskCardGame.TurnManager>.FindInstance
[Warning: Singleton] Got null in Singleton<DiskCardGame.LifeManager>.FindInstance
[Warning: Singleton] Got null in Singleton<DiskCardGame.TurnManager>.FindInstance
[Warning: Singleton] Got null in Singleton<DiskCardGame.LifeManager>.FindInstance
[Warning: Singleton] Got null in Singleton<DiskCardGame.TurnManager>.FindInstance
[Warning: Singleton] Got null in Singleton<DiskCardGame.LifeManager>.FindInstance
[Warning: Singleton] Got null in Singleton<DiskCardGame.TurnManager>.FindInstance
[Warning: Singleton] Got null in Singleton<DiskCardGame.LifeManager>.FindInstance
[Warning: Singleton] Got null in Singleton<DiskCardGame.TurnManager>.FindInstance
[Warning: Singleton] Got null in Singleton<DiskCardGame.LifeManager>.FindInstance
[Warning: Singleton] Got null in Singleton<DiskCardGame.TurnManager>.FindInstance
[Warning: Singleton] Got null in Singleton<DiskCardGame.LifeManager>.FindInstance
[Warning: Singleton] Got null in Singleton<DiskCardGame.TurnManager>.FindInstance
[Warning: Singleton] Got null in Singleton<DiskCardGame.LifeManager>.FindInstance
[Warning: Singleton] Got null in Singleton<DiskCardGame.TurnManager>.FindInstance
[Warning: Singleton] Got null in Singleton<DiskCardGame.LifeManager>.FindInstance
[Warning: Singleton] Got null in Singleton<DiskCardGame.TurnManager>.FindInstance
[Warning: Singleton] Got null in Singleton<DiskCardGame.LifeManager>.FindInstance
[Warning: Singleton] Got null in Singleton<DiskCardGame.TurnManager>.FindInstance
[Warning: Singleton] Got null in Singleton<DiskCardGame.LifeManager>.FindInstance
[Warning: Singleton] Got null in Singleton<DiskCardGame.TurnManager>.FindInstance
[Warning: Singleton] Got null in Singleton<DiskCardGame.LifeManager>.FindInstance
[Warning: Singleton] Got null in Singleton<DiskCardGame.TurnManager>.FindInstance
[Warning: Singleton] Got null in Singleton<DiskCardGame.LifeManager>.FindInstance
[Warning: Singleton] Got null in Singleton<DiskCardGame.TurnManager>.FindInstance
[Warning: Singleton] Got null in Singleton<DiskCardGame.LifeManager>.FindInstance
[Warning: Singleton] Got null in Singleton<DiskCardGame.TurnManager>.FindInstance
[Warning: Singleton] Got null in Singleton<DiskCardGame.LifeManager>.FindInstance
[Warning: Singleton] Got null in Singleton<DiskCardGame.TurnManager>.FindInstance
[Warning: Singleton] Got null in Singleton<DiskCardGame.LifeManager>.FindInstance
[Warning: Singleton] Got null in Singleton<DiskCardGame.TurnManager>.FindInstance
[Warning: Singleton] Got null in Singleton<DiskCardGame.LifeManager>.FindInstance
[Warning: Singleton] Got null in Singleton<DiskCardGame.TurnManager>.FindInstance
[Warning: Singleton] Got null in Singleton<DiskCardGame.LifeManager>.FindInstance
[Warning: Singleton] Got null in Singleton<DiskCardGame.TurnManager>.FindInstance
[Warning: Singleton] Got null in Singleton<DiskCardGame.LifeManager>.FindInstance
[Warning: Singleton] Got null in Singleton<DiskCardGame.TurnManager>.FindInstance
[Warning: Singleton] Got null in Singleton<DiskCardGame.LifeManager>.FindInstance
[Warning: Singleton] Got null in Singleton<DiskCardGame.TurnManager>.FindInstance
[Warning: Singleton] Got null in Singleton<DiskCardGame.LifeManager>.FindInstance
[Warning: Singleton] Got null in Singleton<DiskCardGame.TurnManager>.FindInstance
[Warning: Singleton] Got null in Singleton<DiskCardGame.LifeManager>.FindInstance
[Warning: Singleton] Got null in Singleton<DiskCardGame.TurnManager>.FindInstance
[Warning: Singleton] Got null in Singleton<DiskCardGame.LifeManager>.FindInstance
[Warning: Singleton] Got null in Singleton<DiskCardGame.TurnManager>.FindInstance
[Warning: Singleton] Got null in Singleton<DiskCardGame.LifeManager>.FindInstance
[Warning: Singleton] Got null in Singleton<DiskCardGame.TurnManager>.FindInstance
[Warning: Singleton] Got null in Singleton<DiskCardGame.LifeManager>.FindInstance
[Warning: Singleton] Got null in Singleton<DiskCardGame.TurnManager>.FindInstance
[Warning: Singleton] Got null in Singleton<DiskCardGame.LifeManager>.FindInstance
[Warning: Singleton] Got null in Singleton<DiskCardGame.TurnManager>.FindInstance
[Warning: Singleton] Got null in Singleton<DiskCardGame.LifeManager>.FindInstance
[Warning: Singleton] Got null in Singleton<DiskCardGame.TurnManager>.FindInstance
[Warning: Singleton] Got null in Singleton<DiskCardGame.LifeManager>.FindInstance
[Warning: Singleton] Got null in Singleton<DiskCardGame.TurnManager>.FindInstance
[Warning: Singleton] Got null in Singleton<DiskCardGame.LifeManager>.FindInstance
[Warning: Singleton] Got null in Singleton<DiskCardGame.TurnManager>.FindInstance
[Warning: Singleton] Got null in Singleton<DiskCardGame.LifeManager>.FindInstance
[Warning: Singleton] Got null in Singleton<DiskCardGame.TurnManager>.FindInstance
[Warning: Singleton] Got null in Singleton<DiskCardGame.LifeManager>.FindInstance
[Warning: Singleton] Got null in Singleton<DiskCardGame.TurnManager>.FindInstance
[Warning: Singleton] Got null in Singleton<DiskCardGame.LifeManager>.FindInstance
[Warning: Singleton] Got null in Singleton<DiskCardGame.TurnManager>.FindInstance
[Warning: Singleton] Got null in Singleton<DiskCardGame.LifeManager>.FindInstance
[Warning: Singleton] Got null in Singleton<DiskCardGame.TurnManager>.FindInstance
[Warning: Singleton] Got null in Singleton<DiskCardGame.LifeManager>.FindInstance
[Warning: Singleton] Got null in Singleton<DiskCardGame.TurnManager>.FindInstance
[Warning: Singleton] Got null in Singleton<DiskCardGame.LifeManager>.FindInstance
[Warning: Singleton] Got null in Singleton<DiskCardGame.TurnManager>.FindInstance
[Warning: Singleton] Got null in Singleton<DiskCardGame.LifeManager>.FindInstance
[Warning: Singleton] Got null in Singleton<DiskCardGame.TurnManager>.FindInstance
[Warning: Singleton] Got null in Singleton<DiskCardGame.LifeManager>.FindInstance
[Warning: Singleton] Got null in Singleton<DiskCardGame.TurnManager>.FindInstance
[Warning: Singleton] Got null in Singleton<DiskCardGame.LifeManager>.FindInstance
[Warning: Singleton] Got null in Singleton<DiskCardGame.TurnManager>.FindInstance
[Warning: Singleton] Got null in Singleton<DiskCardGame.LifeManager>.FindInstance
[Warning: Singleton] Got null in Singleton<DiskCardGame.TurnManager>.FindInstance
[Warning: Singleton] Got null in Singleton<DiskCardGame.LifeManager>.FindInstance
[Warning: Singleton] Got null in Singleton<DiskCardGame.TurnManager>.FindInstance
[Warning: Singleton] Got null in Singleton<DiskCardGame.LifeManager>.FindInstance
[Warning: Singleton] Got null in Singleton<DiskCardGame.TurnManager>.FindInstance
[Warning: Singleton] Got null in Singleton<DiskCardGame.LifeManager>.FindInstance
[Warning: Singleton] Got null in Singleton<DiskCardGame.TurnManager>.FindInstance
[Warning: Singleton] Got null in Singleton<DiskCardGame.LifeManager>.FindInstance
[Warning: Singleton] Got null in Singleton<DiskCardGame.TurnManager>.FindInstance
[Warning: Singleton] Got null in Singleton<DiskCardGame.LifeManager>.FindInstance
[Warning: Singleton] Got null in Singleton<DiskCardGame.TurnManager>.FindInstance
[Warning: Singleton] Got null in Singleton<DiskCardGame.LifeManager>.FindInstance
[Warning: Singleton] Got null in Singleton<DiskCardGame.TurnManager>.FindInstance
[Warning: Singleton] Got null in Singleton<DiskCardGame.LifeManager>.FindInstance
[Warning: Singleton] Got null in Singleton<DiskCardGame.TurnManager>.FindInstance
[Warning: Singleton] Got null in Singleton<DiskCardGame.LifeManager>.FindInstance
[Warning: Singleton] Got null in Singleton<DiskCardGame.TurnManager>.FindInstance
[Warning: Singleton] Got null in Singleton<DiskCardGame.LifeManager>.FindInstance
[Warning: Singleton] Got null in Singleton<DiskCardGame.TurnManager>.FindInstance
[Warning: Singleton] Got null in Singleton<DiskCardGame.LifeManager>.FindInstance
[Warning: Singleton] Got null in Singleton<DiskCardGame.TurnManager>.FindInstance
[Warning: Singleton] Got null in Singleton<DiskCardGame.LifeManager>.FindInstance
[Warning: Singleton] Got null in Singleton<DiskCardGame.TurnManager>.FindInstance
[Warning: Singleton] Got null in Singleton<DiskCardGame.LifeManager>.FindInstance
[Warning: Singleton] Got null in Singleton<DiskCardGame.TurnManager>.FindInstance
[Warning: Singleton] Got null in Singleton<DiskCardGame.LifeManager>.FindInstance
[Warning: Singleton] Got null in Singleton<DiskCardGame.TurnManager>.FindInstance
[Warning: Singleton] Got null in Singleton<DiskCardGame.LifeManager>.FindInstance
[Warning: Singleton] Got null in Singleton<DiskCardGame.TurnManager>.FindInstance
[Warning: Singleton] Got null in Singleton<DiskCardGame.LifeManager>.FindInstance
[Warning: Singleton] Got null in Singleton<DiskCardGame.TurnManager>.FindInstance
[Warning: Singleton] Got null in Singleton<DiskCardGame.LifeManager>.FindInstance
[Warning: Singleton] Got null in Singleton<DiskCardGame.TurnManager>.FindInstance
[Warning: Singleton] Got null in Singleton<DiskCardGame.LifeManager>.FindInstance
[Warning: Singleton] Got null in Singleton<DiskCardGame.TurnManager>.FindInstance
[Warning: Singleton] Got null in Singleton<DiskCardGame.LifeManager>.FindInstance
[Warning: Singleton] Got null in Singleton<DiskCardGame.TurnManager>.FindInstance
[Warning: Singleton] Got null in Singleton<DiskCardGame.LifeManager>.FindInstance
[Warning: Singleton] Got null in Singleton<DiskCardGame.TurnManager>.FindInstance
[Warning: Singleton] Got null in Singleton<DiskCardGame.LifeManager>.FindInstance
[Warning: Singleton] Got null in Singleton<DiskCardGame.TurnManager>.FindInstance
[Warning: Singleton] Got null in Singleton<DiskCardGame.LifeManager>.FindInstance
[Warning: Singleton] Got null in Singleton<DiskCardGame.TurnManager>.FindInstance
[Warning: Singleton] Got null in Singleton<DiskCardGame.LifeManager>.FindInstance
[Warning: Singleton] Got null in Singleton<DiskCardGame.TurnManager>.FindInstance
[Warning: Singleton] Got null in Singleton<DiskCardGame.LifeManager>.FindInstance
[Warning: Singleton] Got null in Singleton<DiskCardGame.TurnManager>.FindInstance
[Warning: Singleton] Got null in Singleton<DiskCardGame.LifeManager>.FindInstance
[Warning: Singleton] Got null in Singleton<DiskCardGame.TurnManager>.FindInstance
[Warning: Singleton] Got null in Singleton<DiskCardGame.LifeManager>.FindInstance
[Warning: Singleton] Got null in Singleton<DiskCardGame.TurnManager>.FindInstance
[Warning: Singleton] Got null in Singleton<DiskCardGame.LifeManager>.FindInstance
[Warning: Singleton] Got null in Singleton<DiskCardGame.TurnManager>.FindInstance
[Warning: Singleton] Got null in Singleton<DiskCardGame.LifeManager>.FindInstance
[Warning: Singleton] Got null in Singleton<DiskCardGame.TurnManager>.FindInstance
[Warning: Singleton] Got null in Singleton<DiskCardGame.LifeManager>.FindInstance
[Warning: Singleton] Got null in Singleton<DiskCardGame.TurnManager>.FindInstance
[Warning: Singleton] Got null in Singleton<DiskCardGame.LifeManager>.FindInstance
[Warning: Singleton] Got null in Singleton<DiskCardGame.TurnManager>.FindInstance
[Warning: Singleton] Got null in Singleton<DiskCardGame.LifeManager>.FindInstance
[Warning: Singleton] Got null in Singleton<DiskCardGame.TurnManager>.FindInstance
[Warning: Singleton] Got null in Singleton<DiskCardGame.LifeManager>.FindInstance
[Warning: Singleton] Got null in Singleton<DiskCardGame.TurnManager>.FindInstance
[Warning: Singleton] Got null in Singleton<DiskCardGame.LifeManager>.FindInstance
[Warning: Singleton] Got null in Singleton<DiskCardGame.TurnManager>.FindInstance
[Warning: Singleton] Got null in Singleton<DiskCardGame.LifeManager>.FindInstance
[Warning: Singleton] Got null in Singleton<DiskCardGame.TurnManager>.FindInstance
[Warning: Singleton] Got null in Singleton<DiskCardGame.LifeManager>.FindInstance
[Warning: Singleton] Got null in Singleton<DiskCardGame.TurnManager>.FindInstance
[Warning: Singleton] Got null in Singleton<DiskCardGame.LifeManager>.FindInstance
[Warning: Singleton] Got null in Singleton<DiskCardGame.TurnManager>.FindInstance
[Warning: Singleton] Got null in Singleton<DiskCardGame.LifeManager>.FindInstance
[Warning: Singleton] Got null in Singleton<DiskCardGame.TurnManager>.FindInstance
[Warning: Singleton] Got null in Singleton<DiskCardGame.LifeManager>.FindInstance
[Warning: Singleton] Got null in Singleton<DiskCardGame.TurnManager>.FindInstance
[Warning: Singleton] Got null in Singleton<DiskCardGame.LifeManager>.FindInstance
[Warning: Singleton] Got null in Singleton<DiskCardGame.TurnManager>.FindInstance
[Warning: Singleton] Got null in Singleton<DiskCardGame.LifeManager>.FindInstance
[Warning: Singleton] Got null in Singleton<DiskCardGame.TurnManager>.FindInstance
[Warning: Singleton] Got null in Singleton<DiskCardGame.LifeManager>.FindInstance
[Warning: Singleton] Got null in Singleton<DiskCardGame.TurnManager>.FindInstance
[Warning: Singleton] Got null in Singleton<DiskCardGame.LifeManager>.FindInstance
[Warning: Singleton] Got null in Singleton<DiskCardGame.TurnManager>.FindInstance
[Warning: Singleton] Got null in Singleton<DiskCardGame.LifeManager>.FindInstance
[Warning: Singleton] Got null in Singleton<DiskCardGame.TurnManager>.FindInstance
[Warning: Singleton] Got null in Singleton<DiskCardGame.LifeManager>.FindInstance
[Warning: Singleton] Got null in Singleton<DiskCardGame.TurnManager>.FindInstance
[Warning: Singleton] Got null in Singleton<DiskCardGame.LifeManager>.FindInstance
[Warning: Singleton] Got null in Singleton<DiskCardGame.TurnManager>.FindInstance
[Warning: Singleton] Got null in Singleton<DiskCardGame.LifeManager>.FindInstance
[Warning: Singleton] Got null in Singleton<DiskCardGame.TurnManager>.FindInstance
[Warning: Singleton] Got null in Singleton<DiskCardGame.LifeManager>.FindInstance
[Warning: Singleton] Got null in Singleton<DiskCardGame.TurnManager>.FindInstance
[Warning: Singleton] Got null in Singleton<DiskCardGame.LifeManager>.FindInstance
[Warning: Singleton] Got null in Singleton<DiskCardGame.TurnManager>.FindInstance
[Warning: Singleton] Got null in Singleton<DiskCardGame.LifeManager>.FindInstance
[Warning: Singleton] Got null in Singleton<DiskCardGame.TurnManager>.FindInstance
[Warning: Singleton] Got null in Singleton<DiskCardGame.LifeManager>.FindInstance
[Warning: Singleton] Got null in Singleton<DiskCardGame.TurnManager>.FindInstance
[Warning: Singleton] Got null in Singleton<DiskCardGame.LifeManager>.FindInstance
[Warning: Singleton] Got null in Singleton<DiskCardGame.TurnManager>.FindInstance
[Warning: Singleton] Got null in Singleton<DiskCardGame.LifeManager>.FindInstance
[Warning: Singleton] Got null in Singleton<DiskCardGame.TurnManager>.FindInstance
[Warning: Singleton] Got null in Singleton<DiskCardGame.LifeManager>.FindInstance
[Warning: Singleton] Got null in Singleton<DiskCardGame.TurnManager>.FindInstance
[Warning: Singleton] Got null in Singleton<DiskCardGame.LifeManager>.FindInstance
[Warning: Singleton] Got null in Singleton<DiskCardGame.TurnManager>.FindInstance
[Warning: Singleton] Got null in Singleton<DiskCardGame.LifeManager>.FindInstance
[Warning: Singleton] Got null in Singleton<DiskCardGame.TurnManager>.FindInstance
[Warning: Singleton] Got null in Singleton<DiskCardGame.LifeManager>.FindInstance
[Warning: Singleton] Got null in Singleton<DiskCardGame.TurnManager>.FindInstance
[Warning: Singleton] Got null in Singleton<DiskCardGame.LifeManager>.FindInstance
[Warning: Singleton] Got null in Singleton<DiskCardGame.TurnManager>.FindInstance
[Warning: Singleton] Got null in Singleton<DiskCardGame.LifeManager>.FindInstance
[Warning: Singleton] Got null in Singleton<DiskCardGame.TurnManager>.FindInstance
[Warning: Singleton] Got null in Singleton<DiskCardGame.LifeManager>.FindInstance
[Warning: Singleton] Got null in Singleton<DiskCardGame.TurnManager>.FindInstance
[Warning: Singleton] Got null in Singleton<DiskCardGame.LifeManager>.FindInstance
[Warning: Singleton] Got null in Singleton<DiskCardGame.TurnManager>.FindInstance
[Warning: Singleton] Got null in Singleton<DiskCardGame.LifeManager>.FindInstance
[Warning: Singleton] Got null in Singleton<DiskCardGame.TurnManager>.FindInstance
[Warning: Singleton] Got null in Singleton<DiskCardGame.LifeManager>.FindInstance
[Warning: Singleton] Got null in Singleton<DiskCardGame.TurnManager>.FindInstance
[Warning: Singleton] Got null in Singleton<DiskCardGame.LifeManager>.FindInstance
[Warning: Singleton] Got null in Singleton<DiskCardGame.TurnManager>.FindInstance
[Warning: Singleton] Got null in Singleton<DiskCardGame.LifeManager>.FindInstance
[Warning: Singleton] Got null in Singleton<DiskCardGame.TurnManager>.FindInstance
[Warning: Singleton] Got null in Singleton<DiskCardGame.LifeManager>.FindInstance
[Warning: Singleton] Got null in Singleton<DiskCardGame.TurnManager>.FindInstance
[Warning: Singleton] Got null in Singleton<DiskCardGame.LifeManager>.FindInstance
[Warning: Singleton] Got null in Singleton<DiskCardGame.TurnManager>.FindInstance
[Warning: Singleton] Got null in Singleton<DiskCardGame.LifeManager>.FindInstance
[Warning: Singleton] Got null in Singleton<DiskCardGame.TurnManager>.FindInstance
[Warning: Singleton] Got null in Singleton<DiskCardGame.LifeManager>.FindInstance
[Warning: Singleton] Got null in Singleton<DiskCardGame.TurnManager>.FindInstance
[Warning: Singleton] Got null in Singleton<DiskCardGame.LifeManager>.FindInstance
[Warning: Singleton] Got null in Singleton<DiskCardGame.TurnManager>.FindInstance
[Warning: Singleton] Got null in Singleton<DiskCardGame.LifeManager>.FindInstance
[Warning: Singleton] Got null in Singleton<DiskCardGame.TurnManager>.FindInstance
[Warning: Singleton] Got null in Singleton<DiskCardGame.LifeManager>.FindInstance
[Warning: Singleton] Got null in Singleton<DiskCardGame.TurnManager>.FindInstance
[Warning: Singleton] Got null in Singleton<DiskCardGame.LifeManager>.FindInstance
[Warning: Singleton] Got null in Singleton<DiskCardGame.TurnManager>.FindInstance
[Warning: Singleton] Got null in Singleton<DiskCardGame.LifeManager>.FindInstance
[Warning: Singleton] Got null in Singleton<DiskCardGame.TurnManager>.FindInstance
[Warning: Singleton] Got null in Singleton<DiskCardGame.LifeManager>.FindInstance
[Warning: Singleton] Got null in Singleton<DiskCardGame.TurnManager>.FindInstance
[Warning: Singleton] Got null in Singleton<DiskCardGame.LifeManager>.FindInstance
[Warning: Singleton] Got null in Singleton<DiskCardGame.TurnManager>.FindInstance
[Warning: Singleton] Got null in Singleton<DiskCardGame.LifeManager>.FindInstance
[Warning: Singleton] Got null in Singleton<DiskCardGame.TurnManager>.FindInstance
[Warning: Singleton] Got null in Singleton<DiskCardGame.LifeManager>.FindInstance
[Warning: Singleton] Got null in Singleton<DiskCardGame.TurnManager>.FindInstance
[Warning: Singleton] Got null in Singleton<DiskCardGame.LifeManager>.FindInstance
[Warning: Singleton] Got null in Singleton<DiskCardGame.TurnManager>.FindInstance
[Warning: Singleton] Got null in Singleton<DiskCardGame.LifeManager>.FindInstance
[Warning: Singleton] Got null in Singleton<DiskCardGame.TurnManager>.FindInstance
[Warning: Singleton] Got null in Singleton<DiskCardGame.LifeManager>.FindInstance
[Warning: Singleton] Got null in Singleton<DiskCardGame.TurnManager>.FindInstance
[Warning: Singleton] Got null in Singleton<DiskCardGame.LifeManager>.FindInstance
[Warning: Singleton] Got null in Singleton<DiskCardGame.TurnManager>.FindInstance
[Warning: Singleton] Got null in Singleton<DiskCardGame.LifeManager>.FindInstance
[Warning: Singleton] Got null in Singleton<DiskCardGame.TurnManager>.FindInstance
[Warning: Singleton] Got null in Singleton<DiskCardGame.LifeManager>.FindInstance
[Warning: Singleton] Got null in Singleton<DiskCardGame.TurnManager>.FindInstance
[Warning: Singleton] Got null in Singleton<DiskCardGame.LifeManager>.FindInstance
[Warning: Singleton] Got null in Singleton<DiskCardGame.TurnManager>.FindInstance
[Warning: Singleton] Got null in Singleton<DiskCardGame.LifeManager>.FindInstance
[Warning: Singleton] Got null in Singleton<DiskCardGame.TurnManager>.FindInstance
[Warning: Singleton] Got null in Singleton<DiskCardGame.LifeManager>.FindInstance
[Warning: Singleton] Got null in Singleton<DiskCardGame.TurnManager>.FindInstance
[Warning: Singleton] Got null in Singleton<DiskCardGame.LifeManager>.FindInstance
[Warning: Singleton] Got null in Singleton<DiskCardGame.TurnManager>.FindInstance
[Warning: Singleton] Got null in Singleton<DiskCardGame.LifeManager>.FindInstance
[Warning: Singleton] Got null in Singleton<DiskCardGame.TurnManager>.FindInstance
[Warning: Singleton] Got null in Singleton<DiskCardGame.LifeManager>.FindInstance
[Warning: Singleton] Got null in Singleton<DiskCardGame.TurnManager>.FindInstance
[Warning: Singleton] Got null in Singleton<DiskCardGame.LifeManager>.FindInstance
[Warning: Singleton] Got null in Singleton<DiskCardGame.TurnManager>.FindInstance
[Warning: Singleton] Got null in Singleton<DiskCardGame.LifeManager>.FindInstance
[Warning: Singleton] Got null in Singleton<DiskCardGame.TurnManager>.FindInstance
[Warning: Singleton] Got null in Singleton<DiskCardGame.LifeManager>.FindInstance
[Warning: Singleton] Got null in Singleton<DiskCardGame.TurnManager>.FindInstance
[Warning: Singleton] Got null in Singleton<DiskCardGame.LifeManager>.FindInstance
[Warning: Singleton] Got null in Singleton<DiskCardGame.TurnManager>.FindInstance
[Warning: Singleton] Got null in Singleton<DiskCardGame.LifeManager>.FindInstance
[Warning: Singleton] Got null in Singleton<DiskCardGame.TurnManager>.FindInstance
[Warning: Singleton] Got null in Singleton<DiskCardGame.LifeManager>.FindInstance
[Warning: Singleton] Got null in Singleton<DiskCardGame.TurnManager>.FindInstance
[Warning: Singleton] Got null in Singleton<DiskCardGame.LifeManager>.FindInstance
[Warning: Singleton] Got null in Singleton<DiskCardGame.TurnManager>.FindInstance
[Warning: Singleton] Got null in Singleton<DiskCardGame.LifeManager>.FindInstance
[Warning: Singleton] Got null in Singleton<DiskCardGame.TurnManager>.FindInstance
[Warning: Singleton] Got null in Singleton<DiskCardGame.LifeManager>.FindInstance
[Warning: Singleton] Got null in Singleton<DiskCardGame.TurnManager>.FindInstance
[Warning: Singleton] Got null in Singleton<DiskCardGame.LifeManager>.FindInstance
[Warning: Singleton] Got null in Singleton<DiskCardGame.TurnManager>.FindInstance
[Warning: Singleton] Got null in Singleton<DiskCardGame.LifeManager>.FindInstance
[Warning: Singleton] Got null in Singleton<DiskCardGame.TurnManager>.FindInstance
[Warning: Singleton] Got null in Singleton<DiskCardGame.LifeManager>.FindInstance
[Warning: Singleton] Got null in Singleton<DiskCardGame.TurnManager>.FindInstance
[Warning: Singleton] Got null in Singleton<DiskCardGame.LifeManager>.FindInstance
[Warning: Singleton] Got null in Singleton<DiskCardGame.TurnManager>.FindInstance
[Warning: Singleton] Got null in Singleton<DiskCardGame.LifeManager>.FindInstance
[Warning: Singleton] Got null in Singleton<DiskCardGame.TurnManager>.FindInstance
[Warning: Singleton] Got null in Singleton<DiskCardGame.LifeManager>.FindInstance
[Warning: Singleton] Got null in Singleton<DiskCardGame.TurnManager>.FindInstance
[Warning: Singleton] Got null in Singleton<DiskCardGame.LifeManager>.FindInstance
[Warning: Singleton] Got null in Singleton<DiskCardGame.TurnManager>.FindInstance
[Warning: Singleton] Got null in Singleton<DiskCardGame.LifeManager>.FindInstance
[Warning: Singleton] Got null in Singleton<DiskCardGame.TurnManager>.FindInstance
[Warning: Singleton] Got null in Singleton<DiskCardGame.LifeManager>.FindInstance
[Warning: Singleton] Got null in Singleton<DiskCardGame.TurnManager>.FindInstance
[Warning: Singleton] Got null in Singleton<DiskCardGame.LifeManager>.FindInstance
[Warning: Singleton] Got null in Singleton<DiskCardGame.TurnManager>.FindInstance
[Warning: Singleton] Got null in Singleton<DiskCardGame.LifeManager>.FindInstance
[Warning: Singleton] Got null in Singleton<DiskCardGame.TurnManager>.FindInstance
[Warning: Singleton] Got null in Singleton<DiskCardGame.LifeManager>.FindInstance
[Warning: Singleton] Got null in Singleton<DiskCardGame.TurnManager>.FindInstance
[Warning: Singleton] Got null in Singleton<DiskCardGame.LifeManager>.FindInstance
[Warning: Singleton] Got null in Singleton<DiskCardGame.TurnManager>.FindInstance
[Warning: Singleton] Got null in Singleton<DiskCardGame.LifeManager>.FindInstance
[Warning: Singleton] Got null in Singleton<DiskCardGame.TurnManager>.FindInstance
[Warning: Singleton] Got null in Singleton<DiskCardGame.LifeManager>.FindInstance
[Warning: Singleton] Got null in Singleton<DiskCardGame.TurnManager>.FindInstance
[Warning: Singleton] Got null in Singleton<DiskCardGame.LifeManager>.FindInstance
[Warning: Singleton] Got null in Singleton<DiskCardGame.TurnManager>.FindInstance
[Warning: Singleton] Got null in Singleton<DiskCardGame.LifeManager>.FindInstance
[Warning: Singleton] Got null in Singleton<DiskCardGame.TurnManager>.FindInstance
[Warning: Singleton] Got null in Singleton<DiskCardGame.LifeManager>.FindInstance
[Warning: Singleton] Got null in Singleton<DiskCardGame.TurnManager>.FindInstance
[Warning: Singleton] Got null in Singleton<DiskCardGame.LifeManager>.FindInstance
[Warning: Singleton] Got null in Singleton<DiskCardGame.TurnManager>.FindInstance
[Warning: Singleton] Got null in Singleton<DiskCardGame.LifeManager>.FindInstance
[Warning: Singleton] Got null in Singleton<DiskCardGame.TurnManager>.FindInstance
[Warning: Singleton] Got null in Singleton<DiskCardGame.LifeManager>.FindInstance
[Warning: Singleton] Got null in Singleton<DiskCardGame.TurnManager>.FindInstance
[Warning: Singleton] Got null in Singleton<DiskCardGame.LifeManager>.FindInstance
[Warning: Singleton] Got null in Singleton<DiskCardGame.TurnManager>.FindInstance
[Warning: Singleton] Got null in Singleton<DiskCardGame.LifeManager>.FindInstance
[Warning: Singleton] Got null in Singleton<DiskCardGame.TurnManager>.FindInstance
[Warning: Singleton] Got null in Singleton<DiskCardGame.LifeManager>.FindInstance
[Warning: Singleton] Got null in Singleton<DiskCardGame.TurnManager>.FindInstance
[Warning: Singleton] Got null in Singleton<DiskCardGame.LifeManager>.FindInstance
[Warning: Singleton] Got null in Singleton<DiskCardGame.TurnManager>.FindInstance
[Warning: Singleton] Got null in Singleton<DiskCardGame.LifeManager>.FindInstance
[Warning: Singleton] Got null in Singleton<DiskCardGame.TurnManager>.FindInstance
[Warning: Singleton] Got null in Singleton<DiskCardGame.LifeManager>.FindInstance
[Warning: Singleton] Got null in Singleton<DiskCardGame.TurnManager>.FindInstance
[Warning: Singleton] Got null in Singleton<DiskCardGame.LifeManager>.FindInstance
[Warning: Singleton] Got null in Singleton<DiskCardGame.TurnManager>.FindInstance
[Warning: Singleton] Got null in Singleton<DiskCardGame.LifeManager>.FindInstance
[Warning: Singleton] Got null in Singleton<DiskCardGame.TurnManager>.FindInstance
[Warning: Singleton] Got null in Singleton<DiskCardGame.LifeManager>.FindInstance
[Warning: Singleton] Got null in Singleton<DiskCardGame.TurnManager>.FindInstance
[Warning: Singleton] Got null in Singleton<DiskCardGame.LifeManager>.FindInstance
[Warning: Singleton] Got null in Singleton<DiskCardGame.TurnManager>.FindInstance
[Warning: Singleton] Got null in Singleton<DiskCardGame.LifeManager>.FindInstance
[Warning: Singleton] Got null in Singleton<DiskCardGame.TurnManager>.FindInstance
[Warning: Singleton] Got null in Singleton<DiskCardGame.LifeManager>.FindInstance
[Warning: Singleton] Got null in Singleton<DiskCardGame.TurnManager>.FindInstance
[Warning: Singleton] Got null in Singleton<DiskCardGame.LifeManager>.FindInstance
[Warning: Singleton] Got null in Singleton<DiskCardGame.TurnManager>.FindInstance
[Warning: Singleton] Got null in Singleton<DiskCardGame.LifeManager>.FindInstance
[Warning: Singleton] Got null in Singleton<DiskCardGame.TurnManager>.FindInstance
[Warning: Singleton] Got null in Singleton<DiskCardGame.LifeManager>.FindInstance
[Warning: Singleton] Got null in Singleton<DiskCardGame.TurnManager>.FindInstance
[Warning: Singleton] Got null in Singleton<DiskCardGame.LifeManager>.FindInstance
[Warning: Singleton] Got null in Singleton<DiskCardGame.TurnManager>.FindInstance
[Warning: Singleton] Got null in Singleton<DiskCardGame.LifeManager>.FindInstance
[Warning: Singleton] Got null in Singleton<DiskCardGame.TurnManager>.FindInstance
[Warning: Singleton] Got null in Singleton<DiskCardGame.LifeManager>.FindInstance
[Warning: Singleton] Got null in Singleton<DiskCardGame.TurnManager>.FindInstance
[Warning: Singleton] Got null in Singleton<DiskCardGame.LifeManager>.FindInstance
[Warning: Singleton] Got null in Singleton<DiskCardGame.TurnManager>.FindInstance
[Warning: Singleton] Got null in Singleton<DiskCardGame.LifeManager>.FindInstance
[Warning: Singleton] Got null in Singleton<DiskCardGame.TurnManager>.FindInstance
[Warning: Singleton] Got null in Singleton<DiskCardGame.LifeManager>.FindInstance
[Warning: Singleton] Got null in Singleton<DiskCardGame.TurnManager>.FindInstance
[Warning: Singleton] Got null in Singleton<DiskCardGame.LifeManager>.FindInstance
[Warning: Singleton] Got null in Singleton<DiskCardGame.TurnManager>.FindInstance
[Warning: Singleton] Got null in Singleton<DiskCardGame.LifeManager>.FindInstance
[Warning: Singleton] Got null in Singleton<DiskCardGame.TurnManager>.FindInstance
[Warning: Singleton] Got null in Singleton<DiskCardGame.LifeManager>.FindInstance
[Warning: Singleton] Got null in Singleton<DiskCardGame.TurnManager>.FindInstance
[Warning: Singleton] Got null in Singleton<DiskCardGame.LifeManager>.FindInstance
[Warning: Singleton] Got null in Singleton<DiskCardGame.TurnManager>.FindInstance
[Warning: Singleton] Got null in Singleton<DiskCardGame.LifeManager>.FindInstance
[Warning: Singleton] Got null in Singleton<DiskCardGame.TurnManager>.FindInstance
[Warning: Singleton] Got null in Singleton<DiskCardGame.LifeManager>.FindInstance
[Warning: Singleton] Got null in Singleton<DiskCardGame.TurnManager>.FindInstance
[Warning: Singleton] Got null in Singleton<DiskCardGame.LifeManager>.FindInstance
[Warning: Singleton] Got null in Singleton<DiskCardGame.TurnManager>.FindInstance
[Warning: Singleton] Got null in Singleton<DiskCardGame.LifeManager>.FindInstance
[Warning: Singleton] Got null in Singleton<DiskCardGame.TurnManager>.FindInstance
[Warning: Singleton] Got null in Singleton<DiskCardGame.LifeManager>.FindInstance
[Warning: Singleton] Got null in Singleton<DiskCardGame.TurnManager>.FindInstance
[Warning: Singleton] Got null in Singleton<DiskCardGame.LifeManager>.FindInstance
[Warning: Singleton] Got null in Singleton<DiskCardGame.TurnManager>.FindInstance
[Warning: Singleton] Got null in Singleton<DiskCardGame.LifeManager>.FindInstance
[Warning: Singleton] Got null in Singleton<DiskCardGame.TurnManager>.FindInstance
[Warning: Singleton] Got null in Singleton<DiskCardGame.LifeManager>.FindInstance
[Warning: Singleton] Got null in Singleton<DiskCardGame.TurnManager>.FindInstance
[Warning: Singleton] Got null in Singleton<DiskCardGame.LifeManager>.FindInstance
[Warning: Singleton] Got null in Singleton<DiskCardGame.TurnManager>.FindInstance
[Warning: Singleton] Got null in Singleton<DiskCardGame.LifeManager>.FindInstance
[Warning: Singleton] Got null in Singleton<DiskCardGame.TurnManager>.FindInstance
[Warning: Singleton] Got null in Singleton<DiskCardGame.LifeManager>.FindInstance
[Warning: Singleton] Got null in Singleton<DiskCardGame.TurnManager>.FindInstance
[Warning: Singleton] Got null in Singleton<DiskCardGame.LifeManager>.FindInstance
[Warning: Singleton] Got null in Singleton<DiskCardGame.TurnManager>.FindInstance
[Warning: Singleton] Got null in Singleton<DiskCardGame.LifeManager>.FindInstance
[Warning: Singleton] Got null in Singleton<DiskCardGame.TurnManager>.FindInstance
[Warning: Singleton] Got null in Singleton<DiskCardGame.LifeManager>.FindInstance
[Warning: Singleton] Got null in Singleton<DiskCardGame.TurnManager>.FindInstance
[Warning: Singleton] Got null in Singleton<DiskCardGame.LifeManager>.FindInstance
[Warning: Singleton] Got null in Singleton<DiskCardGame.TurnManager>.FindInstance
[Warning: Singleton] Got null in Singleton<DiskCardGame.LifeManager>.FindInstance
[Warning: Singleton] Got null in Singleton<DiskCardGame.TurnManager>.FindInstance
[Warning: Singleton] Got null in Singleton<DiskCardGame.LifeManager>.FindInstance
[Warning: Singleton] Got null in Singleton<DiskCardGame.TurnManager>.FindInstance
[Warning: Singleton] Got null in Singleton<DiskCardGame.LifeManager>.FindInstance
[Warning: Singleton] Got null in Singleton<DiskCardGame.TurnManager>.FindInstance
[Warning: Singleton] Got null in Singleton<DiskCardGame.LifeManager>.FindInstance
[Warning: Singleton] Got null in Singleton<DiskCardGame.TurnManager>.FindInstance
[Warning: Singleton] Got null in Singleton<DiskCardGame.LifeManager>.FindInstance
[Warning: Singleton] Got null in Singleton<DiskCardGame.TurnManager>.FindInstance
[Warning: Singleton] Got null in Singleton<DiskCardGame.LifeManager>.FindInstance
[Warning: Singleton] Got null in Singleton<DiskCardGame.TurnManager>.FindInstance
[Warning: Singleton] Got null in Singleton<DiskCardGame.LifeManager>.FindInstance
[Warning: Singleton] Got null in Singleton<DiskCardGame.TurnManager>.FindInstance
[Warning: Singleton] Got null in Singleton<DiskCardGame.LifeManager>.FindInstance
[Warning: Singleton] Got null in Singleton<DiskCardGame.TurnManager>.FindInstance
[Warning: Singleton] Got null in Singleton<DiskCardGame.LifeManager>.FindInstance
[Warning: Singleton] Got null in Singleton<DiskCardGame.TurnManager>.FindInstance
[Warning: Singleton] Got null in Singleton<DiskCardGame.LifeManager>.FindInstance
[Warning: Singleton] Got null in Singleton<DiskCardGame.TurnManager>.FindInstance
[Warning: Singleton] Got null in Singleton<DiskCardGame.LifeManager>.FindInstance
[Warning: Singleton] Got null in Singleton<DiskCardGame.TurnManager>.FindInstance
[Warning: Singleton] Got null in Singleton<DiskCardGame.LifeManager>.FindInstance
[Warning: Singleton] Got null in Singleton<DiskCardGame.TurnManager>.FindInstance
[Warning: Singleton] Got null in Singleton<DiskCardGame.LifeManager>.FindInstance
[Warning: Singleton] Got null in Singleton<DiskCardGame.TurnManager>.FindInstance
[Warning: Singleton] Got null in Singleton<DiskCardGame.LifeManager>.FindInstance
[Warning: Singleton] Got null in Singleton<DiskCardGame.TurnManager>.FindInstance
[Warning: Singleton] Got null in Singleton<DiskCardGame.LifeManager>.FindInstance
[Warning: Singleton] Got null in Singleton<DiskCardGame.TurnManager>.FindInstance
[Warning: Singleton] Got null in Singleton<DiskCardGame.LifeManager>.FindInstance
[Warning: Singleton] Got null in Singleton<DiskCardGame.TurnManager>.FindInstance
[Warning: Singleton] Got null in Singleton<DiskCardGame.LifeManager>.FindInstance
[Warning: Singleton] Got null in Singleton<DiskCardGame.TurnManager>.FindInstance
[Warning: Singleton] Got null in Singleton<DiskCardGame.LifeManager>.FindInstance
[Warning: Singleton] Got null in Singleton<DiskCardGame.TurnManager>.FindInstance
[Warning: Singleton] Got null in Singleton<DiskCardGame.LifeManager>.FindInstance
[Warning: Singleton] Got null in Singleton<DiskCardGame.TurnManager>.FindInstance
[Warning: Singleton] Got null in Singleton<DiskCardGame.LifeManager>.FindInstance
[Warning: Singleton] Got null in Singleton<DiskCardGame.TurnManager>.FindInstance
[Warning: Singleton] Got null in Singleton<DiskCardGame.LifeManager>.FindInstance
[Warning: Singleton] Got null in Singleton<DiskCardGame.TurnManager>.FindInstance
[Warning: Singleton] Got null in Singleton<DiskCardGame.LifeManager>.FindInstance
[Warning: Singleton] Got null in Singleton<DiskCardGame.TurnManager>.FindInstance
[Warning: Singleton] Got null in Singleton<DiskCardGame.LifeManager>.FindInstance
[Warning: Singleton] Got null in Singleton<DiskCardGame.TurnManager>.FindInstance
[Warning: Singleton] Got null in Singleton<DiskCardGame.LifeManager>.FindInstance
[Warning: Singleton] Got null in Singleton<DiskCardGame.TurnManager>.FindInstance
[Warning: Singleton] Got null in Singleton<DiskCardGame.LifeManager>.FindInstance
[Warning: Singleton] Got null in Singleton<DiskCardGame.TurnManager>.FindInstance
[Warning: Singleton] Got null in Singleton<DiskCardGame.LifeManager>.FindInstance
[Warning: Singleton] Got null in Singleton<DiskCardGame.TurnManager>.FindInstance
[Warning: Singleton] Got null in Singleton<DiskCardGame.LifeManager>.FindInstance
[Warning: Singleton] Got null in Singleton<DiskCardGame.TurnManager>.FindInstance
[Warning: Singleton] Got null in Singleton<DiskCardGame.LifeManager>.FindInstance
[Warning: Singleton] Got null in Singleton<DiskCardGame.TurnManager>.FindInstance
[Warning: Singleton] Got null in Singleton<DiskCardGame.LifeManager>.FindInstance
[Warning: Singleton] Got null in Singleton<DiskCardGame.TurnManager>.FindInstance
[Warning: Singleton] Got null in Singleton<DiskCardGame.LifeManager>.FindInstance
[Warning: Singleton] Got null in Singleton<DiskCardGame.TurnManager>.FindInstance
[Warning: Singleton] Got null in Singleton<DiskCardGame.LifeManager>.FindInstance
[Warning: Singleton] Got null in Singleton<DiskCardGame.TurnManager>.FindInstance
[Warning: Singleton] Got null in Singleton<DiskCardGame.LifeManager>.FindInstance
[Warning: Singleton] Got null in Singleton<DiskCardGame.TurnManager>.FindInstance
[Warning: Singleton] Got null in Singleton<DiskCardGame.LifeManager>.FindInstance
[Warning: Singleton] Got null in Singleton<DiskCardGame.TurnManager>.FindInstance
[Warning: Singleton] Got null in Singleton<DiskCardGame.LifeManager>.FindInstance
[Warning: Singleton] Got null in Singleton<DiskCardGame.TurnManager>.FindInstance
[Warning: Singleton] Got null in Singleton<DiskCardGame.LifeManager>.FindInstance
[Warning: Singleton] Got null in Singleton<DiskCardGame.TurnManager>.FindInstance
[Warning: Singleton] Got null in Singleton<DiskCardGame.LifeManager>.FindInstance
[Warning: Singleton] Got null in Singleton<DiskCardGame.TurnManager>.FindInstance
[Warning: Singleton] Got null in Singleton<DiskCardGame.LifeManager>.FindInstance
[Warning: Singleton] Got null in Singleton<DiskCardGame.TurnManager>.FindInstance
[Warning: Singleton] Got null in Singleton<DiskCardGame.LifeManager>.FindInstance
[Warning: Singleton] Got null in Singleton<DiskCardGame.TurnManager>.FindInstance
[Warning: Singleton] Got null in Singleton<DiskCardGame.LifeManager>.FindInstance
[Warning: Singleton] Got null in Singleton<DiskCardGame.TurnManager>.FindInstance
[Warning: Singleton] Got null in Singleton<DiskCardGame.LifeManager>.FindInstance
[Warning: Singleton] Got null in Singleton<DiskCardGame.TurnManager>.FindInstance
[Warning: Singleton] Got null in Singleton<DiskCardGame.LifeManager>.FindInstance
[Warning: Singleton] Got null in Singleton<DiskCardGame.TurnManager>.FindInstance
[Warning: Singleton] Got null in Singleton<DiskCardGame.LifeManager>.FindInstance
[Warning: Singleton] Got null in Singleton<DiskCardGame.TurnManager>.FindInstance
[Warning: Singleton] Got null in Singleton<DiskCardGame.LifeManager>.FindInstance
[Warning: Singleton] Got null in Singleton<DiskCardGame.TurnManager>.FindInstance
[Warning: Singleton] Got null in Singleton<DiskCardGame.LifeManager>.FindInstance
[Warning: Singleton] Got null in Singleton<DiskCardGame.TurnManager>.FindInstance
[Warning: Singleton] Got null in Singleton<DiskCardGame.LifeManager>.FindInstance
[Warning: Singleton] Got null in Singleton<DiskCardGame.TurnManager>.FindInstance
[Warning: Singleton] Got null in Singleton<DiskCardGame.LifeManager>.FindInstance
[Warning: Singleton] Got null in Singleton<DiskCardGame.TurnManager>.FindInstance
[Warning: Singleton] Got null in Singleton<DiskCardGame.LifeManager>.FindInstance
[Warning: Singleton] Got null in Singleton<DiskCardGame.TurnManager>.FindInstance
[Warning: Singleton] Got null in Singleton<DiskCardGame.LifeManager>.FindInstance
[Warning: Singleton] Got null in Singleton<DiskCardGame.TurnManager>.FindInstance
[Warning: Singleton] Got null in Singleton<DiskCardGame.LifeManager>.FindInstance
[Warning: Singleton] Got null in Singleton<DiskCardGame.TurnManager>.FindInstance
[Warning: Singleton] Got null in Singleton<DiskCardGame.LifeManager>.FindInstance
[Warning: Singleton] Got null in Singleton<DiskCardGame.TurnManager>.FindInstance
[Warning: Singleton] Got null in Singleton<DiskCardGame.LifeManager>.FindInstance
[Warning: Singleton] Got null in Singleton<DiskCardGame.TurnManager>.FindInstance
[Warning: Singleton] Got null in Singleton<DiskCardGame.LifeManager>.FindInstance
[Warning: Singleton] Got null in Singleton<DiskCardGame.TurnManager>.FindInstance
[Warning: Singleton] Got null in Singleton<DiskCardGame.LifeManager>.FindInstance
[Warning: Singleton] Got null in Singleton<DiskCardGame.TurnManager>.FindInstance
[Warning: Singleton] Got null in Singleton<DiskCardGame.LifeManager>.FindInstance
[Warning: Singleton] Got null in Singleton<DiskCardGame.TurnManager>.FindInstance
[Warning: Singleton] Got null in Singleton<DiskCardGame.LifeManager>.FindInstance
[Warning: Singleton] Got null in Singleton<DiskCardGame.TurnManager>.FindInstance
[Warning: Singleton] Got null in Singleton<DiskCardGame.LifeManager>.FindInstance
[Warning: Singleton] Got null in Singleton<DiskCardGame.TurnManager>.FindInstance
[Warning: Singleton] Got null in Singleton<DiskCardGame.LifeManager>.FindInstance
[Warning: Singleton] Got null in Singleton<DiskCardGame.TurnManager>.FindInstance
[Warning: Singleton] Got null in Singleton<DiskCardGame.LifeManager>.FindInstance
[Warning: Singleton] Got null in Singleton<DiskCardGame.TurnManager>.FindInstance
[Warning: Singleton] Got null in Singleton<DiskCardGame.LifeManager>.FindInstance
[Warning: Singleton] Got null in Singleton<DiskCardGame.TurnManager>.FindInstance
[Warning: Singleton] Got null in Singleton<DiskCardGame.LifeManager>.FindInstance
[Warning: Singleton] Got null in Singleton<DiskCardGame.TurnManager>.FindInstance
[Warning: Singleton] Got null in Singleton<DiskCardGame.LifeManager>.FindInstance
[Warning: Singleton] Got null in Singleton<DiskCardGame.TurnManager>.FindInstance
[Warning: Singleton] Got null in Singleton<DiskCardGame.LifeManager>.FindInstance
[Warning: Singleton] Got null in Singleton<DiskCardGame.TurnManager>.FindInstance
[Warning: Singleton] Got null in Singleton<DiskCardGame.LifeManager>.FindInstance
[Warning: Singleton] Got null in Singleton<DiskCardGame.TurnManager>.FindInstance
[Warning: Singleton] Got null in Singleton<DiskCardGame.LifeManager>.FindInstance
[Warning: Singleton] Got null in Singleton<DiskCardGame.TurnManager>.FindInstance
[Warning: Singleton] Got null in Singleton<DiskCardGame.LifeManager>.FindInstance
[Warning: Singleton] Got null in Singleton<DiskCardGame.TurnManager>.FindInstance
[Warning: Singleton] Got null in Singleton<DiskCardGame.LifeManager>.FindInstance
[Warning: Singleton] Got null in Singleton<DiskCardGame.TurnManager>.FindInstance
[Warning: Singleton] Got null in Singleton<DiskCardGame.LifeManager>.FindInstance
[Warning: Singleton] Got null in Singleton<DiskCardGame.TurnManager>.FindInstance
[Warning: Singleton] Got null in Singleton<DiskCardGame.LifeManager>.FindInstance
[Warning: Singleton] Got null in Singleton<DiskCardGame.TurnManager>.FindInstance
[Warning: Singleton] Got null in Singleton<DiskCardGame.LifeManager>.FindInstance
[Warning: Singleton] Got null in Singleton<DiskCardGame.TurnManager>.FindInstance
[Warning: Singleton] Got null in Singleton<DiskCardGame.LifeManager>.FindInstance
[Warning: Singleton] Got null in Singleton<DiskCardGame.TurnManager>.FindInstance
[Warning: Singleton] Got null in Singleton<DiskCardGame.LifeManager>.FindInstance
[Warning: Singleton] Got null in Singleton<DiskCardGame.TurnManager>.FindInstance
[Warning: Singleton] Got null in Singleton<DiskCardGame.LifeManager>.FindInstance
[Warning: Singleton] Got null in Singleton<DiskCardGame.TurnManager>.FindInstance
[Warning: Singleton] Got null in Singleton<DiskCardGame.LifeManager>.FindInstance
[Warning: Singleton] Got null in Singleton<DiskCardGame.TurnManager>.FindInstance
[Warning: Singleton] Got null in Singleton<DiskCardGame.LifeManager>.FindInstance
[Warning: Singleton] Got null in Singleton<DiskCardGame.TurnManager>.FindInstance
[Warning: Singleton] Got null in Singleton<DiskCardGame.LifeManager>.FindInstance
[Warning: Singleton] Got null in Singleton<DiskCardGame.TurnManager>.FindInstance
[Warning: Singleton] Got null in Singleton<DiskCardGame.LifeManager>.FindInstance
[Warning: Singleton] Got null in Singleton<DiskCardGame.TurnManager>.FindInstance
[Warning: Singleton] Got null in Singleton<DiskCardGame.LifeManager>.FindInstance
[Warning: Singleton] Got null in Singleton<DiskCardGame.TurnManager>.FindInstance
[Warning: Singleton] Got null in Singleton<DiskCardGame.LifeManager>.FindInstance
[Warning: Singleton] Got null in Singleton<DiskCardGame.TurnManager>.FindInstance
[Warning: Singleton] Got null in Singleton<DiskCardGame.LifeManager>.FindInstance
[Warning: Singleton] Got null in Singleton<DiskCardGame.TurnManager>.FindInstance
[Warning: Singleton] Got null in Singleton<DiskCardGame.LifeManager>.FindInstance
[Warning: Singleton] Got null in Singleton<DiskCardGame.TurnManager>.FindInstance
[Warning: Singleton] Got null in Singleton<DiskCardGame.LifeManager>.FindInstance
[Warning: Singleton] Got null in Singleton<DiskCardGame.TurnManager>.FindInstance
[Warning: Singleton] Got null in Singleton<DiskCardGame.LifeManager>.FindInstance
[Warning: Singleton] Got null in Singleton<DiskCardGame.TurnManager>.FindInstance
[Warning: Singleton] Got null in Singleton<DiskCardGame.LifeManager>.FindInstance
[Warning: Singleton] Got null in Singleton<DiskCardGame.TurnManager>.FindInstance
[Warning: Singleton] Got null in Singleton<DiskCardGame.LifeManager>.FindInstance
[Warning: Singleton] Got null in Singleton<DiskCardGame.TurnManager>.FindInstance
[Warning: Singleton] Got null in Singleton<DiskCardGame.LifeManager>.FindInstance
[Warning: Singleton] Got null in Singleton<DiskCardGame.TurnManager>.FindInstance
[Warning: Singleton] Got null in Singleton<DiskCardGame.LifeManager>.FindInstance
[Warning: Singleton] Got null in Singleton<DiskCardGame.TurnManager>.FindInstance
[Warning: Singleton] Got null in Singleton<DiskCardGame.LifeManager>.FindInstance
[Warning: Singleton] Got null in Singleton<DiskCardGame.TurnManager>.FindInstance
[Warning: Singleton] Got null in Singleton<DiskCardGame.LifeManager>.FindInstance
[Warning: Singleton] Got null in Singleton<DiskCardGame.TurnManager>.FindInstance
[Warning: Singleton] Got null in Singleton<DiskCardGame.LifeManager>.FindInstance
[Warning: Singleton] Got null in Singleton<DiskCardGame.TurnManager>.FindInstance
[Warning: Singleton] Got null in Singleton<DiskCardGame.LifeManager>.FindInstance
[Warning: Singleton] Got null in Singleton<DiskCardGame.TurnManager>.FindInstance
[Warning: Singleton] Got null in Singleton<DiskCardGame.LifeManager>.FindInstance
[Warning: Singleton] Got null in Singleton<DiskCardGame.TurnManager>.FindInstance
[Warning: Singleton] Got null in Singleton<DiskCardGame.LifeManager>.FindInstance
[Warning: Singleton] Got null in Singleton<DiskCardGame.TurnManager>.FindInstance
[Warning: Singleton] Got null in Singleton<DiskCardGame.LifeManager>.FindInstance
[Warning: Singleton] Got null in Singleton<DiskCardGame.TurnManager>.FindInstance
[Warning: Singleton] Got null in Singleton<DiskCardGame.LifeManager>.FindInstance
[Warning: Singleton] Got null in Singleton<DiskCardGame.TurnManager>.FindInstance
[Warning: Singleton] Got null in Singleton<DiskCardGame.LifeManager>.FindInstance
[Warning: Singleton] Got null in Singleton<DiskCardGame.TurnManager>.FindInstance
[Warning: Singleton] Got null in Singleton<DiskCardGame.LifeManager>.FindInstance
[Warning: Singleton] Got null in Singleton<DiskCardGame.TurnManager>.FindInstance
[Warning: Singleton] Got null in Singleton<DiskCardGame.LifeManager>.FindInstance
[Warning: Singleton] Got null in Singleton<DiskCardGame.TurnManager>.FindInstance
[Warning: Singleton] Got null in Singleton<DiskCardGame.LifeManager>.FindInstance
[Warning: Singleton] Got null in Singleton<DiskCardGame.TurnManager>.FindInstance
[Warning: Singleton] Got null in Singleton<DiskCardGame.LifeManager>.FindInstance
[Warning: Singleton] Got null in Singleton<DiskCardGame.TurnManager>.FindInstance
[Warning: Singleton] Got null in Singleton<DiskCardGame.LifeManager>.FindInstance
[Warning: Singleton] Got null in Singleton<DiskCardGame.TurnManager>.FindInstance
[Warning: Singleton] Got null in Singleton<DiskCardGame.LifeManager>.FindInstance
[Warning: Singleton] Got null in Singleton<DiskCardGame.TurnManager>.FindInstance
[Warning: Singleton] Got null in Singleton<DiskCardGame.LifeManager>.FindInstance
[Warning: Singleton] Got null in Singleton<DiskCardGame.TurnManager>.FindInstance
[Warning: Singleton] Got null in Singleton<DiskCardGame.LifeManager>.FindInstance
[Warning: Singleton] Got null in Singleton<DiskCardGame.TurnManager>.FindInstance
[Warning: Singleton] Got null in Singleton<DiskCardGame.LifeManager>.FindInstance
[Warning: Singleton] Got null in Singleton<DiskCardGame.TurnManager>.FindInstance
[Warning: Singleton] Got null in Singleton<DiskCardGame.LifeManager>.FindInstance
[Warning: Singleton] Got null in Singleton<DiskCardGame.TurnManager>.FindInstance
[Warning: Singleton] Got null in Singleton<DiskCardGame.LifeManager>.FindInstance
[Warning: Singleton] Got null in Singleton<DiskCardGame.TurnManager>.FindInstance
[Warning: Singleton] Got null in Singleton<DiskCardGame.LifeManager>.FindInstance
[Warning: Singleton] Got null in Singleton<DiskCardGame.TurnManager>.FindInstance
[Warning: Singleton] Got null in Singleton<DiskCardGame.LifeManager>.FindInstance
[Warning: Singleton] Got null in Singleton<DiskCardGame.TurnManager>.FindInstance
[Warning: Singleton] Got null in Singleton<DiskCardGame.LifeManager>.FindInstance
[Warning: Singleton] Got null in Singleton<DiskCardGame.TurnManager>.FindInstance
[Warning: Singleton] Got null in Singleton<DiskCardGame.LifeManager>.FindInstance
[Warning: Singleton] Got null in Singleton<DiskCardGame.TurnManager>.FindInstance
[Warning: Singleton] Got null in Singleton<DiskCardGame.LifeManager>.FindInstance
[Warning: Singleton] Got null in Singleton<DiskCardGame.TurnManager>.FindInstance
[Warning: Singleton] Got null in Singleton<DiskCardGame.LifeManager>.FindInstance
[Warning: Singleton] Got null in Singleton<DiskCardGame.TurnManager>.FindInstance
[Warning: Singleton] Got null in Singleton<DiskCardGame.LifeManager>.FindInstance
[Warning: Singleton] Got null in Singleton<DiskCardGame.TurnManager>.FindInstance
[Warning: Singleton] Got null in Singleton<DiskCardGame.LifeManager>.FindInstance
[Warning: Singleton] Got null in Singleton<DiskCardGame.TurnManager>.FindInstance
[Warning: Singleton] Got null in Singleton<DiskCardGame.LifeManager>.FindInstance
[Warning: Singleton] Got null in Singleton<DiskCardGame.TurnManager>.FindInstance
[Warning: Singleton] Got null in Singleton<DiskCardGame.LifeManager>.FindInstance
[Warning: Singleton] Got null in Singleton<DiskCardGame.TurnManager>.FindInstance
[Warning: Singleton] Got null in Singleton<DiskCardGame.LifeManager>.FindInstance
[Warning: Singleton] Got null in Singleton<DiskCardGame.TurnManager>.FindInstance
[Warning: Singleton] Got null in Singleton<DiskCardGame.LifeManager>.FindInstance
[Warning: Singleton] Got null in Singleton<DiskCardGame.TurnManager>.FindInstance
[Warning: Singleton] Got null in Singleton<DiskCardGame.LifeManager>.FindInstance
[Warning: Singleton] Got null in Singleton<DiskCardGame.TurnManager>.FindInstance
[Warning: Singleton] Got null in Singleton<DiskCardGame.LifeManager>.FindInstance
[Warning: Singleton] Got null in Singleton<DiskCardGame.TurnManager>.FindInstance
[Warning: Singleton] Got null in Singleton<DiskCardGame.LifeManager>.FindInstance
[Warning: Singleton] Got null in Singleton<DiskCardGame.TurnManager>.FindInstance
[Warning: Singleton] Got null in Singleton<DiskCardGame.LifeManager>.FindInstance
[Warning: Singleton] Got null in Singleton<DiskCardGame.TurnManager>.FindInstance
[Warning: Singleton] Got null in Singleton<DiskCardGame.LifeManager>.FindInstance
[Warning: Singleton] Got null in Singleton<DiskCardGame.TurnManager>.FindInstance
[Warning: Singleton] Got null in Singleton<DiskCardGame.LifeManager>.FindInstance
[Warning: Singleton] Got null in Singleton<DiskCardGame.TurnManager>.FindInstance
[Warning: Singleton] Got null in Singleton<DiskCardGame.LifeManager>.FindInstance
[Warning: Singleton] Got null in Singleton<DiskCardGame.TurnManager>.FindInstance
[Warning: Singleton] Got null in Singleton<DiskCardGame.LifeManager>.FindInstance
[Warning: Singleton] Got null in Singleton<DiskCardGame.TurnManager>.FindInstance
[Warning: Singleton] Got null in Singleton<DiskCardGame.LifeManager>.FindInstance
[Warning: Singleton] Got null in Singleton<DiskCardGame.TurnManager>.FindInstance
[Warning: Singleton] Got null in Singleton<DiskCardGame.LifeManager>.FindInstance
[Warning: Singleton] Got null in Singleton<DiskCardGame.TurnManager>.FindInstance
[Warning: Singleton] Got null in Singleton<DiskCardGame.LifeManager>.FindInstance
[Warning: Singleton] Got null in Singleton<DiskCardGame.TurnManager>.FindInstance
[Warning: Singleton] Got null in Singleton<DiskCardGame.LifeManager>.FindInstance
[Warning: Singleton] Got null in Singleton<DiskCardGame.TurnManager>.FindInstance
[Warning: Singleton] Got null in Singleton<DiskCardGame.LifeManager>.FindInstance
[Warning: Singleton] Got null in Singleton<DiskCardGame.TurnManager>.FindInstance
[Warning: Singleton] Got null in Singleton<DiskCardGame.LifeManager>.FindInstance
[Warning: Singleton] Got null in Singleton<DiskCardGame.TurnManager>.FindInstance
[Warning: Singleton] Got null in Singleton<DiskCardGame.LifeManager>.FindInstance
[Warning: Singleton] Got null in Singleton<DiskCardGame.TurnManager>.FindInstance
[Warning: Singleton] Got null in Singleton<DiskCardGame.LifeManager>.FindInstance
[Warning: Singleton] Got null in Singleton<DiskCardGame.TurnManager>.FindInstance
[Warning: Singleton] Got null in Singleton<DiskCardGame.LifeManager>.FindInstance
[Warning: Singleton] Got null in Singleton<DiskCardGame.TurnManager>.FindInstance
[Warning: Singleton] Got null in Singleton<DiskCardGame.LifeManager>.FindInstance
[Warning: Singleton] Got null in Singleton<DiskCardGame.TurnManager>.FindInstance
[Warning: Singleton] Got null in Singleton<DiskCardGame.LifeManager>.FindInstance
[Warning: Singleton] Got null in Singleton<DiskCardGame.TurnManager>.FindInstance
[Warning: Singleton] Got null in Singleton<DiskCardGame.LifeManager>.FindInstance
[Warning: Singleton] Got null in Singleton<DiskCardGame.TurnManager>.FindInstance
[Warning: Singleton] Got null in Singleton<DiskCardGame.LifeManager>.FindInstance
[Warning: Singleton] Got null in Singleton<DiskCardGame.TurnManager>.FindInstance
[Warning: Singleton] Got null in Singleton<DiskCardGame.LifeManager>.FindInstance
[Warning: Singleton] Got null in Singleton<DiskCardGame.TurnManager>.FindInstance
[Warning: Singleton] Got null in Singleton<DiskCardGame.LifeManager>.FindInstance
[Warning: Singleton] Got null in Singleton<DiskCardGame.TurnManager>.FindInstance
[Warning: Singleton] Got null in Singleton<DiskCardGame.LifeManager>.FindInstance
[Warning: Singleton] Got null in Singleton<DiskCardGame.TurnManager>.FindInstance
[Warning: Singleton] Got null in Singleton<DiskCardGame.LifeManager>.FindInstance
[Warning: Singleton] Got null in Singleton<DiskCardGame.TurnManager>.FindInstance
[Warning: Singleton] Got null in Singleton<DiskCardGame.LifeManager>.FindInstance
[Warning: Singleton] Got null in Singleton<DiskCardGame.TurnManager>.FindInstance
[Warning: Singleton] Got null in Singleton<DiskCardGame.LifeManager>.FindInstance
[Warning: Singleton] Got null in Singleton<DiskCardGame.TurnManager>.FindInstance
[Warning: Singleton] Got null in Singleton<DiskCardGame.LifeManager>.FindInstance
[Warning: Singleton] Got null in Singleton<DiskCardGame.TurnManager>.FindInstance
[Warning: Singleton] Got null in Singleton<DiskCardGame.LifeManager>.FindInstance
[Warning: Singleton] Got null in Singleton<DiskCardGame.TurnManager>.FindInstance
[Warning: Singleton] Got null in Singleton<DiskCardGame.LifeManager>.FindInstance
[Warning: Singleton] Got null in Singleton<DiskCardGame.TurnManager>.FindInstance
[Warning: Singleton] Got null in Singleton<DiskCardGame.LifeManager>.FindInstance
[Warning: Singleton] Got null in Singleton<DiskCardGame.TurnManager>.FindInstance
[Warning: Singleton] Got null in Singleton<DiskCardGame.LifeManager>.FindInstance
[Warning: Singleton] Got null in Singleton<DiskCardGame.TurnManager>.FindInstance
[Warning: Singleton] Got null in Singleton<DiskCardGame.LifeManager>.FindInstance
[Warning: Singleton] Got null in Singleton<DiskCardGame.TurnManager>.FindInstance
[Warning: Singleton] Got null in Singleton<DiskCardGame.LifeManager>.FindInstance
[Warning: Singleton] Got null in Singleton<DiskCardGame.TurnManager>.FindInstance
[Warning: Singleton] Got null in Singleton<DiskCardGame.LifeManager>.FindInstance
[Warning: Singleton] Got null in Singleton<DiskCardGame.TurnManager>.FindInstance
[Warning: Singleton] Got null in Singleton<DiskCardGame.LifeManager>.FindInstance
[Warning: Singleton] Got null in Singleton<DiskCardGame.TurnManager>.FindInstance
[Warning: Singleton] Got null in Singleton<DiskCardGame.LifeManager>.FindInstance
[Warning: Singleton] Got null in Singleton<DiskCardGame.TurnManager>.FindInstance
[Warning: Singleton] Got null in Singleton<DiskCardGame.LifeManager>.FindInstance
[Warning: Singleton] Got null in Singleton<DiskCardGame.TurnManager>.FindInstance
[Warning: Singleton] Got null in Singleton<DiskCardGame.LifeManager>.FindInstance
[Warning: Singleton] Got null in Singleton<DiskCardGame.TurnManager>.FindInstance
[Warning: Singleton] Got null in Singleton<DiskCardGame.LifeManager>.FindInstance
[Warning: Singleton] Got null in Singleton<DiskCardGame.TurnManager>.FindInstance
[Warning: Singleton] Got null in Singleton<DiskCardGame.LifeManager>.FindInstance
[Warning: Singleton] Got null in Singleton<DiskCardGame.TurnManager>.FindInstance
[Warning: Singleton] Got null in Singleton<DiskCardGame.LifeManager>.FindInstance
[Warning: Singleton] Got null in Singleton<DiskCardGame.TurnManager>.FindInstance
[Warning: Singleton] Got null in Singleton<DiskCardGame.LifeManager>.FindInstance
[Warning: Singleton] Got null in Singleton<DiskCardGame.TurnManager>.FindInstance
[Warning: Singleton] Got null in Singleton<DiskCardGame.LifeManager>.FindInstance
[Warning: Singleton] Got null in Singleton<DiskCardGame.TurnManager>.FindInstance
[Warning: Singleton] Got null in Singleton<DiskCardGame.LifeManager>.FindInstance
[Info   : KayceePvP] Relay: connecting to 'kayceepvp.duckdns.org':443...
[Warning: Singleton] Got null in Singleton<DiskCardGame.TurnManager>.FindInstance
[Warning: Singleton] Got null in Singleton<DiskCardGame.LifeManager>.FindInstance
[Warning: Singleton] Got null in Singleton<DiskCardGame.TurnManager>.FindInstance
[Warning: Singleton] Got null in Singleton<DiskCardGame.LifeManager>.FindInstance
[Warning: Singleton] Got null in Singleton<DiskCardGame.TurnManager>.FindInstance
[Warning: Singleton] Got null in Singleton<DiskCardGame.LifeManager>.FindInstance
[Warning: Singleton] Got null in Singleton<DiskCardGame.TurnManager>.FindInstance
[Warning: Singleton] Got null in Singleton<DiskCardGame.LifeManager>.FindInstance
[Warning: Singleton] Got null in Singleton<DiskCardGame.TurnManager>.FindInstance
[Warning: Singleton] Got null in Singleton<DiskCardGame.LifeManager>.FindInstance
[Warning: Singleton] Got null in Singleton<DiskCardGame.TurnManager>.FindInstance
[Warning: Singleton] Got null in Singleton<DiskCardGame.LifeManager>.FindInstance
[Warning: Singleton] Got null in Singleton<DiskCardGame.TurnManager>.FindInstance
[Info   : KayceePvP] Relay: TLS handshake complete.
[Warning: Singleton] Got null in Singleton<DiskCardGame.LifeManager>.FindInstance
[Warning: Singleton] Got null in Singleton<DiskCardGame.TurnManager>.FindInstance
[Warning: Singleton] Got null in Singleton<DiskCardGame.LifeManager>.FindInstance
[Info   : KayceePvP] Relay: paired with peer.
[Warning: Singleton] Got null in Singleton<DiskCardGame.TurnManager>.FindInstance
[Warning: Singleton] Got null in Singleton<DiskCardGame.LifeManager>.FindInstance
[Warning: Singleton] Got null in Singleton<DiskCardGame.TurnManager>.FindInstance
[Warning: Singleton] Got null in Singleton<DiskCardGame.LifeManager>.FindInstance
[Warning: Singleton] Got null in Singleton<DiskCardGame.TurnManager>.FindInstance
[Warning: Singleton] Got null in Singleton<DiskCardGame.LifeManager>.FindInstance
[Warning: Singleton] Got null in Singleton<DiskCardGame.TurnManager>.FindInstance
[Warning: Singleton] Got null in Singleton<DiskCardGame.LifeManager>.FindInstance
[Warning: Singleton] Got null in Singleton<DiskCardGame.TurnManager>.FindInstance
[Warning: Singleton] Got null in Singleton<DiskCardGame.LifeManager>.FindInstance
[Warning: Singleton] Got null in Singleton<DiskCardGame.TurnManager>.FindInstance
[Warning: Singleton] Got null in Singleton<DiskCardGame.LifeManager>.FindInstance
[Warning: Singleton] Got null in Singleton<DiskCardGame.TurnManager>.FindInstance
[Warning: Singleton] Got null in Singleton<DiskCardGame.LifeManager>.FindInstance
[Warning: Singleton] Got null in Singleton<DiskCardGame.TurnManager>.FindInstance
[Warning: Singleton] Got null in Singleton<DiskCardGame.LifeManager>.FindInstance
[Warning: Singleton] Got null in Singleton<DiskCardGame.TurnManager>.FindInstance
[Warning: Singleton] Got null in Singleton<DiskCardGame.LifeManager>.FindInstance
[Warning: Singleton] Got null in Singleton<DiskCardGame.TurnManager>.FindInstance
[Warning: Singleton] Got null in Singleton<DiskCardGame.LifeManager>.FindInstance
[Warning: Singleton] Got null in Singleton<DiskCardGame.TurnManager>.FindInstance
[Warning: Singleton] Got null in Singleton<DiskCardGame.LifeManager>.FindInstance
[Warning: Singleton] Got null in Singleton<DiskCardGame.TurnManager>.FindInstance
[Warning: Singleton] Got null in Singleton<DiskCardGame.LifeManager>.FindInstance
[Warning: Singleton] Got null in Singleton<DiskCardGame.TurnManager>.FindInstance
[Warning: Singleton] Got null in Singleton<DiskCardGame.LifeManager>.FindInstance
[Warning: Singleton] Got null in Singleton<DiskCardGame.TurnManager>.FindInstance
[Warning: Singleton] Got null in Singleton<DiskCardGame.LifeManager>.FindInstance
[Warning: Singleton] Got null in Singleton<DiskCardGame.TurnManager>.FindInstance
[Warning: Singleton] Got null in Singleton<DiskCardGame.LifeManager>.FindInstance
[Warning: Singleton] Got null in Singleton<DiskCardGame.TurnManager>.FindInstance
[Warning: Singleton] Got null in Singleton<DiskCardGame.LifeManager>.FindInstance
[Warning: Singleton] Got null in Singleton<DiskCardGame.TurnManager>.FindInstance
[Warning: Singleton] Got null in Singleton<DiskCardGame.LifeManager>.FindInstance
[Warning: Singleton] Got null in Singleton<DiskCardGame.TurnManager>.FindInstance
[Warning: Singleton] Got null in Singleton<DiskCardGame.LifeManager>.FindInstance
[Warning: Singleton] Got null in Singleton<DiskCardGame.TurnManager>.FindInstance
[Warning: Singleton] Got null in Singleton<DiskCardGame.LifeManager>.FindInstance
[Warning: Singleton] Got null in Singleton<DiskCardGame.TurnManager>.FindInstance
[Warning: Singleton] Got null in Singleton<DiskCardGame.LifeManager>.FindInstance
[Warning: Singleton] Got null in Singleton<DiskCardGame.TurnManager>.FindInstance
[Warning: Singleton] Got null in Singleton<DiskCardGame.LifeManager>.FindInstance
[Warning: Singleton] Got null in Singleton<DiskCardGame.TurnManager>.FindInstance
[Warning: Singleton] Got null in Singleton<DiskCardGame.LifeManager>.FindInstance
[Warning: Singleton] Got null in Singleton<DiskCardGame.TurnManager>.FindInstance
[Warning: Singleton] Got null in Singleton<DiskCardGame.LifeManager>.FindInstance
[Warning: Singleton] Got null in Singleton<DiskCardGame.TurnManager>.FindInstance
[Warning: Singleton] Got null in Singleton<DiskCardGame.LifeManager>.FindInstance
[Warning: Singleton] Got null in Singleton<DiskCardGame.TurnManager>.FindInstance
[Warning: Singleton] Got null in Singleton<DiskCardGame.LifeManager>.FindInstance
[Warning: Singleton] Got null in Singleton<DiskCardGame.TurnManager>.FindInstance
[Warning: Singleton] Got null in Singleton<DiskCardGame.LifeManager>.FindInstance
[Warning: Singleton] Got null in Singleton<DiskCardGame.TurnManager>.FindInstance
[Warning: Singleton] Got null in Singleton<DiskCardGame.LifeManager>.FindInstance
[Warning: Singleton] Got null in Singleton<DiskCardGame.TurnManager>.FindInstance
[Warning: Singleton] Got null in Singleton<DiskCardGame.LifeManager>.FindInstance
[Warning: Singleton] Got null in Singleton<DiskCardGame.TurnManager>.FindInstance
[Warning: Singleton] Got null in Singleton<DiskCardGame.LifeManager>.FindInstance
[Warning: Singleton] Got null in Singleton<DiskCardGame.TurnManager>.FindInstance
[Warning: Singleton] Got null in Singleton<DiskCardGame.LifeManager>.FindInstance
[Warning: Singleton] Got null in Singleton<DiskCardGame.TurnManager>.FindInstance
[Warning: Singleton] Got null in Singleton<DiskCardGame.LifeManager>.FindInstance
[Warning: Singleton] Got null in Singleton<DiskCardGame.TurnManager>.FindInstance
[Warning: Singleton] Got null in Singleton<DiskCardGame.LifeManager>.FindInstance
[Warning: Singleton] Got null in Singleton<DiskCardGame.TurnManager>.FindInstance
[Warning: Singleton] Got null in Singleton<DiskCardGame.LifeManager>.FindInstance
[Warning: Singleton] Got null in Singleton<DiskCardGame.TurnManager>.FindInstance
[Warning: Singleton] Got null in Singleton<DiskCardGame.LifeManager>.FindInstance
[Warning: Singleton] Got null in Singleton<DiskCardGame.TurnManager>.FindInstance
[Warning: Singleton] Got null in Singleton<DiskCardGame.LifeManager>.FindInstance
[Warning: Singleton] Got null in Singleton<DiskCardGame.TurnManager>.FindInstance
[Warning: Singleton] Got null in Singleton<DiskCardGame.LifeManager>.FindInstance
[Warning: Singleton] Got null in Singleton<DiskCardGame.TurnManager>.FindInstance
[Warning: Singleton] Got null in Singleton<DiskCardGame.LifeManager>.FindInstance
[Warning: Singleton] Got null in Singleton<DiskCardGame.TurnManager>.FindInstance
[Warning: Singleton] Got null in Singleton<DiskCardGame.LifeManager>.FindInstance
[Warning: Singleton] Got null in Singleton<DiskCardGame.TurnManager>.FindInstance
[Warning: Singleton] Got null in Singleton<DiskCardGame.LifeManager>.FindInstance
[Warning: Singleton] Got null in Singleton<DiskCardGame.TurnManager>.FindInstance
[Warning: Singleton] Got null in Singleton<DiskCardGame.LifeManager>.FindInstance
[Warning: Singleton] Got null in Singleton<DiskCardGame.TurnManager>.FindInstance
[Warning: Singleton] Got null in Singleton<DiskCardGame.LifeManager>.FindInstance
[Warning: Singleton] Got null in Singleton<DiskCardGame.TurnManager>.FindInstance
[Warning: Singleton] Got null in Singleton<DiskCardGame.LifeManager>.FindInstance
[Warning: Singleton] Got null in Singleton<DiskCardGame.TurnManager>.FindInstance
[Warning: Singleton] Got null in Singleton<DiskCardGame.LifeManager>.FindInstance
[Warning: Singleton] Got null in Singleton<DiskCardGame.TurnManager>.FindInstance
[Warning: Singleton] Got null in Singleton<DiskCardGame.LifeManager>.FindInstance
[Warning: Singleton] Got null in Singleton<DiskCardGame.TurnManager>.FindInstance
[Warning: Singleton] Got null in Singleton<DiskCardGame.LifeManager>.FindInstance
[Warning: Singleton] Got null in Singleton<DiskCardGame.TurnManager>.FindInstance
[Warning: Singleton] Got null in Singleton<DiskCardGame.LifeManager>.FindInstance
[Warning: Singleton] Got null in Singleton<DiskCardGame.TurnManager>.FindInstance
[Warning: Singleton] Got null in Singleton<DiskCardGame.LifeManager>.FindInstance
[Warning: Singleton] Got null in Singleton<DiskCardGame.TurnManager>.FindInstance
[Warning: Singleton] Got null in Singleton<DiskCardGame.LifeManager>.FindInstance
[Warning: Singleton] Got null in Singleton<DiskCardGame.TurnManager>.FindInstance
[Warning: Singleton] Got null in Singleton<DiskCardGame.LifeManager>.FindInstance
[Warning: Singleton] Got null in Singleton<DiskCardGame.TurnManager>.FindInstance
[Warning: Singleton] Got null in Singleton<DiskCardGame.LifeManager>.FindInstance
[Warning: Singleton] Got null in Singleton<DiskCardGame.TurnManager>.FindInstance
[Warning: Singleton] Got null in Singleton<DiskCardGame.LifeManager>.FindInstance
[Warning: Singleton] Got null in Singleton<DiskCardGame.TurnManager>.FindInstance
[Warning: Singleton] Got null in Singleton<DiskCardGame.LifeManager>.FindInstance
[Warning: Singleton] Got null in Singleton<DiskCardGame.TurnManager>.FindInstance
[Warning: Singleton] Got null in Singleton<DiskCardGame.LifeManager>.FindInstance
[Warning: Singleton] Got null in Singleton<DiskCardGame.TurnManager>.FindInstance
[Warning: Singleton] Got null in Singleton<DiskCardGame.LifeManager>.FindInstance
[Warning: Singleton] Got null in Singleton<DiskCardGame.TurnManager>.FindInstance
[Warning: Singleton] Got null in Singleton<DiskCardGame.LifeManager>.FindInstance
[Warning: Singleton] Got null in Singleton<DiskCardGame.TurnManager>.FindInstance
[Warning: Singleton] Got null in Singleton<DiskCardGame.LifeManager>.FindInstance
[Warning: Singleton] Got null in Singleton<DiskCardGame.TurnManager>.FindInstance
[Warning: Singleton] Got null in Singleton<DiskCardGame.LifeManager>.FindInstance
[Warning: Singleton] Got null in Singleton<DiskCardGame.TurnManager>.FindInstance
[Warning: Singleton] Got null in Singleton<DiskCardGame.LifeManager>.FindInstance
[Warning: Singleton] Got null in Singleton<DiskCardGame.TurnManager>.FindInstance
[Warning: Singleton] Got null in Singleton<DiskCardGame.LifeManager>.FindInstance
[Warning: Singleton] Got null in Singleton<DiskCardGame.TurnManager>.FindInstance
[Warning: Singleton] Got null in Singleton<DiskCardGame.LifeManager>.FindInstance
[Warning: Singleton] Got null in Singleton<DiskCardGame.TurnManager>.FindInstance
[Warning: Singleton] Got null in Singleton<DiskCardGame.LifeManager>.FindInstance
[Warning: Singleton] Got null in Singleton<DiskCardGame.TurnManager>.FindInstance
[Warning: Singleton] Got null in Singleton<DiskCardGame.LifeManager>.FindInstance
[Warning: Singleton] Got null in Singleton<DiskCardGame.TurnManager>.FindInstance
[Warning: Singleton] Got null in Singleton<DiskCardGame.LifeManager>.FindInstance
[Warning: Singleton] Got null in Singleton<DiskCardGame.TurnManager>.FindInstance
[Warning: Singleton] Got null in Singleton<DiskCardGame.LifeManager>.FindInstance
[Warning: Singleton] Got null in Singleton<DiskCardGame.TurnManager>.FindInstance
[Warning: Singleton] Got null in Singleton<DiskCardGame.LifeManager>.FindInstance
[Warning: Singleton] Got null in Singleton<DiskCardGame.TurnManager>.FindInstance
[Warning: Singleton] Got null in Singleton<DiskCardGame.LifeManager>.FindInstance
[Warning: Singleton] Got null in Singleton<DiskCardGame.TurnManager>.FindInstance
[Warning: Singleton] Got null in Singleton<DiskCardGame.LifeManager>.FindInstance
[Warning: Singleton] Got null in Singleton<DiskCardGame.TurnManager>.FindInstance
[Warning: Singleton] Got null in Singleton<DiskCardGame.LifeManager>.FindInstance
[Warning: Singleton] Got null in Singleton<DiskCardGame.TurnManager>.FindInstance
[Warning: Singleton] Got null in Singleton<DiskCardGame.LifeManager>.FindInstance
[Warning: Singleton] Got null in Singleton<DiskCardGame.TurnManager>.FindInstance
[Warning: Singleton] Got null in Singleton<DiskCardGame.LifeManager>.FindInstance
[Warning: Singleton] Got null in Singleton<DiskCardGame.TurnManager>.FindInstance
[Warning: Singleton] Got null in Singleton<DiskCardGame.LifeManager>.FindInstance
[Warning: Singleton] Got null in Singleton<DiskCardGame.TurnManager>.FindInstance
[Warning: Singleton] Got null in Singleton<DiskCardGame.LifeManager>.FindInstance
[Warning: Singleton] Got null in Singleton<DiskCardGame.TurnManager>.FindInstance
[Warning: Singleton] Got null in Singleton<DiskCardGame.LifeManager>.FindInstance
[Warning: Singleton] Got null in Singleton<DiskCardGame.TurnManager>.FindInstance
[Warning: Singleton] Got null in Singleton<DiskCardGame.LifeManager>.FindInstance
[Warning: Singleton] Got null in Singleton<DiskCardGame.TurnManager>.FindInstance
[Warning: Singleton] Got null in Singleton<DiskCardGame.LifeManager>.FindInstance
[Warning: Singleton] Got null in Singleton<DiskCardGame.TurnManager>.FindInstance
[Warning: Singleton] Got null in Singleton<DiskCardGame.LifeManager>.FindInstance
[Warning: Singleton] Got null in Singleton<DiskCardGame.TurnManager>.FindInstance
[Warning: Singleton] Got null in Singleton<DiskCardGame.LifeManager>.FindInstance
[Warning: Singleton] Got null in Singleton<DiskCardGame.TurnManager>.FindInstance
[Warning: Singleton] Got null in Singleton<DiskCardGame.LifeManager>.FindInstance
[Warning: Singleton] Got null in Singleton<DiskCardGame.TurnManager>.FindInstance
[Warning: Singleton] Got null in Singleton<DiskCardGame.LifeManager>.FindInstance
[Warning: Singleton] Got null in Singleton<DiskCardGame.TurnManager>.FindInstance
[Warning: Singleton] Got null in Singleton<DiskCardGame.LifeManager>.FindInstance
[Warning: Singleton] Got null in Singleton<DiskCardGame.TurnManager>.FindInstance
[Warning: Singleton] Got null in Singleton<DiskCardGame.LifeManager>.FindInstance
[Warning: Singleton] Got null in Singleton<DiskCardGame.TurnManager>.FindInstance
[Warning: Singleton] Got null in Singleton<DiskCardGame.LifeManager>.FindInstance
[Warning: Singleton] Got null in Singleton<DiskCardGame.TurnManager>.FindInstance
[Warning: Singleton] Got null in Singleton<DiskCardGame.LifeManager>.FindInstance
[Warning: Singleton] Got null in Singleton<DiskCardGame.TurnManager>.FindInstance
[Warning: Singleton] Got null in Singleton<DiskCardGame.LifeManager>.FindInstance
[Warning: Singleton] Got null in Singleton<DiskCardGame.TurnManager>.FindInstance
[Warning: Singleton] Got null in Singleton<DiskCardGame.LifeManager>.FindInstance
[Warning: Singleton] Got null in Singleton<DiskCardGame.TurnManager>.FindInstance
[Warning: Singleton] Got null in Singleton<DiskCardGame.LifeManager>.FindInstance
[Warning: Singleton] Got null in Singleton<DiskCardGame.TurnManager>.FindInstance
[Warning: Singleton] Got null in Singleton<DiskCardGame.LifeManager>.FindInstance
[Warning: Singleton] Got null in Singleton<DiskCardGame.TurnManager>.FindInstance
[Warning: Singleton] Got null in Singleton<DiskCardGame.LifeManager>.FindInstance
[Warning: Singleton] Got null in Singleton<DiskCardGame.TurnManager>.FindInstance
[Warning: Singleton] Got null in Singleton<DiskCardGame.LifeManager>.FindInstance
[Warning: Singleton] Got null in Singleton<DiskCardGame.TurnManager>.FindInstance
[Warning: Singleton] Got null in Singleton<DiskCardGame.LifeManager>.FindInstance
[Warning: Singleton] Got null in Singleton<DiskCardGame.TurnManager>.FindInstance
[Warning: Singleton] Got null in Singleton<DiskCardGame.LifeManager>.FindInstance
[Warning: Singleton] Got null in Singleton<DiskCardGame.TurnManager>.FindInstance
[Warning: Singleton] Got null in Singleton<DiskCardGame.LifeManager>.FindInstance
[Warning: Singleton] Got null in Singleton<DiskCardGame.TurnManager>.FindInstance
[Warning: Singleton] Got null in Singleton<DiskCardGame.LifeManager>.FindInstance
[Warning: Singleton] Got null in Singleton<DiskCardGame.TurnManager>.FindInstance
[Warning: Singleton] Got null in Singleton<DiskCardGame.LifeManager>.FindInstance
[Warning: Singleton] Got null in Singleton<DiskCardGame.TurnManager>.FindInstance
[Warning: Singleton] Got null in Singleton<DiskCardGame.LifeManager>.FindInstance
[Warning: Singleton] Got null in Singleton<DiskCardGame.TurnManager>.FindInstance
[Warning: Singleton] Got null in Singleton<DiskCardGame.LifeManager>.FindInstance
[Warning: Singleton] Got null in Singleton<DiskCardGame.TurnManager>.FindInstance
[Warning: Singleton] Got null in Singleton<DiskCardGame.LifeManager>.FindInstance
[Warning: Singleton] Got null in Singleton<DiskCardGame.TurnManager>.FindInstance
[Warning: Singleton] Got null in Singleton<DiskCardGame.LifeManager>.FindInstance
[Warning: Singleton] Got null in Singleton<DiskCardGame.TurnManager>.FindInstance
[Warning: Singleton] Got null in Singleton<DiskCardGame.LifeManager>.FindInstance
[Warning: Singleton] Got null in Singleton<DiskCardGame.TurnManager>.FindInstance
[Warning: Singleton] Got null in Singleton<DiskCardGame.LifeManager>.FindInstance
[Warning: Singleton] Got null in Singleton<DiskCardGame.TurnManager>.FindInstance
[Warning: Singleton] Got null in Singleton<DiskCardGame.LifeManager>.FindInstance
[Warning: Singleton] Got null in Singleton<DiskCardGame.TurnManager>.FindInstance
[Warning: Singleton] Got null in Singleton<DiskCardGame.LifeManager>.FindInstance
[Warning: Singleton] Got null in Singleton<DiskCardGame.TurnManager>.FindInstance
[Warning: Singleton] Got null in Singleton<DiskCardGame.LifeManager>.FindInstance
[Warning: Singleton] Got null in Singleton<DiskCardGame.TurnManager>.FindInstance
[Warning: Singleton] Got null in Singleton<DiskCardGame.LifeManager>.FindInstance
[Warning: Singleton] Got null in Singleton<DiskCardGame.TurnManager>.FindInstance
[Warning: Singleton] Got null in Singleton<DiskCardGame.LifeManager>.FindInstance
[Warning: Singleton] Got null in Singleton<DiskCardGame.TurnManager>.FindInstance
[Warning: Singleton] Got null in Singleton<DiskCardGame.LifeManager>.FindInstance
[Warning: Singleton] Got null in Singleton<DiskCardGame.TurnManager>.FindInstance
[Warning: Singleton] Got null in Singleton<DiskCardGame.LifeManager>.FindInstance
[Warning: Singleton] Got null in Singleton<DiskCardGame.TurnManager>.FindInstance
[Warning: Singleton] Got null in Singleton<DiskCardGame.LifeManager>.FindInstance
[Warning: Singleton] Got null in Singleton<DiskCardGame.TurnManager>.FindInstance
[Warning: Singleton] Got null in Singleton<DiskCardGame.LifeManager>.FindInstance
[Warning: Singleton] Got null in Singleton<DiskCardGame.TurnManager>.FindInstance
[Warning: Singleton] Got null in Singleton<DiskCardGame.LifeManager>.FindInstance
[Warning: Singleton] Got null in Singleton<DiskCardGame.TurnManager>.FindInstance
[Warning: Singleton] Got null in Singleton<DiskCardGame.LifeManager>.FindInstance
[Warning: Singleton] Got null in Singleton<DiskCardGame.TurnManager>.FindInstance
[Warning: Singleton] Got null in Singleton<DiskCardGame.LifeManager>.FindInstance
[Warning: Singleton] Got null in Singleton<DiskCardGame.TurnManager>.FindInstance
[Warning: Singleton] Got null in Singleton<DiskCardGame.LifeManager>.FindInstance
[Warning: Singleton] Got null in Singleton<DiskCardGame.TurnManager>.FindInstance
[Warning: Singleton] Got null in Singleton<DiskCardGame.LifeManager>.FindInstance
[Warning: Singleton] Got null in Singleton<DiskCardGame.TurnManager>.FindInstance
[Warning: Singleton] Got null in Singleton<DiskCardGame.LifeManager>.FindInstance
[Warning: Singleton] Got null in Singleton<DiskCardGame.TurnManager>.FindInstance
[Warning: Singleton] Got null in Singleton<DiskCardGame.LifeManager>.FindInstance
[Warning: Singleton] Got null in Singleton<DiskCardGame.TurnManager>.FindInstance
[Warning: Singleton] Got null in Singleton<DiskCardGame.LifeManager>.FindInstance
[Warning: Singleton] Got null in Singleton<DiskCardGame.TurnManager>.FindInstance
[Warning: Singleton] Got null in Singleton<DiskCardGame.LifeManager>.FindInstance
[Warning: Singleton] Got null in Singleton<DiskCardGame.TurnManager>.FindInstance
[Warning: Singleton] Got null in Singleton<DiskCardGame.LifeManager>.FindInstance
[Warning: Singleton] Got null in Singleton<DiskCardGame.TurnManager>.FindInstance
[Warning: Singleton] Got null in Singleton<DiskCardGame.LifeManager>.FindInstance
[Warning: Singleton] Got null in Singleton<DiskCardGame.TurnManager>.FindInstance
[Warning: Singleton] Got null in Singleton<DiskCardGame.LifeManager>.FindInstance
[Warning: Singleton] Got null in Singleton<DiskCardGame.TurnManager>.FindInstance
[Warning: Singleton] Got null in Singleton<DiskCardGame.LifeManager>.FindInstance
[Warning: Singleton] Got null in Singleton<DiskCardGame.TurnManager>.FindInstance
[Warning: Singleton] Got null in Singleton<DiskCardGame.LifeManager>.FindInstance
[Warning: Singleton] Got null in Singleton<DiskCardGame.TurnManager>.FindInstance
[Warning: Singleton] Got null in Singleton<DiskCardGame.LifeManager>.FindInstance
[Warning: Singleton] Got null in Singleton<DiskCardGame.TurnManager>.FindInstance
[Warning: Singleton] Got null in Singleton<DiskCardGame.LifeManager>.FindInstance
[Warning: Singleton] Got null in Singleton<DiskCardGame.TurnManager>.FindInstance
[Warning: Singleton] Got null in Singleton<DiskCardGame.LifeManager>.FindInstance
[Warning: Singleton] Got null in Singleton<DiskCardGame.TurnManager>.FindInstance
[Warning: Singleton] Got null in Singleton<DiskCardGame.LifeManager>.FindInstance
[Warning: Singleton] Got null in Singleton<DiskCardGame.TurnManager>.FindInstance
[Warning: Singleton] Got null in Singleton<DiskCardGame.LifeManager>.FindInstance
[Warning: Singleton] Got null in Singleton<DiskCardGame.TurnManager>.FindInstance
[Warning: Singleton] Got null in Singleton<DiskCardGame.LifeManager>.FindInstance
[Warning: Singleton] Got null in Singleton<DiskCardGame.TurnManager>.FindInstance
[Warning: Singleton] Got null in Singleton<DiskCardGame.LifeManager>.FindInstance
[Warning: Singleton] Got null in Singleton<DiskCardGame.TurnManager>.FindInstance
[Warning: Singleton] Got null in Singleton<DiskCardGame.LifeManager>.FindInstance
[Warning: Singleton] Got null in Singleton<DiskCardGame.TurnManager>.FindInstance
[Warning: Singleton] Got null in Singleton<DiskCardGame.LifeManager>.FindInstance
[Warning: Singleton] Got null in Singleton<DiskCardGame.TurnManager>.FindInstance
[Warning: Singleton] Got null in Singleton<DiskCardGame.LifeManager>.FindInstance
[Warning: Singleton] Got null in Singleton<DiskCardGame.TurnManager>.FindInstance
[Warning: Singleton] Got null in Singleton<DiskCardGame.LifeManager>.FindInstance
[Warning: Singleton] Got null in Singleton<DiskCardGame.TurnManager>.FindInstance
[Warning: Singleton] Got null in Singleton<DiskCardGame.LifeManager>.FindInstance
[Warning: Singleton] Got null in Singleton<DiskCardGame.TurnManager>.FindInstance
[Warning: Singleton] Got null in Singleton<DiskCardGame.LifeManager>.FindInstance
[Warning: Singleton] Got null in Singleton<DiskCardGame.TurnManager>.FindInstance
[Warning: Singleton] Got null in Singleton<DiskCardGame.LifeManager>.FindInstance
[Warning: Singleton] Got null in Singleton<DiskCardGame.TurnManager>.FindInstance
[Warning: Singleton] Got null in Singleton<DiskCardGame.LifeManager>.FindInstance
[Warning: Singleton] Got null in Singleton<DiskCardGame.TurnManager>.FindInstance
[Warning: Singleton] Got null in Singleton<DiskCardGame.LifeManager>.FindInstance
[Warning: Singleton] Got null in Singleton<DiskCardGame.TurnManager>.FindInstance
[Warning: Singleton] Got null in Singleton<DiskCardGame.LifeManager>.FindInstance
[Warning: Singleton] Got null in Singleton<DiskCardGame.TurnManager>.FindInstance
[Warning: Singleton] Got null in Singleton<DiskCardGame.LifeManager>.FindInstance
[Warning: Singleton] Got null in Singleton<DiskCardGame.TurnManager>.FindInstance
[Warning: Singleton] Got null in Singleton<DiskCardGame.LifeManager>.FindInstance
[Warning: Singleton] Got null in Singleton<DiskCardGame.TurnManager>.FindInstance
[Warning: Singleton] Got null in Singleton<DiskCardGame.LifeManager>.FindInstance
[Warning: Singleton] Got null in Singleton<DiskCardGame.TurnManager>.FindInstance
[Warning: Singleton] Got null in Singleton<DiskCardGame.LifeManager>.FindInstance
[Warning: Singleton] Got null in Singleton<DiskCardGame.TurnManager>.FindInstance
[Warning: Singleton] Got null in Singleton<DiskCardGame.LifeManager>.FindInstance
[Warning: Singleton] Got null in Singleton<DiskCardGame.TurnManager>.FindInstance
[Warning: Singleton] Got null in Singleton<DiskCardGame.LifeManager>.FindInstance
[Warning: Singleton] Got null in Singleton<DiskCardGame.TurnManager>.FindInstance
[Warning: Singleton] Got null in Singleton<DiskCardGame.LifeManager>.FindInstance
[Warning: Singleton] Got null in Singleton<DiskCardGame.TurnManager>.FindInstance
[Warning: Singleton] Got null in Singleton<DiskCardGame.LifeManager>.FindInstance
[Warning: Singleton] Got null in Singleton<DiskCardGame.TurnManager>.FindInstance
[Warning: Singleton] Got null in Singleton<DiskCardGame.LifeManager>.FindInstance
[Warning: Singleton] Got null in Singleton<DiskCardGame.TurnManager>.FindInstance
[Warning: Singleton] Got null in Singleton<DiskCardGame.LifeManager>.FindInstance
[Warning: Singleton] Got null in Singleton<DiskCardGame.TurnManager>.FindInstance
[Warning: Singleton] Got null in Singleton<DiskCardGame.LifeManager>.FindInstance
[Warning: Singleton] Got null in Singleton<DiskCardGame.TurnManager>.FindInstance
[Warning: Singleton] Got null in Singleton<DiskCardGame.LifeManager>.FindInstance
[Warning: Singleton] Got null in Singleton<DiskCardGame.TurnManager>.FindInstance
[Warning: Singleton] Got null in Singleton<DiskCardGame.LifeManager>.FindInstance
[Warning: Singleton] Got null in Singleton<DiskCardGame.TurnManager>.FindInstance
[Warning: Singleton] Got null in Singleton<DiskCardGame.LifeManager>.FindInstance
[Warning: Singleton] Got null in Singleton<DiskCardGame.TurnManager>.FindInstance
[Warning: Singleton] Got null in Singleton<DiskCardGame.LifeManager>.FindInstance
[Warning: Singleton] Got null in Singleton<DiskCardGame.TurnManager>.FindInstance
[Warning: Singleton] Got null in Singleton<DiskCardGame.LifeManager>.FindInstance
[Warning: Singleton] Got null in Singleton<DiskCardGame.TurnManager>.FindInstance
[Warning: Singleton] Got null in Singleton<DiskCardGame.LifeManager>.FindInstance
[Warning: Singleton] Got null in Singleton<DiskCardGame.TurnManager>.FindInstance
[Warning: Singleton] Got null in Singleton<DiskCardGame.LifeManager>.FindInstance
[Warning: Singleton] Got null in Singleton<DiskCardGame.TurnManager>.FindInstance
[Warning: Singleton] Got null in Singleton<DiskCardGame.LifeManager>.FindInstance
[Warning: Singleton] Got null in Singleton<DiskCardGame.TurnManager>.FindInstance
[Warning: Singleton] Got null in Singleton<DiskCardGame.LifeManager>.FindInstance
[Warning: Singleton] Got null in Singleton<DiskCardGame.TurnManager>.FindInstance
[Warning: Singleton] Got null in Singleton<DiskCardGame.LifeManager>.FindInstance
[Warning: Singleton] Got null in Singleton<DiskCardGame.TurnManager>.FindInstance
[Warning: Singleton] Got null in Singleton<DiskCardGame.LifeManager>.FindInstance
[Warning: Singleton] Got null in Singleton<DiskCardGame.TurnManager>.FindInstance
[Warning: Singleton] Got null in Singleton<DiskCardGame.LifeManager>.FindInstance
[Warning: Singleton] Got null in Singleton<DiskCardGame.TurnManager>.FindInstance
[Warning: Singleton] Got null in Singleton<DiskCardGame.LifeManager>.FindInstance
[Warning: Singleton] Got null in Singleton<DiskCardGame.TurnManager>.FindInstance
[Warning: Singleton] Got null in Singleton<DiskCardGame.LifeManager>.FindInstance
[Warning: Singleton] Got null in Singleton<DiskCardGame.TurnManager>.FindInstance
[Warning: Singleton] Got null in Singleton<DiskCardGame.LifeManager>.FindInstance
[Warning: Singleton] Got null in Singleton<DiskCardGame.TurnManager>.FindInstance
[Warning: Singleton] Got null in Singleton<DiskCardGame.LifeManager>.FindInstance
[Warning: Singleton] Got null in Singleton<DiskCardGame.TurnManager>.FindInstance
[Warning: Singleton] Got null in Singleton<DiskCardGame.LifeManager>.FindInstance
[Warning: Singleton] Got null in Singleton<DiskCardGame.TurnManager>.FindInstance
[Warning: Singleton] Got null in Singleton<DiskCardGame.LifeManager>.FindInstance
[Warning: Singleton] Got null in Singleton<DiskCardGame.TurnManager>.FindInstance
[Warning: Singleton] Got null in Singleton<DiskCardGame.LifeManager>.FindInstance
[Warning: Singleton] Got null in Singleton<DiskCardGame.TurnManager>.FindInstance
[Warning: Singleton] Got null in Singleton<DiskCardGame.LifeManager>.FindInstance
[Warning: Singleton] Got null in Singleton<DiskCardGame.TurnManager>.FindInstance
[Warning: Singleton] Got null in Singleton<DiskCardGame.LifeManager>.FindInstance
[Warning: Singleton] Got null in Singleton<DiskCardGame.TurnManager>.FindInstance
[Warning: Singleton] Got null in Singleton<DiskCardGame.LifeManager>.FindInstance
[Warning: Singleton] Got null in Singleton<DiskCardGame.TurnManager>.FindInstance
[Warning: Singleton] Got null in Singleton<DiskCardGame.LifeManager>.FindInstance
[Warning: Singleton] Got null in Singleton<DiskCardGame.TurnManager>.FindInstance
[Warning: Singleton] Got null in Singleton<DiskCardGame.LifeManager>.FindInstance
[Warning: Singleton] Got null in Singleton<DiskCardGame.TurnManager>.FindInstance
[Warning: Singleton] Got null in Singleton<DiskCardGame.LifeManager>.FindInstance
[Warning: Singleton] Got null in Singleton<DiskCardGame.TurnManager>.FindInstance
[Warning: Singleton] Got null in Singleton<DiskCardGame.LifeManager>.FindInstance
[Warning: Singleton] Got null in Singleton<DiskCardGame.TurnManager>.FindInstance
[Warning: Singleton] Got null in Singleton<DiskCardGame.LifeManager>.FindInstance
[Warning: Singleton] Got null in Singleton<DiskCardGame.TurnManager>.FindInstance
[Warning: Singleton] Got null in Singleton<DiskCardGame.LifeManager>.FindInstance
[Warning: Singleton] Got null in Singleton<DiskCardGame.TurnManager>.FindInstance
[Warning: Singleton] Got null in Singleton<DiskCardGame.LifeManager>.FindInstance
[Warning: Singleton] Got null in Singleton<DiskCardGame.TurnManager>.FindInstance
[Warning: Singleton] Got null in Singleton<DiskCardGame.LifeManager>.FindInstance
[Warning: Singleton] Got null in Singleton<DiskCardGame.TurnManager>.FindInstance
[Warning: Singleton] Got null in Singleton<DiskCardGame.LifeManager>.FindInstance
[Warning: Singleton] Got null in Singleton<DiskCardGame.TurnManager>.FindInstance
[Warning: Singleton] Got null in Singleton<DiskCardGame.LifeManager>.FindInstance
[Warning: Singleton] Got null in Singleton<DiskCardGame.TurnManager>.FindInstance
[Warning: Singleton] Got null in Singleton<DiskCardGame.LifeManager>.FindInstance
[Warning: Singleton] Got null in Singleton<DiskCardGame.TurnManager>.FindInstance
[Warning: Singleton] Got null in Singleton<DiskCardGame.LifeManager>.FindInstance
[Warning: Singleton] Got null in Singleton<DiskCardGame.TurnManager>.FindInstance
[Warning: Singleton] Got null in Singleton<DiskCardGame.LifeManager>.FindInstance
[Warning: Singleton] Got null in Singleton<DiskCardGame.TurnManager>.FindInstance
[Warning: Singleton] Got null in Singleton<DiskCardGame.LifeManager>.FindInstance
[Warning: Singleton] Got null in Singleton<DiskCardGame.TurnManager>.FindInstance
[Warning: Singleton] Got null in Singleton<DiskCardGame.LifeManager>.FindInstance
[Warning: Singleton] Got null in Singleton<DiskCardGame.TurnManager>.FindInstance
[Warning: Singleton] Got null in Singleton<DiskCardGame.LifeManager>.FindInstance
[Warning: Singleton] Got null in Singleton<DiskCardGame.TurnManager>.FindInstance
[Warning: Singleton] Got null in Singleton<DiskCardGame.LifeManager>.FindInstance
[Warning: Singleton] Got null in Singleton<DiskCardGame.TurnManager>.FindInstance
[Warning: Singleton] Got null in Singleton<DiskCardGame.LifeManager>.FindInstance
[Warning: Singleton] Got null in Singleton<DiskCardGame.TurnManager>.FindInstance
[Warning: Singleton] Got null in Singleton<DiskCardGame.LifeManager>.FindInstance
[Warning: Singleton] Got null in Singleton<DiskCardGame.TurnManager>.FindInstance
[Warning: Singleton] Got null in Singleton<DiskCardGame.LifeManager>.FindInstance
[Warning: Singleton] Got null in Singleton<DiskCardGame.TurnManager>.FindInstance
[Warning: Singleton] Got null in Singleton<DiskCardGame.LifeManager>.FindInstance
[Warning: Singleton] Got null in Singleton<DiskCardGame.TurnManager>.FindInstance
[Warning: Singleton] Got null in Singleton<DiskCardGame.LifeManager>.FindInstance
[Warning: Singleton] Got null in Singleton<DiskCardGame.TurnManager>.FindInstance
[Warning: Singleton] Got null in Singleton<DiskCardGame.LifeManager>.FindInstance
[Warning: Singleton] Got null in Singleton<DiskCardGame.TurnManager>.FindInstance
[Warning: Singleton] Got null in Singleton<DiskCardGame.LifeManager>.FindInstance
[Warning: Singleton] Got null in Singleton<DiskCardGame.TurnManager>.FindInstance
[Warning: Singleton] Got null in Singleton<DiskCardGame.LifeManager>.FindInstance
[Warning: Singleton] Got null in Singleton<DiskCardGame.TurnManager>.FindInstance
[Warning: Singleton] Got null in Singleton<DiskCardGame.LifeManager>.FindInstance
[Warning: Singleton] Got null in Singleton<DiskCardGame.TurnManager>.FindInstance
[Warning: Singleton] Got null in Singleton<DiskCardGame.LifeManager>.FindInstance
[Warning: Singleton] Got null in Singleton<DiskCardGame.TurnManager>.FindInstance
[Warning: Singleton] Got null in Singleton<DiskCardGame.LifeManager>.FindInstance
[Warning: Singleton] Got null in Singleton<DiskCardGame.TurnManager>.FindInstance
[Warning: Singleton] Got null in Singleton<DiskCardGame.LifeManager>.FindInstance
[Warning: Singleton] Got null in Singleton<DiskCardGame.TurnManager>.FindInstance
[Warning: Singleton] Got null in Singleton<DiskCardGame.LifeManager>.FindInstance
[Warning: Singleton] Got null in Singleton<DiskCardGame.TurnManager>.FindInstance
[Warning: Singleton] Got null in Singleton<DiskCardGame.LifeManager>.FindInstance
[Warning: Singleton] Got null in Singleton<DiskCardGame.TurnManager>.FindInstance
[Warning: Singleton] Got null in Singleton<DiskCardGame.LifeManager>.FindInstance
[Warning: Singleton] Got null in Singleton<DiskCardGame.TurnManager>.FindInstance
[Warning: Singleton] Got null in Singleton<DiskCardGame.LifeManager>.FindInstance
[Warning: Singleton] Got null in Singleton<DiskCardGame.TurnManager>.FindInstance
[Warning: Singleton] Got null in Singleton<DiskCardGame.LifeManager>.FindInstance
[Warning: Singleton] Got null in Singleton<DiskCardGame.TurnManager>.FindInstance
[Warning: Singleton] Got null in Singleton<DiskCardGame.LifeManager>.FindInstance
[Warning: Singleton] Got null in Singleton<DiskCardGame.TurnManager>.FindInstance
[Warning: Singleton] Got null in Singleton<DiskCardGame.LifeManager>.FindInstance
[Warning: Singleton] Got null in Singleton<DiskCardGame.TurnManager>.FindInstance
[Warning: Singleton] Got null in Singleton<DiskCardGame.LifeManager>.FindInstance
[Warning: Singleton] Got null in Singleton<DiskCardGame.TurnManager>.FindInstance
[Warning: Singleton] Got null in Singleton<DiskCardGame.LifeManager>.FindInstance
[Warning: Singleton] Got null in Singleton<DiskCardGame.TurnManager>.FindInstance
[Warning: Singleton] Got null in Singleton<DiskCardGame.LifeManager>.FindInstance
[Warning: Singleton] Got null in Singleton<DiskCardGame.TurnManager>.FindInstance
[Warning: Singleton] Got null in Singleton<DiskCardGame.LifeManager>.FindInstance
[Warning: Singleton] Got null in Singleton<DiskCardGame.TurnManager>.FindInstance
[Warning: Singleton] Got null in Singleton<DiskCardGame.LifeManager>.FindInstance
[Warning: Singleton] Got null in Singleton<DiskCardGame.TurnManager>.FindInstance
[Warning: Singleton] Got null in Singleton<DiskCardGame.LifeManager>.FindInstance
[Warning: Singleton] Got null in Singleton<DiskCardGame.TurnManager>.FindInstance
[Warning: Singleton] Got null in Singleton<DiskCardGame.LifeManager>.FindInstance
[Warning: Singleton] Got null in Singleton<DiskCardGame.TurnManager>.FindInstance
[Warning: Singleton] Got null in Singleton<DiskCardGame.LifeManager>.FindInstance
[Warning: Singleton] Got null in Singleton<DiskCardGame.TurnManager>.FindInstance
[Warning: Singleton] Got null in Singleton<DiskCardGame.LifeManager>.FindInstance
[Warning: Singleton] Got null in Singleton<DiskCardGame.TurnManager>.FindInstance
[Warning: Singleton] Got null in Singleton<DiskCardGame.LifeManager>.FindInstance
[Warning: Singleton] Got null in Singleton<DiskCardGame.TurnManager>.FindInstance
[Warning: Singleton] Got null in Singleton<DiskCardGame.LifeManager>.FindInstance
[Warning: Singleton] Got null in Singleton<DiskCardGame.TurnManager>.FindInstance
[Warning: Singleton] Got null in Singleton<DiskCardGame.LifeManager>.FindInstance
[Warning: Singleton] Got null in Singleton<DiskCardGame.TurnManager>.FindInstance
[Warning: Singleton] Got null in Singleton<DiskCardGame.LifeManager>.FindInstance
[Warning: Singleton] Got null in Singleton<DiskCardGame.TurnManager>.FindInstance
[Warning: Singleton] Got null in Singleton<DiskCardGame.LifeManager>.FindInstance
[Warning: Singleton] Got null in Singleton<DiskCardGame.TurnManager>.FindInstance
[Warning: Singleton] Got null in Singleton<DiskCardGame.LifeManager>.FindInstance
[Warning: Singleton] Got null in Singleton<DiskCardGame.TurnManager>.FindInstance
[Warning: Singleton] Got null in Singleton<DiskCardGame.LifeManager>.FindInstance
[Warning: Singleton] Got null in Singleton<DiskCardGame.TurnManager>.FindInstance
[Warning: Singleton] Got null in Singleton<DiskCardGame.LifeManager>.FindInstance
[Warning: Singleton] Got null in Singleton<DiskCardGame.TurnManager>.FindInstance
[Warning: Singleton] Got null in Singleton<DiskCardGame.LifeManager>.FindInstance
[Warning: Singleton] Got null in Singleton<DiskCardGame.TurnManager>.FindInstance
[Warning: Singleton] Got null in Singleton<DiskCardGame.LifeManager>.FindInstance
[Warning: Singleton] Got null in Singleton<DiskCardGame.TurnManager>.FindInstance
[Warning: Singleton] Got null in Singleton<DiskCardGame.LifeManager>.FindInstance
[Warning: Singleton] Got null in Singleton<DiskCardGame.TurnManager>.FindInstance
[Warning: Singleton] Got null in Singleton<DiskCardGame.LifeManager>.FindInstance
[Warning: Singleton] Got null in Singleton<DiskCardGame.TurnManager>.FindInstance
[Warning: Singleton] Got null in Singleton<DiskCardGame.LifeManager>.FindInstance
[Warning: Singleton] Got null in Singleton<DiskCardGame.TurnManager>.FindInstance
[Warning: Singleton] Got null in Singleton<DiskCardGame.LifeManager>.FindInstance
[Warning: Singleton] Got null in Singleton<DiskCardGame.TurnManager>.FindInstance
[Warning: Singleton] Got null in Singleton<DiskCardGame.LifeManager>.FindInstance
[Warning: Singleton] Got null in Singleton<DiskCardGame.TurnManager>.FindInstance
[Warning: Singleton] Got null in Singleton<DiskCardGame.LifeManager>.FindInstance
[Warning: Singleton] Got null in Singleton<DiskCardGame.TurnManager>.FindInstance
[Warning: Singleton] Got null in Singleton<DiskCardGame.LifeManager>.FindInstance
[Warning: Singleton] Got null in Singleton<DiskCardGame.TurnManager>.FindInstance
[Warning: Singleton] Got null in Singleton<DiskCardGame.LifeManager>.FindInstance
[Warning: Singleton] Got null in Singleton<DiskCardGame.TurnManager>.FindInstance
[Warning: Singleton] Got null in Singleton<DiskCardGame.LifeManager>.FindInstance
[Warning: Singleton] Got null in Singleton<DiskCardGame.TurnManager>.FindInstance
[Warning: Singleton] Got null in Singleton<DiskCardGame.LifeManager>.FindInstance
[Warning: Singleton] Got null in Singleton<DiskCardGame.TurnManager>.FindInstance
[Warning: Singleton] Got null in Singleton<DiskCardGame.LifeManager>.FindInstance
[Warning: Singleton] Got null in Singleton<DiskCardGame.TurnManager>.FindInstance
[Warning: Singleton] Got null in Singleton<DiskCardGame.LifeManager>.FindInstance
[Warning: Singleton] Got null in Singleton<DiskCardGame.TurnManager>.FindInstance
[Warning: Singleton] Got null in Singleton<DiskCardGame.LifeManager>.FindInstance
[Warning: Singleton] Got null in Singleton<DiskCardGame.TurnManager>.FindInstance
[Warning: Singleton] Got null in Singleton<DiskCardGame.LifeManager>.FindInstance
[Warning: Singleton] Got null in Singleton<DiskCardGame.TurnManager>.FindInstance
[Warning: Singleton] Got null in Singleton<DiskCardGame.LifeManager>.FindInstance
[Warning: Singleton] Got null in Singleton<DiskCardGame.TurnManager>.FindInstance
[Warning: Singleton] Got null in Singleton<DiskCardGame.LifeManager>.FindInstance
[Warning: Singleton] Got null in Singleton<DiskCardGame.TurnManager>.FindInstance
[Warning: Singleton] Got null in Singleton<DiskCardGame.LifeManager>.FindInstance
[Warning: Singleton] Got null in Singleton<DiskCardGame.TurnManager>.FindInstance
[Warning: Singleton] Got null in Singleton<DiskCardGame.LifeManager>.FindInstance
[Warning: Singleton] Got null in Singleton<DiskCardGame.TurnManager>.FindInstance
[Warning: Singleton] Got null in Singleton<DiskCardGame.LifeManager>.FindInstance
[Warning: Singleton] Got null in Singleton<DiskCardGame.TurnManager>.FindInstance
[Warning: Singleton] Got null in Singleton<DiskCardGame.LifeManager>.FindInstance
[Warning: Singleton] Got null in Singleton<DiskCardGame.TurnManager>.FindInstance
[Warning: Singleton] Got null in Singleton<DiskCardGame.LifeManager>.FindInstance
[Warning: Singleton] Got null in Singleton<DiskCardGame.TurnManager>.FindInstance
[Warning: Singleton] Got null in Singleton<DiskCardGame.LifeManager>.FindInstance
[Warning: Singleton] Got null in Singleton<DiskCardGame.TurnManager>.FindInstance
[Warning: Singleton] Got null in Singleton<DiskCardGame.LifeManager>.FindInstance
[Warning: Singleton] Got null in Singleton<DiskCardGame.TurnManager>.FindInstance
[Warning: Singleton] Got null in Singleton<DiskCardGame.LifeManager>.FindInstance
[Warning: Singleton] Got null in Singleton<DiskCardGame.TurnManager>.FindInstance
[Warning: Singleton] Got null in Singleton<DiskCardGame.LifeManager>.FindInstance
[Warning: Singleton] Got null in Singleton<DiskCardGame.TurnManager>.FindInstance
[Warning: Singleton] Got null in Singleton<DiskCardGame.LifeManager>.FindInstance
[Warning: Singleton] Got null in Singleton<DiskCardGame.TurnManager>.FindInstance
[Warning: Singleton] Got null in Singleton<DiskCardGame.LifeManager>.FindInstance
[Warning: Singleton] Got null in Singleton<DiskCardGame.TurnManager>.FindInstance
[Warning: Singleton] Got null in Singleton<DiskCardGame.LifeManager>.FindInstance
[Warning: Singleton] Got null in Singleton<DiskCardGame.TurnManager>.FindInstance
[Warning: Singleton] Got null in Singleton<DiskCardGame.LifeManager>.FindInstance
[Warning: Singleton] Got null in Singleton<DiskCardGame.TurnManager>.FindInstance
[Warning: Singleton] Got null in Singleton<DiskCardGame.LifeManager>.FindInstance
[Warning: Singleton] Got null in Singleton<DiskCardGame.TurnManager>.FindInstance
[Warning: Singleton] Got null in Singleton<DiskCardGame.LifeManager>.FindInstance
[Warning: Singleton] Got null in Singleton<DiskCardGame.TurnManager>.FindInstance
[Warning: Singleton] Got null in Singleton<DiskCardGame.LifeManager>.FindInstance
[Warning: Singleton] Got null in Singleton<DiskCardGame.TurnManager>.FindInstance
[Warning: Singleton] Got null in Singleton<DiskCardGame.LifeManager>.FindInstance
[Warning: Singleton] Got null in Singleton<DiskCardGame.TurnManager>.FindInstance
[Warning: Singleton] Got null in Singleton<DiskCardGame.LifeManager>.FindInstance
[Warning: Singleton] Got null in Singleton<DiskCardGame.TurnManager>.FindInstance
[Warning: Singleton] Got null in Singleton<DiskCardGame.LifeManager>.FindInstance
[Warning: Singleton] Got null in Singleton<DiskCardGame.TurnManager>.FindInstance
[Warning: Singleton] Got null in Singleton<DiskCardGame.LifeManager>.FindInstance
[Warning: Singleton] Got null in Singleton<DiskCardGame.TurnManager>.FindInstance
[Warning: Singleton] Got null in Singleton<DiskCardGame.LifeManager>.FindInstance
[Warning: Singleton] Got null in Singleton<DiskCardGame.TurnManager>.FindInstance
[Warning: Singleton] Got null in Singleton<DiskCardGame.LifeManager>.FindInstance
[Warning: Singleton] Got null in Singleton<DiskCardGame.TurnManager>.FindInstance
[Warning: Singleton] Got null in Singleton<DiskCardGame.LifeManager>.FindInstance
[Warning: Singleton] Got null in Singleton<DiskCardGame.TurnManager>.FindInstance
[Warning: Singleton] Got null in Singleton<DiskCardGame.LifeManager>.FindInstance
[Warning: Singleton] Got null in Singleton<DiskCardGame.TurnManager>.FindInstance
[Warning: Singleton] Got null in Singleton<DiskCardGame.LifeManager>.FindInstance
[Warning: Singleton] Got null in Singleton<DiskCardGame.TurnManager>.FindInstance
[Warning: Singleton] Got null in Singleton<DiskCardGame.LifeManager>.FindInstance
[Warning: Singleton] Got null in Singleton<DiskCardGame.TurnManager>.FindInstance
[Warning: Singleton] Got null in Singleton<DiskCardGame.LifeManager>.FindInstance
[Warning: Singleton] Got null in Singleton<DiskCardGame.TurnManager>.FindInstance
[Warning: Singleton] Got null in Singleton<DiskCardGame.LifeManager>.FindInstance
[Warning: Singleton] Got null in Singleton<DiskCardGame.TurnManager>.FindInstance
[Warning: Singleton] Got null in Singleton<DiskCardGame.LifeManager>.FindInstance
[Warning: Singleton] Got null in Singleton<DiskCardGame.TurnManager>.FindInstance
[Warning: Singleton] Got null in Singleton<DiskCardGame.LifeManager>.FindInstance
[Warning: Singleton] Got null in Singleton<DiskCardGame.TurnManager>.FindInstance
[Warning: Singleton] Got null in Singleton<DiskCardGame.LifeManager>.FindInstance
[Warning: Singleton] Got null in Singleton<DiskCardGame.TurnManager>.FindInstance
[Warning: Singleton] Got null in Singleton<DiskCardGame.LifeManager>.FindInstance
[Warning: Singleton] Got null in Singleton<DiskCardGame.TurnManager>.FindInstance
[Warning: Singleton] Got null in Singleton<DiskCardGame.LifeManager>.FindInstance
[Warning: Singleton] Got null in Singleton<DiskCardGame.TurnManager>.FindInstance
[Warning: Singleton] Got null in Singleton<DiskCardGame.LifeManager>.FindInstance
[Warning: Singleton] Got null in Singleton<DiskCardGame.TurnManager>.FindInstance
[Warning: Singleton] Got null in Singleton<DiskCardGame.LifeManager>.FindInstance
[Warning: Singleton] Got null in Singleton<DiskCardGame.TurnManager>.FindInstance
[Warning: Singleton] Got null in Singleton<DiskCardGame.LifeManager>.FindInstance
[Warning: Singleton] Got null in Singleton<DiskCardGame.TurnManager>.FindInstance
[Warning: Singleton] Got null in Singleton<DiskCardGame.LifeManager>.FindInstance
[Warning: Singleton] Got null in Singleton<DiskCardGame.TurnManager>.FindInstance
[Warning: Singleton] Got null in Singleton<DiskCardGame.LifeManager>.FindInstance
[Warning: Singleton] Got null in Singleton<DiskCardGame.TurnManager>.FindInstance
[Warning: Singleton] Got null in Singleton<DiskCardGame.LifeManager>.FindInstance
[Warning: Singleton] Got null in Singleton<DiskCardGame.TurnManager>.FindInstance
[Warning: Singleton] Got null in Singleton<DiskCardGame.LifeManager>.FindInstance
[Warning: Singleton] Got null in Singleton<DiskCardGame.TurnManager>.FindInstance
[Warning: Singleton] Got null in Singleton<DiskCardGame.LifeManager>.FindInstance
[Warning: Singleton] Got null in Singleton<DiskCardGame.TurnManager>.FindInstance
[Warning: Singleton] Got null in Singleton<DiskCardGame.LifeManager>.FindInstance
[Warning: Singleton] Got null in Singleton<DiskCardGame.TurnManager>.FindInstance
[Warning: Singleton] Got null in Singleton<DiskCardGame.LifeManager>.FindInstance
[Warning: Singleton] Got null in Singleton<DiskCardGame.TurnManager>.FindInstance
[Warning: Singleton] Got null in Singleton<DiskCardGame.LifeManager>.FindInstance
[Warning: Singleton] Got null in Singleton<DiskCardGame.TurnManager>.FindInstance
[Warning: Singleton] Got null in Singleton<DiskCardGame.LifeManager>.FindInstance
[Warning: Singleton] Got null in Singleton<DiskCardGame.TurnManager>.FindInstance
[Warning: Singleton] Got null in Singleton<DiskCardGame.LifeManager>.FindInstance
[Warning: Singleton] Got null in Singleton<DiskCardGame.TurnManager>.FindInstance
[Warning: Singleton] Got null in Singleton<DiskCardGame.LifeManager>.FindInstance
[Warning: Singleton] Got null in Singleton<DiskCardGame.TurnManager>.FindInstance
[Warning: Singleton] Got null in Singleton<DiskCardGame.LifeManager>.FindInstance
[Warning: Singleton] Got null in Singleton<DiskCardGame.TurnManager>.FindInstance
[Warning: Singleton] Got null in Singleton<DiskCardGame.LifeManager>.FindInstance
[Warning: Singleton] Got null in Singleton<DiskCardGame.TurnManager>.FindInstance
[Warning: Singleton] Got null in Singleton<DiskCardGame.LifeManager>.FindInstance
[Warning: Singleton] Got null in Singleton<DiskCardGame.TurnManager>.FindInstance
[Warning: Singleton] Got null in Singleton<DiskCardGame.LifeManager>.FindInstance
[Warning: Singleton] Got null in Singleton<DiskCardGame.TurnManager>.FindInstance
[Warning: Singleton] Got null in Singleton<DiskCardGame.LifeManager>.FindInstance
[Warning: Singleton] Got null in Singleton<DiskCardGame.TurnManager>.FindInstance
[Warning: Singleton] Got null in Singleton<DiskCardGame.LifeManager>.FindInstance
[Warning: Singleton] Got null in Singleton<DiskCardGame.TurnManager>.FindInstance
[Warning: Singleton] Got null in Singleton<DiskCardGame.LifeManager>.FindInstance
[Warning: Singleton] Got null in Singleton<DiskCardGame.TurnManager>.FindInstance
[Warning: Singleton] Got null in Singleton<DiskCardGame.LifeManager>.FindInstance
[Warning: Singleton] Got null in Singleton<DiskCardGame.TurnManager>.FindInstance
[Warning: Singleton] Got null in Singleton<DiskCardGame.LifeManager>.FindInstance
[Warning: Singleton] Got null in Singleton<DiskCardGame.TurnManager>.FindInstance
[Warning: Singleton] Got null in Singleton<DiskCardGame.LifeManager>.FindInstance
[Warning: Singleton] Got null in Singleton<DiskCardGame.TurnManager>.FindInstance
[Warning: Singleton] Got null in Singleton<DiskCardGame.LifeManager>.FindInstance
[Warning: Singleton] Got null in Singleton<DiskCardGame.TurnManager>.FindInstance
[Warning: Singleton] Got null in Singleton<DiskCardGame.LifeManager>.FindInstance
[Warning: Singleton] Got null in Singleton<DiskCardGame.TurnManager>.FindInstance
[Warning: Singleton] Got null in Singleton<DiskCardGame.LifeManager>.FindInstance
[Warning: Singleton] Got null in Singleton<DiskCardGame.TurnManager>.FindInstance
[Warning: Singleton] Got null in Singleton<DiskCardGame.LifeManager>.FindInstance
[Warning: Singleton] Got null in Singleton<DiskCardGame.TurnManager>.FindInstance
[Warning: Singleton] Got null in Singleton<DiskCardGame.LifeManager>.FindInstance
[Warning: Singleton] Got null in Singleton<DiskCardGame.TurnManager>.FindInstance
[Warning: Singleton] Got null in Singleton<DiskCardGame.LifeManager>.FindInstance
[Warning: Singleton] Got null in Singleton<DiskCardGame.TurnManager>.FindInstance
[Warning: Singleton] Got null in Singleton<DiskCardGame.LifeManager>.FindInstance
[Warning: Singleton] Got null in Singleton<DiskCardGame.TurnManager>.FindInstance
[Warning: Singleton] Got null in Singleton<DiskCardGame.LifeManager>.FindInstance
[Warning: Singleton] Got null in Singleton<DiskCardGame.TurnManager>.FindInstance
[Warning: Singleton] Got null in Singleton<DiskCardGame.LifeManager>.FindInstance
[Warning: Singleton] Got null in Singleton<DiskCardGame.TurnManager>.FindInstance
[Warning: Singleton] Got null in Singleton<DiskCardGame.LifeManager>.FindInstance
[Warning: Singleton] Got null in Singleton<DiskCardGame.TurnManager>.FindInstance
[Warning: Singleton] Got null in Singleton<DiskCardGame.LifeManager>.FindInstance
[Warning: Singleton] Got null in Singleton<DiskCardGame.TurnManager>.FindInstance
[Warning: Singleton] Got null in Singleton<DiskCardGame.LifeManager>.FindInstance
[Warning: Singleton] Got null in Singleton<DiskCardGame.TurnManager>.FindInstance
[Warning: Singleton] Got null in Singleton<DiskCardGame.LifeManager>.FindInstance
[Warning: Singleton] Got null in Singleton<DiskCardGame.TurnManager>.FindInstance
[Warning: Singleton] Got null in Singleton<DiskCardGame.LifeManager>.FindInstance
[Warning: Singleton] Got null in Singleton<DiskCardGame.TurnManager>.FindInstance
[Warning: Singleton] Got null in Singleton<DiskCardGame.LifeManager>.FindInstance
[Warning: Singleton] Got null in Singleton<DiskCardGame.TurnManager>.FindInstance
[Warning: Singleton] Got null in Singleton<DiskCardGame.LifeManager>.FindInstance
[Warning: Singleton] Got null in Singleton<DiskCardGame.TurnManager>.FindInstance
[Warning: Singleton] Got null in Singleton<DiskCardGame.LifeManager>.FindInstance
[Warning: Singleton] Got null in Singleton<DiskCardGame.TurnManager>.FindInstance
[Warning: Singleton] Got null in Singleton<DiskCardGame.LifeManager>.FindInstance
[Warning: Singleton] Got null in Singleton<DiskCardGame.TurnManager>.FindInstance
[Warning: Singleton] Got null in Singleton<DiskCardGame.LifeManager>.FindInstance
[Warning: Singleton] Got null in Singleton<DiskCardGame.TurnManager>.FindInstance
[Warning: Singleton] Got null in Singleton<DiskCardGame.LifeManager>.FindInstance
[Warning: Singleton] Got null in Singleton<DiskCardGame.TurnManager>.FindInstance
[Warning: Singleton] Got null in Singleton<DiskCardGame.LifeManager>.FindInstance
[Warning: Singleton] Got null in Singleton<DiskCardGame.TurnManager>.FindInstance
[Warning: Singleton] Got null in Singleton<DiskCardGame.LifeManager>.FindInstance
[Warning: Singleton] Got null in Singleton<DiskCardGame.TurnManager>.FindInstance
[Warning: Singleton] Got null in Singleton<DiskCardGame.LifeManager>.FindInstance
[Warning: Singleton] Got null in Singleton<DiskCardGame.TurnManager>.FindInstance
[Warning: Singleton] Got null in Singleton<DiskCardGame.LifeManager>.FindInstance
[Warning: Singleton] Got null in Singleton<DiskCardGame.TurnManager>.FindInstance
[Warning: Singleton] Got null in Singleton<DiskCardGame.LifeManager>.FindInstance
[Warning: Singleton] Got null in Singleton<DiskCardGame.TurnManager>.FindInstance
[Warning: Singleton] Got null in Singleton<DiskCardGame.LifeManager>.FindInstance
[Warning: Singleton] Got null in Singleton<DiskCardGame.TurnManager>.FindInstance
[Warning: Singleton] Got null in Singleton<DiskCardGame.LifeManager>.FindInstance
[Warning: Singleton] Got null in Singleton<DiskCardGame.TurnManager>.FindInstance
[Warning: Singleton] Got null in Singleton<DiskCardGame.LifeManager>.FindInstance
[Warning: Singleton] Got null in Singleton<DiskCardGame.TurnManager>.FindInstance
[Warning: Singleton] Got null in Singleton<DiskCardGame.LifeManager>.FindInstance
[Warning: Singleton] Got null in Singleton<DiskCardGame.TurnManager>.FindInstance
[Warning: Singleton] Got null in Singleton<DiskCardGame.LifeManager>.FindInstance
[Warning: Singleton] Got null in Singleton<DiskCardGame.TurnManager>.FindInstance
[Warning: Singleton] Got null in Singleton<DiskCardGame.LifeManager>.FindInstance
[Warning: Singleton] Got null in Singleton<DiskCardGame.TurnManager>.FindInstance
[Warning: Singleton] Got null in Singleton<DiskCardGame.LifeManager>.FindInstance
[Warning: Singleton] Got null in Singleton<DiskCardGame.TurnManager>.FindInstance
[Warning: Singleton] Got null in Singleton<DiskCardGame.LifeManager>.FindInstance
[Warning: Singleton] Got null in Singleton<DiskCardGame.TurnManager>.FindInstance
[Warning: Singleton] Got null in Singleton<DiskCardGame.LifeManager>.FindInstance
[Warning: Singleton] Got null in Singleton<DiskCardGame.TurnManager>.FindInstance
[Warning: Singleton] Got null in Singleton<DiskCardGame.LifeManager>.FindInstance
[Warning: Singleton] Got null in Singleton<DiskCardGame.TurnManager>.FindInstance
[Warning: Singleton] Got null in Singleton<DiskCardGame.LifeManager>.FindInstance
[Warning: Singleton] Got null in Singleton<DiskCardGame.TurnManager>.FindInstance
[Warning: Singleton] Got null in Singleton<DiskCardGame.LifeManager>.FindInstance
[Warning: Singleton] Got null in Singleton<DiskCardGame.TurnManager>.FindInstance
[Warning: Singleton] Got null in Singleton<DiskCardGame.LifeManager>.FindInstance
[Warning: Singleton] Got null in Singleton<DiskCardGame.TurnManager>.FindInstance
[Warning: Singleton] Got null in Singleton<DiskCardGame.LifeManager>.FindInstance
[Warning: Singleton] Got null in Singleton<DiskCardGame.TurnManager>.FindInstance
[Warning: Singleton] Got null in Singleton<DiskCardGame.LifeManager>.FindInstance
[Warning: Singleton] Got null in Singleton<DiskCardGame.TurnManager>.FindInstance
[Warning: Singleton] Got null in Singleton<DiskCardGame.LifeManager>.FindInstance
[Warning: Singleton] Got null in Singleton<DiskCardGame.TurnManager>.FindInstance
[Warning: Singleton] Got null in Singleton<DiskCardGame.LifeManager>.FindInstance
[Warning: Singleton] Got null in Singleton<DiskCardGame.TurnManager>.FindInstance
[Warning: Singleton] Got null in Singleton<DiskCardGame.LifeManager>.FindInstance
[Warning: Singleton] Got null in Singleton<DiskCardGame.TurnManager>.FindInstance
[Warning: Singleton] Got null in Singleton<DiskCardGame.LifeManager>.FindInstance
[Warning: Singleton] Got null in Singleton<DiskCardGame.TurnManager>.FindInstance
[Warning: Singleton] Got null in Singleton<DiskCardGame.LifeManager>.FindInstance
[Warning: Singleton] Got null in Singleton<DiskCardGame.TurnManager>.FindInstance
[Warning: Singleton] Got null in Singleton<DiskCardGame.LifeManager>.FindInstance
[Warning: Singleton] Got null in Singleton<DiskCardGame.TurnManager>.FindInstance
[Warning: Singleton] Got null in Singleton<DiskCardGame.LifeManager>.FindInstance
[Warning: Singleton] Got null in Singleton<DiskCardGame.TurnManager>.FindInstance
[Warning: Singleton] Got null in Singleton<DiskCardGame.LifeManager>.FindInstance
[Warning: Singleton] Got null in Singleton<DiskCardGame.TurnManager>.FindInstance
[Warning: Singleton] Got null in Singleton<DiskCardGame.LifeManager>.FindInstance
[Warning: Singleton] Got null in Singleton<DiskCardGame.TurnManager>.FindInstance
[Warning: Singleton] Got null in Singleton<DiskCardGame.LifeManager>.FindInstance
[Warning: Singleton] Got null in Singleton<DiskCardGame.TurnManager>.FindInstance
[Warning: Singleton] Got null in Singleton<DiskCardGame.LifeManager>.FindInstance
[Warning: Singleton] Got null in Singleton<DiskCardGame.TurnManager>.FindInstance
[Warning: Singleton] Got null in Singleton<DiskCardGame.LifeManager>.FindInstance
[Warning: Singleton] Got null in Singleton<DiskCardGame.TurnManager>.FindInstance
[Warning: Singleton] Got null in Singleton<DiskCardGame.LifeManager>.FindInstance
[Warning: Singleton] Got null in Singleton<DiskCardGame.TurnManager>.FindInstance
[Warning: Singleton] Got null in Singleton<DiskCardGame.LifeManager>.FindInstance
[Warning: Singleton] Got null in Singleton<DiskCardGame.TurnManager>.FindInstance
[Warning: Singleton] Got null in Singleton<DiskCardGame.LifeManager>.FindInstance
[Warning: Singleton] Got null in Singleton<DiskCardGame.TurnManager>.FindInstance
[Warning: Singleton] Got null in Singleton<DiskCardGame.LifeManager>.FindInstance
[Warning: Singleton] Got null in Singleton<DiskCardGame.TurnManager>.FindInstance
[Warning: Singleton] Got null in Singleton<DiskCardGame.LifeManager>.FindInstance
[Warning: Singleton] Got null in Singleton<DiskCardGame.TurnManager>.FindInstance
[Warning: Singleton] Got null in Singleton<DiskCardGame.LifeManager>.FindInstance
[Warning: Singleton] Got null in Singleton<DiskCardGame.TurnManager>.FindInstance
[Warning: Singleton] Got null in Singleton<DiskCardGame.LifeManager>.FindInstance
[Warning: Singleton] Got null in Singleton<DiskCardGame.TurnManager>.FindInstance
[Warning: Singleton] Got null in Singleton<DiskCardGame.LifeManager>.FindInstance
[Warning: Singleton] Got null in Singleton<DiskCardGame.TurnManager>.FindInstance
[Warning: Singleton] Got null in Singleton<DiskCardGame.LifeManager>.FindInstance
[Warning: Singleton] Got null in Singleton<DiskCardGame.TurnManager>.FindInstance
[Warning: Singleton] Got null in Singleton<DiskCardGame.LifeManager>.FindInstance
[Warning: Singleton] Got null in Singleton<DiskCardGame.TurnManager>.FindInstance
[Warning: Singleton] Got null in Singleton<DiskCardGame.LifeManager>.FindInstance
[Warning: Singleton] Got null in Singleton<DiskCardGame.TurnManager>.FindInstance
[Warning: Singleton] Got null in Singleton<DiskCardGame.LifeManager>.FindInstance
[Warning: Singleton] Got null in Singleton<DiskCardGame.TurnManager>.FindInstance
[Warning: Singleton] Got null in Singleton<DiskCardGame.LifeManager>.FindInstance
[Warning: Singleton] Got null in Singleton<DiskCardGame.TurnManager>.FindInstance
[Warning: Singleton] Got null in Singleton<DiskCardGame.LifeManager>.FindInstance
[Warning: Singleton] Got null in Singleton<DiskCardGame.TurnManager>.FindInstance
[Warning: Singleton] Got null in Singleton<DiskCardGame.LifeManager>.FindInstance
[Warning: Singleton] Got null in Singleton<DiskCardGame.TurnManager>.FindInstance
[Warning: Singleton] Got null in Singleton<DiskCardGame.LifeManager>.FindInstance
[Warning: Singleton] Got null in Singleton<DiskCardGame.TurnManager>.FindInstance
[Warning: Singleton] Got null in Singleton<DiskCardGame.LifeManager>.FindInstance
[Warning: Singleton] Got null in Singleton<DiskCardGame.TurnManager>.FindInstance
[Warning: Singleton] Got null in Singleton<DiskCardGame.LifeManager>.FindInstance
[Warning: Singleton] Got null in Singleton<DiskCardGame.TurnManager>.FindInstance
[Warning: Singleton] Got null in Singleton<DiskCardGame.LifeManager>.FindInstance
[Warning: Singleton] Got null in Singleton<DiskCardGame.TurnManager>.FindInstance
[Warning: Singleton] Got null in Singleton<DiskCardGame.LifeManager>.FindInstance
[Warning: Singleton] Got null in Singleton<DiskCardGame.TurnManager>.FindInstance
[Info   : KayceePvP] Lobby: run starting, shared map seed = 20260727, matchId = 969324717, mapMode = Battles, names=[gustavo]/[jp]
[Warning: Singleton] Got null in Singleton<DiskCardGame.LifeManager>.FindInstance
[Info   : KayceePvP] Lobby ready - starting PvP run with shared map seed 20260727, matchId 969324717, mapMode Battles (host goes first: False).
[Info   :InscryptionAPI] Forest
[Info   :InscryptionAPI] Wetlands
[Info   :InscryptionAPI] Alpine
[Info   : KayceePvP] PvP: filtered 4 card occurrence(s) (Kraken/tentacle/Hydra/Ijiraq) out of a card pool (57 -> 53).
[Info   : KayceePvP] RunSetup: granted starting totem heads for this run.
[Warning: Singleton] Got null in Singleton<DiskCardGame.TurnManager>.FindInstance
[Warning: Singleton] Got null in Singleton<DiskCardGame.LifeManager>.FindInstance
[Warning: Singleton] Got null in Singleton<DiskCardGame.TurnManager>.FindInstance
[Warning: Singleton] Got null in Singleton<DiskCardGame.LifeManager>.FindInstance
[Warning: Singleton] Got null in Singleton<DiskCardGame.TurnManager>.FindInstance
[Warning: Singleton] Got null in Singleton<DiskCardGame.LifeManager>.FindInstance
[Warning: Singleton] Got null in Singleton<DiskCardGame.TurnManager>.FindInstance
[Warning: Singleton] Got null in Singleton<DiskCardGame.LifeManager>.FindInstance
[Warning: Singleton] Got null in Singleton<DiskCardGame.TurnManager>.FindInstance
[Warning: Singleton] Got null in Singleton<DiskCardGame.LifeManager>.FindInstance
[Warning: Singleton] Got null in Singleton<DiskCardGame.TurnManager>.FindInstance
[Warning: Singleton] Got null in Singleton<DiskCardGame.LifeManager>.FindInstance
[Warning: Singleton] Got null in Singleton<DiskCardGame.TurnManager>.FindInstance
[Warning: Singleton] Got null in Singleton<DiskCardGame.LifeManager>.FindInstance
[Warning: Singleton] Got null in Singleton<DiskCardGame.TurnManager>.FindInstance
[Warning: Singleton] Got null in Singleton<DiskCardGame.LifeManager>.FindInstance
[Warning: Singleton] Got null in Singleton<DiskCardGame.TurnManager>.FindInstance
[Warning: Singleton] Got null in Singleton<DiskCardGame.LifeManager>.FindInstance
[Warning: Singleton] Got null in Singleton<DiskCardGame.TurnManager>.FindInstance
[Warning: Singleton] Got null in Singleton<DiskCardGame.LifeManager>.FindInstance
[Warning: Singleton] Got null in Singleton<DiskCardGame.TurnManager>.FindInstance
[Warning: Singleton] Got null in Singleton<DiskCardGame.LifeManager>.FindInstance
[Warning: Singleton] Got null in Singleton<DiskCardGame.TurnManager>.FindInstance
[Warning: Singleton] Got null in Singleton<DiskCardGame.LifeManager>.FindInstance
[Warning: Singleton] Got null in Singleton<DiskCardGame.TurnManager>.FindInstance
[Warning: Singleton] Got null in Singleton<DiskCardGame.LifeManager>.FindInstance
[Info   : Unity Log] Test save file:
[Info   : Unity Log] DiskCardGame.StoryEventsData
[Warning: Singleton] Got null in Singleton<DiskCardGame.TurnManager>.FindInstance
[Warning: Singleton] Got null in Singleton<DiskCardGame.LifeManager>.FindInstance
[Warning: Singleton] Got null in Singleton<DiskCardGame.TurnManager>.FindInstance
[Warning: Singleton] Got null in Singleton<DiskCardGame.LifeManager>.FindInstance
[Warning: Singleton] Got null in Singleton<DiskCardGame.TurnManager>.FindInstance
[Warning: Singleton] Got null in Singleton<DiskCardGame.LifeManager>.FindInstance
[Warning: Singleton] Got null in Singleton<DiskCardGame.TurnManager>.FindInstance
[Warning: Singleton] Got null in Singleton<DiskCardGame.LifeManager>.FindInstance
[Warning: Singleton] Got null in Singleton<DiskCardGame.TurnManager>.FindInstance
[Warning: Singleton] Got null in Singleton<DiskCardGame.LifeManager>.FindInstance
[Warning: Singleton] Got null in Singleton<DiskCardGame.TurnManager>.FindInstance
[Warning: Singleton] Got null in Singleton<DiskCardGame.LifeManager>.FindInstance
[Warning: Singleton] Got null in Singleton<DiskCardGame.TurnManager>.FindInstance
[Warning: Singleton] Got null in Singleton<DiskCardGame.LifeManager>.FindInstance
[Warning: Singleton] Got null in Singleton<DiskCardGame.TurnManager>.FindInstance
[Warning: Singleton] Got null in Singleton<DiskCardGame.LifeManager>.FindInstance
[Warning: Singleton] Got null in Singleton<DiskCardGame.TurnManager>.FindInstance
[Warning: Singleton] Got null in Singleton<DiskCardGame.LifeManager>.FindInstance
[Warning: Singleton] Got null in Singleton<DiskCardGame.TurnManager>.FindInstance
[Warning: Singleton] Got null in Singleton<DiskCardGame.LifeManager>.FindInstance
[Warning: Singleton] Got null in Singleton<DiskCardGame.TurnManager>.FindInstance
[Warning: Singleton] Got null in Singleton<DiskCardGame.LifeManager>.FindInstance
[Warning: Singleton] Got null in Singleton<DiskCardGame.TurnManager>.FindInstance
[Warning: Singleton] Got null in Singleton<DiskCardGame.LifeManager>.FindInstance
[Warning: Singleton] Got null in Singleton<DiskCardGame.TurnManager>.FindInstance
[Warning: Singleton] Got null in Singleton<DiskCardGame.LifeManager>.FindInstance
[Warning: Singleton] Got null in Singleton<DiskCardGame.TurnManager>.FindInstance
[Warning: Singleton] Got null in Singleton<DiskCardGame.LifeManager>.FindInstance
[Warning: Singleton] Got null in Singleton<DiskCardGame.TurnManager>.FindInstance
[Warning: Singleton] Got null in Singleton<DiskCardGame.LifeManager>.FindInstance
[Warning: Singleton] Got null in Singleton<DiskCardGame.TurnManager>.FindInstance
[Warning: Singleton] Got null in Singleton<DiskCardGame.LifeManager>.FindInstance
[Warning: Singleton] Got null in Singleton<DiskCardGame.TurnManager>.FindInstance
[Warning: Singleton] Got null in Singleton<DiskCardGame.LifeManager>.FindInstance
[Warning: Singleton] Got null in Singleton<DiskCardGame.TurnManager>.FindInstance
[Warning: Singleton] Got null in Singleton<DiskCardGame.LifeManager>.FindInstance
[Warning: Singleton] Got null in Singleton<DiskCardGame.TurnManager>.FindInstance
[Warning: Singleton] Got null in Singleton<DiskCardGame.LifeManager>.FindInstance
[Warning: Singleton] Got null in Singleton<DiskCardGame.TurnManager>.FindInstance
[Warning: Singleton] Got null in Singleton<DiskCardGame.LifeManager>.FindInstance
[Warning: Singleton] Got null in Singleton<DiskCardGame.TurnManager>.FindInstance
[Warning: Singleton] Got null in Singleton<DiskCardGame.LifeManager>.FindInstance
[Warning: Singleton] Got null in Singleton<DiskCardGame.TurnManager>.FindInstance
[Warning: Singleton] Got null in Singleton<DiskCardGame.LifeManager>.FindInstance
[Warning: Singleton] Got null in Singleton<DiskCardGame.TurnManager>.FindInstance
[Warning: Singleton] Got null in Singleton<DiskCardGame.LifeManager>.FindInstance
[Warning: Singleton] Got null in Singleton<DiskCardGame.TurnManager>.FindInstance
[Warning: Singleton] Got null in Singleton<DiskCardGame.LifeManager>.FindInstance
[Warning: Singleton] Got null in Singleton<DiskCardGame.TurnManager>.FindInstance
[Warning: Singleton] Got null in Singleton<DiskCardGame.LifeManager>.FindInstance
[Warning: Singleton] Got null in Singleton<DiskCardGame.TurnManager>.FindInstance
[Warning: Singleton] Got null in Singleton<DiskCardGame.LifeManager>.FindInstance
[Warning: Singleton] Got null in Singleton<DiskCardGame.TurnManager>.FindInstance
[Warning: Singleton] Got null in Singleton<DiskCardGame.LifeManager>.FindInstance
[Warning: Singleton] Got null in Singleton<DiskCardGame.TurnManager>.FindInstance
[Warning: Singleton] Got null in Singleton<DiskCardGame.LifeManager>.FindInstance
[Warning: Singleton] Got null in Singleton<DiskCardGame.TurnManager>.FindInstance
[Warning: Singleton] Got null in Singleton<DiskCardGame.LifeManager>.FindInstance
[Warning: Singleton] Got null in Singleton<DiskCardGame.TurnManager>.FindInstance
[Warning: Singleton] Got null in Singleton<DiskCardGame.LifeManager>.FindInstance
[Warning: Singleton] Got null in Singleton<DiskCardGame.TurnManager>.FindInstance
[Warning: Singleton] Got null in Singleton<DiskCardGame.LifeManager>.FindInstance
[Warning: Singleton] Got null in Singleton<DiskCardGame.TurnManager>.FindInstance
[Warning: Singleton] Got null in Singleton<DiskCardGame.LifeManager>.FindInstance
[Warning: Singleton] Got null in Singleton<DiskCardGame.TurnManager>.FindInstance
[Warning: Singleton] Got null in Singleton<DiskCardGame.LifeManager>.FindInstance
[Warning: Singleton] Got null in Singleton<DiskCardGame.TurnManager>.FindInstance
[Warning: Singleton] Got null in Singleton<DiskCardGame.LifeManager>.FindInstance
[Warning: Singleton] Got null in Singleton<DiskCardGame.TurnManager>.FindInstance
[Warning: Singleton] Got null in Singleton<DiskCardGame.LifeManager>.FindInstance
[Warning: Singleton] Got null in Singleton<DiskCardGame.TurnManager>.FindInstance
[Warning: Singleton] Got null in Singleton<DiskCardGame.LifeManager>.FindInstance
[Warning: Singleton] Got null in Singleton<DiskCardGame.TurnManager>.FindInstance
[Warning: Singleton] Got null in Singleton<DiskCardGame.LifeManager>.FindInstance
[Warning: Singleton] Got null in Singleton<DiskCardGame.TurnManager>.FindInstance
[Warning: Singleton] Got null in Singleton<DiskCardGame.LifeManager>.FindInstance
[Warning: Singleton] Got null in Singleton<DiskCardGame.TurnManager>.FindInstance
[Warning: Singleton] Got null in Singleton<DiskCardGame.LifeManager>.FindInstance
[Warning: Singleton] Got null in Singleton<DiskCardGame.TurnManager>.FindInstance
[Warning: Singleton] Got null in Singleton<DiskCardGame.LifeManager>.FindInstance
[Warning: Singleton] Got null in Singleton<DiskCardGame.TurnManager>.FindInstance
[Warning: Singleton] Got null in Singleton<DiskCardGame.LifeManager>.FindInstance
[Warning: Singleton] Got null in Singleton<DiskCardGame.TurnManager>.FindInstance
[Warning: Singleton] Got null in Singleton<DiskCardGame.LifeManager>.FindInstance
[Warning: Singleton] Got null in Singleton<DiskCardGame.TurnManager>.FindInstance
[Warning: Singleton] Got null in Singleton<DiskCardGame.LifeManager>.FindInstance
[Warning: Singleton] Got null in Singleton<DiskCardGame.TurnManager>.FindInstance
[Warning: Singleton] Got null in Singleton<DiskCardGame.LifeManager>.FindInstance
[Warning: Singleton] Got null in Singleton<DiskCardGame.TurnManager>.FindInstance
[Warning: Singleton] Got null in Singleton<DiskCardGame.LifeManager>.FindInstance
[Warning: Singleton] Got null in Singleton<DiskCardGame.TurnManager>.FindInstance
[Warning: Singleton] Got null in Singleton<DiskCardGame.LifeManager>.FindInstance
[Warning: Singleton] Got null in Singleton<DiskCardGame.TurnManager>.FindInstance
[Warning: Singleton] Got null in Singleton<DiskCardGame.LifeManager>.FindInstance
[Warning: Singleton] Got null in Singleton<DiskCardGame.TurnManager>.FindInstance
[Warning: Singleton] Got null in Singleton<DiskCardGame.LifeManager>.FindInstance
[Warning: Singleton] Got null in Singleton<DiskCardGame.TurnManager>.FindInstance
[Warning: Singleton] Got null in Singleton<DiskCardGame.LifeManager>.FindInstance
[Warning: Singleton] Got null in Singleton<DiskCardGame.TurnManager>.FindInstance
[Warning: Singleton] Got null in Singleton<DiskCardGame.LifeManager>.FindInstance
[Warning: Singleton] Got null in Singleton<DiskCardGame.TurnManager>.FindInstance
[Warning: Singleton] Got null in Singleton<DiskCardGame.LifeManager>.FindInstance
[Warning: Singleton] Got null in Singleton<DiskCardGame.TurnManager>.FindInstance
[Warning: Singleton] Got null in Singleton<DiskCardGame.LifeManager>.FindInstance
[Warning: Singleton] Got null in Singleton<DiskCardGame.TurnManager>.FindInstance
[Warning: Singleton] Got null in Singleton<DiskCardGame.LifeManager>.FindInstance
[Warning: Singleton] Got null in Singleton<DiskCardGame.TurnManager>.FindInstance
[Warning: Singleton] Got null in Singleton<DiskCardGame.LifeManager>.FindInstance
[Warning: Singleton] Got null in Singleton<DiskCardGame.TurnManager>.FindInstance
[Warning: Singleton] Got null in Singleton<DiskCardGame.LifeManager>.FindInstance
[Warning: Singleton] Got null in Singleton<DiskCardGame.TurnManager>.FindInstance
[Warning: Singleton] Got null in Singleton<DiskCardGame.LifeManager>.FindInstance
[Warning: Singleton] Got null in Singleton<DiskCardGame.TurnManager>.FindInstance
[Warning: Singleton] Got null in Singleton<DiskCardGame.LifeManager>.FindInstance
[Warning: Singleton] Got null in Singleton<DiskCardGame.TurnManager>.FindInstance
[Warning: Singleton] Got null in Singleton<DiskCardGame.LifeManager>.FindInstance
[Warning: Singleton] Got null in Singleton<DiskCardGame.TurnManager>.FindInstance
[Warning: Singleton] Got null in Singleton<DiskCardGame.LifeManager>.FindInstance
[Warning: Singleton] Got null in Singleton<DiskCardGame.TurnManager>.FindInstance
[Warning: Singleton] Got null in Singleton<DiskCardGame.LifeManager>.FindInstance
[Warning: Singleton] Got null in Singleton<DiskCardGame.TurnManager>.FindInstance
[Warning: Singleton] Got null in Singleton<DiskCardGame.LifeManager>.FindInstance
[Warning: Singleton] Got null in Singleton<DiskCardGame.TurnManager>.FindInstance
[Warning: Singleton] Got null in Singleton<DiskCardGame.LifeManager>.FindInstance
[Warning: Singleton] Got null in Singleton<DiskCardGame.TurnManager>.FindInstance
[Warning: Singleton] Got null in Singleton<DiskCardGame.LifeManager>.FindInstance
[Warning: Singleton] Got null in Singleton<DiskCardGame.TurnManager>.FindInstance
[Warning: Singleton] Got null in Singleton<DiskCardGame.LifeManager>.FindInstance
[Warning: Singleton] Got null in Singleton<DiskCardGame.TurnManager>.FindInstance
[Warning: Singleton] Got null in Singleton<DiskCardGame.LifeManager>.FindInstance
[Warning: Singleton] Got null in Singleton<DiskCardGame.TurnManager>.FindInstance
[Warning: Singleton] Got null in Singleton<DiskCardGame.LifeManager>.FindInstance
[Warning: Singleton] Got null in Singleton<DiskCardGame.TurnManager>.FindInstance
[Warning: Singleton] Got null in Singleton<DiskCardGame.LifeManager>.FindInstance
[Warning: Singleton] Got null in Singleton<DiskCardGame.TurnManager>.FindInstance
[Warning: Singleton] Got null in Singleton<DiskCardGame.LifeManager>.FindInstance
[Warning: Singleton] Got null in Singleton<DiskCardGame.TurnManager>.FindInstance
[Warning: Singleton] Got null in Singleton<DiskCardGame.LifeManager>.FindInstance
[Warning: Singleton] Got null in Singleton<DiskCardGame.TurnManager>.FindInstance
[Warning: Singleton] Got null in Singleton<DiskCardGame.LifeManager>.FindInstance
[Warning: Singleton] Got null in Singleton<DiskCardGame.TurnManager>.FindInstance
[Warning: Singleton] Got null in Singleton<DiskCardGame.LifeManager>.FindInstance
[Warning: Singleton] Got null in Singleton<DiskCardGame.TurnManager>.FindInstance
[Warning: Singleton] Got null in Singleton<DiskCardGame.LifeManager>.FindInstance
[Warning: Singleton] Got null in Singleton<DiskCardGame.TurnManager>.FindInstance
[Warning: Singleton] Got null in Singleton<DiskCardGame.LifeManager>.FindInstance
[Warning: Singleton] Got null in Singleton<DiskCardGame.TurnManager>.FindInstance
[Warning: Singleton] Got null in Singleton<DiskCardGame.LifeManager>.FindInstance
[Warning: Singleton] Got null in Singleton<DiskCardGame.TurnManager>.FindInstance
[Warning: Singleton] Got null in Singleton<DiskCardGame.LifeManager>.FindInstance
[Warning: Singleton] Got null in Singleton<DiskCardGame.TurnManager>.FindInstance
[Warning: Singleton] Got null in Singleton<DiskCardGame.LifeManager>.FindInstance
[Warning: Singleton] Got null in Singleton<DiskCardGame.TurnManager>.FindInstance
[Warning: Singleton] Got null in Singleton<DiskCardGame.LifeManager>.FindInstance
[Warning: Singleton] Got null in Singleton<DiskCardGame.TurnManager>.FindInstance
[Warning: Singleton] Got null in Singleton<DiskCardGame.LifeManager>.FindInstance
[Warning: Singleton] Got null in Singleton<DiskCardGame.TurnManager>.FindInstance
[Warning: Singleton] Got null in Singleton<DiskCardGame.LifeManager>.FindInstance
[Warning: Singleton] Got null in Singleton<DiskCardGame.TurnManager>.FindInstance
[Warning: Singleton] Got null in Singleton<DiskCardGame.LifeManager>.FindInstance
[Warning: Singleton] Got null in Singleton<DiskCardGame.TurnManager>.FindInstance
[Warning: Singleton] Got null in Singleton<DiskCardGame.LifeManager>.FindInstance
[Warning: Singleton] Got null in Singleton<DiskCardGame.TurnManager>.FindInstance
[Warning: Singleton] Got null in Singleton<DiskCardGame.LifeManager>.FindInstance
[Warning: Singleton] Got null in Singleton<DiskCardGame.TurnManager>.FindInstance
[Warning: Singleton] Got null in Singleton<DiskCardGame.LifeManager>.FindInstance
[Warning: Singleton] Got null in Singleton<DiskCardGame.TurnManager>.FindInstance
[Warning: Singleton] Got null in Singleton<DiskCardGame.LifeManager>.FindInstance
[Warning: Singleton] Got null in Singleton<DiskCardGame.TurnManager>.FindInstance
[Warning: Singleton] Got null in Singleton<DiskCardGame.LifeManager>.FindInstance
[Warning: Singleton] Got null in Singleton<DiskCardGame.TurnManager>.FindInstance
[Warning: Singleton] Got null in Singleton<DiskCardGame.LifeManager>.FindInstance
[Warning: Singleton] Got null in Singleton<DiskCardGame.TurnManager>.FindInstance
[Warning: Singleton] Got null in Singleton<DiskCardGame.LifeManager>.FindInstance
[Warning: Singleton] Got null in Singleton<DiskCardGame.TurnManager>.FindInstance
[Warning: Singleton] Got null in Singleton<DiskCardGame.LifeManager>.FindInstance
[Warning: Singleton] Got null in Singleton<DiskCardGame.TurnManager>.FindInstance
[Warning: Singleton] Got null in Singleton<DiskCardGame.LifeManager>.FindInstance
[Warning: Singleton] Got null in Singleton<DiskCardGame.TurnManager>.FindInstance
[Warning: Singleton] Got null in Singleton<DiskCardGame.LifeManager>.FindInstance
[Warning: Singleton] Got null in Singleton<DiskCardGame.TurnManager>.FindInstance
[Warning: Singleton] Got null in Singleton<DiskCardGame.LifeManager>.FindInstance
[Warning: Singleton] Got null in Singleton<DiskCardGame.TurnManager>.FindInstance
[Warning: Singleton] Got null in Singleton<DiskCardGame.LifeManager>.FindInstance
[Warning: Singleton] Got null in Singleton<DiskCardGame.TurnManager>.FindInstance
[Warning: Singleton] Got null in Singleton<DiskCardGame.LifeManager>.FindInstance
[Warning: Singleton] Got null in Singleton<DiskCardGame.TurnManager>.FindInstance
[Warning: Singleton] Got null in Singleton<DiskCardGame.LifeManager>.FindInstance
[Warning: Singleton] Got null in Singleton<DiskCardGame.TurnManager>.FindInstance
[Warning: Singleton] Got null in Singleton<DiskCardGame.LifeManager>.FindInstance
[Warning: Singleton] Got null in Singleton<DiskCardGame.TurnManager>.FindInstance
[Warning: Singleton] Got null in Singleton<DiskCardGame.LifeManager>.FindInstance
[Warning: Singleton] Got null in Singleton<DiskCardGame.TurnManager>.FindInstance
[Warning: Singleton] Got null in Singleton<DiskCardGame.LifeManager>.FindInstance
[Warning: Singleton] Got null in Singleton<DiskCardGame.TurnManager>.FindInstance
[Warning: Singleton] Got null in Singleton<DiskCardGame.LifeManager>.FindInstance
[Warning: Singleton] Got null in Singleton<DiskCardGame.TurnManager>.FindInstance
[Warning: Singleton] Got null in Singleton<DiskCardGame.LifeManager>.FindInstance
[Warning: Singleton] Got null in Singleton<DiskCardGame.TurnManager>.FindInstance
[Warning: Singleton] Got null in Singleton<DiskCardGame.LifeManager>.FindInstance
[Warning: Singleton] Got null in Singleton<DiskCardGame.TurnManager>.FindInstance
[Warning: Singleton] Got null in Singleton<DiskCardGame.LifeManager>.FindInstance
[Warning: Singleton] Got null in Singleton<DiskCardGame.TurnManager>.FindInstance
[Warning: Singleton] Got null in Singleton<DiskCardGame.LifeManager>.FindInstance
[Warning: Singleton] Got null in Singleton<DiskCardGame.TurnManager>.FindInstance
[Warning: Singleton] Got null in Singleton<DiskCardGame.LifeManager>.FindInstance
[Warning: Singleton] Got null in Singleton<DiskCardGame.TurnManager>.FindInstance
[Warning: Singleton] Got null in Singleton<DiskCardGame.LifeManager>.FindInstance
[Warning: Singleton] Got null in Singleton<DiskCardGame.TurnManager>.FindInstance
[Warning: Singleton] Got null in Singleton<DiskCardGame.LifeManager>.FindInstance
[Warning: Singleton] Got null in Singleton<DiskCardGame.TurnManager>.FindInstance
[Warning: Singleton] Got null in Singleton<DiskCardGame.LifeManager>.FindInstance
[Warning: Singleton] Got null in Singleton<DiskCardGame.TurnManager>.FindInstance
[Warning: Singleton] Got null in Singleton<DiskCardGame.LifeManager>.FindInstance
[Warning: Singleton] Got null in Singleton<DiskCardGame.TurnManager>.FindInstance
[Warning: Singleton] Got null in Singleton<DiskCardGame.LifeManager>.FindInstance
[Warning: Singleton] Got null in Singleton<DiskCardGame.TurnManager>.FindInstance
[Warning: Singleton] Got null in Singleton<DiskCardGame.LifeManager>.FindInstance
[Warning: Singleton] Got null in Singleton<DiskCardGame.TurnManager>.FindInstance
[Warning: Singleton] Got null in Singleton<DiskCardGame.LifeManager>.FindInstance
[Warning: Singleton] Got null in Singleton<DiskCardGame.TurnManager>.FindInstance
[Warning: Singleton] Got null in Singleton<DiskCardGame.LifeManager>.FindInstance
[Warning: Singleton] Got null in Singleton<DiskCardGame.TurnManager>.FindInstance
[Warning: Singleton] Got null in Singleton<DiskCardGame.LifeManager>.FindInstance
[Warning: Singleton] Got null in Singleton<DiskCardGame.TurnManager>.FindInstance
[Warning: Singleton] Got null in Singleton<DiskCardGame.LifeManager>.FindInstance
[Warning: Singleton] Got null in Singleton<DiskCardGame.TurnManager>.FindInstance
[Warning: Singleton] Got null in Singleton<DiskCardGame.LifeManager>.FindInstance
[Warning: Singleton] Got null in Singleton<DiskCardGame.TurnManager>.FindInstance
[Warning: Singleton] Got null in Singleton<DiskCardGame.LifeManager>.FindInstance
[Warning: Singleton] Got null in Singleton<DiskCardGame.TurnManager>.FindInstance
[Warning: Singleton] Got null in Singleton<DiskCardGame.LifeManager>.FindInstance
[Warning: Singleton] Got null in Singleton<DiskCardGame.TurnManager>.FindInstance
[Warning: Singleton] Got null in Singleton<DiskCardGame.LifeManager>.FindInstance
[Warning: Singleton] Got null in Singleton<DiskCardGame.TurnManager>.FindInstance
[Warning: Singleton] Got null in Singleton<DiskCardGame.LifeManager>.FindInstance
[Warning: Singleton] Got null in Singleton<DiskCardGame.TurnManager>.FindInstance
[Warning: Singleton] Got null in Singleton<DiskCardGame.LifeManager>.FindInstance
[Warning: Singleton] Got null in Singleton<DiskCardGame.TurnManager>.FindInstance
[Warning: Singleton] Got null in Singleton<DiskCardGame.LifeManager>.FindInstance
[Debug  :InscryptionCommunityPatch] Card pool has Energy cards? False. Card pool has Gem cards? False.
[Info   : KayceePvP] Duel (totem): RunState.Run.totems changed | SELF=PEER count=0 totemTops=5 totemBottoms=0 assembled=[]
[Warning: Singleton] Got null in Singleton<DiskCardGame.MapNodeManager>.FindInstance
[Warning: Singleton] Got null in Singleton<DiskCardGame.MapNodeManager>.FindInstance
[Error  : Unity Log] ArgumentOutOfRangeException: Index was out of range. Must be non-negative and less than the size of the collection.
Parameter name: index
Stack trace:
System.ThrowHelper.ThrowArgumentOutOfRangeException (System.ExceptionArgument argument, System.ExceptionResource resource) (at <44afb4564e9347cf99a1865351ea8f4a>:0)
System.ThrowHelper.ThrowArgumentOutOfRangeException () (at <44afb4564e9347cf99a1865351ea8f4a>:0)
AnimatingSprite.SetFrame (System.Int32 frameIndex) (at <4bde92741da1454db82522c215e393a6>:0)
AnimatingSprite.IterateFrame () (at <4bde92741da1454db82522c215e393a6>:0)
AnimatingSprite.ManagedUpdate () (at <4bde92741da1454db82522c215e393a6>:0)
FrameLoopManager.ExecuteIteration (FrameLoopManager+IterationType type) (at <4bde92741da1454db82522c215e393a6>:0)
FrameLoopManager.Update () (at <4bde92741da1454db82522c215e393a6>:0)

[Info   : KayceePvP] PvP: filtered 3 card occurrence(s) (Kraken/tentacle/Hydra/Ijiraq) out of a card pool (56 -> 53).
[Info   : KayceePvP] PvP: filtered 3 card occurrence(s) (Kraken/tentacle/Hydra/Ijiraq) out of a card pool (56 -> 53).
[Info   : KayceePvP] PvP: filtered 3 card occurrence(s) (Kraken/tentacle/Hydra/Ijiraq) out of a card pool (55 -> 52).
[Info   : KayceePvP] PvP: filtered 3 card occurrence(s) (Kraken/tentacle/Hydra/Ijiraq) out of a card pool (55 -> 52).
[Info   : KayceePvP] Card mutation: Amoeba -> Alpha Amoeba (add=[BuffNeighbours] negate=[RandomAbility]).
[Info   : KayceePvP] Card mutation: PackRat -> Curious Rat (add=[Tutor] negate=[RandomConsumable+RandomAbility]).
[Info   : KayceePvP] PvP: filtered 4 card occurrence(s) (Kraken/tentacle/Hydra/Ijiraq) out of a card pool (20 -> 16).
[Info   : KayceePvP] Card mutation: Amoeba -> Alpha Amoeba (add=[BuffNeighbours] negate=[RandomAbility]).
[Info   : KayceePvP] Card mutation: PackRat -> Curious Rat (add=[Tutor] negate=[RandomConsumable+RandomAbility]).
[Info   : KayceePvP] PvP: filtered 4 card occurrence(s) (Kraken/tentacle/Hydra/Ijiraq) out of a card pool (20 -> 16).
[Info   : KayceePvP] PvP: blocked FishHookItem; only one SquirrelBottle is permitted during the duel.
